15:39:24 <INFO> Started REINVENT 4.8.24 (C) AstraZeneca 2017, 2023 on 2026-10-06
15:39:24 <INFO> Command line: /home/wouter/reinvent4/bin/reinvent -l scoring_baseline.log ./scoring/QoIs_baseline.toml
15:39:24 <INFO> Reading run configuration from /home/wouter/VECMA/GLAS/scoring/QoIs_baseline.toml using format toml
15:39:24 <INFO> User wouter on host wouter-XPS-13-7390
15:39:24 <INFO> Python version 3.12.3
15:39:24 <INFO> PyTorch version 2.12.0+cpu git 7661cd9c6b841b62b7f411aa52ec51f05457263b
15:39:24 <INFO> PyTorch compiled with None
15:39:24 <INFO> RDKit version 2026.03.4
15:39:24 <INFO> Platform Linux-6.8.0-142-generic-x86_64-with-glibc2.39
15:39:24 <INFO> Using CPU x86_64
15:39:24 <INFO> Writing JSON config file to /home/wouter/VECMA/GLAS/_scoring.json
15:39:24 <INFO> Scoring SMILES from file /home/wouter/VECMA/GLAS/scoring/smiles_baseline.smi
15:39:24 <INFO> Standardizing input SMILES
15:39:24 <INFO> Applying filter get_largest_fragment to input SMILES
15:39:24 <INFO> Applying filter general_cleanup to input SMILES
15:39:24 <INFO> Stereochemistry kept in input SMILES
15:39:24 <WARN> "get_largest_fragment" filter: CC(C)(C)c1cc2N(C=C(COCc3cccc(Cl)c3)C(=O)NC(Cc3cccc(c3)C(F)(F)F)C(=O)NCCc3ccccc3)=C(C)c2c(O)c1C#N is invalid
15:39:24 <WARN> "general_cleanup" filter: CC(C)(C)c1cc2N(C=C(COCc3cccc(Cl)c3)C(=O)NC(Cc3cccc(c3)C(F)(F)F)C(=O)NCCc3ccccc3)=C(C)c2c(O)c1C#N is invalid
15:39:24 <WARN> "general_cleanup" filter: CC(C)(C)c1cc2N(C=C(COCc3cccc(Cl)c3)C(=O)NC(Cc3cccc(c3)C(F)(F)F)C(=O)NCCc3ccccc3)=C(C)c2c(O)c1C#N is invalid
15:39:24 <WARN> "get_largest_fragment" filter: CC(C)NC(=O)CCCCS(=O)C1=CC(=O)Oc2cc(OCc3ccc(OC(F)=F)cc3)ccc12 is invalid
15:39:24 <WARN> "general_cleanup" filter: CC(C)NC(=O)CCCCS(=O)C1=CC(=O)Oc2cc(OCc3ccc(OC(F)=F)cc3)ccc12 is invalid
15:39:24 <WARN> "general_cleanup" filter: CC(C)NC(=O)CCCCS(=O)C1=CC(=O)Oc2cc(OCc3ccc(OC(F)=F)cc3)ccc12 is invalid
15:39:24 <WARN> "get_largest_fragment" filter: CC(C)c1cc(C(=O)NCCO)c(-c2cnc3n(cnc3c2C2CCC2)-c2ccccc2)n(n1)C12CC3CC(CC(C3)C1)C2 is invalid
15:39:24 <WARN> "general_cleanup" filter: CC(C)c1cc(C(=O)NCCO)c(-c2cnc3n(cnc3c2C2CCC2)-c2ccccc2)n(n1)C12CC3CC(CC(C3)C1)C2 is invalid
15:39:24 <WARN> "general_cleanup" filter: CC(C)c1cc(C(=O)NCCO)c(-c2cnc3n(cnc3c2C2CCC2)-c2ccccc2)n(n1)C12CC3CC(CC(C3)C1)C2 is invalid
15:39:24 <WARN> "get_largest_fragment" filter: CCCn1c(CSC2=C(N)N(C(C2=O)c2ccccc2)c2ccccc2)c2c(OC)cccc12 is invalid
15:39:24 <WARN> "general_cleanup" filter: CCCn1c(CSC2=C(N)N(C(C2=O)c2ccccc2)c2ccccc2)c2c(OC)cccc12 is invalid
15:39:24 <WARN> "general_cleanup" filter: CCCn1c(CSC2=C(N)N(C(C2=O)c2ccccc2)c2ccccc2)c2c(OC)cccc12 is invalid
15:39:24 <WARN> "get_largest_fragment" filter: CC(CCC=C(C)C(=O)OCC1CCC2C3C=C4CC(=O)CCC4(C)C3CCC12C)C(C)=C)C(=O)OCC(O)CO is invalid
15:39:24 <WARN> "general_cleanup" filter: CC(CCC=C(C)C(=O)OCC1CCC2C3C=C4CC(=O)CCC4(C)C3CCC12C)C(C)=C)C(=O)OCC(O)CO is invalid
15:39:24 <WARN> "general_cleanup" filter: CC(CCC=C(C)C(=O)OCC1CCC2C3C=C4CC(=O)CCC4(C)C3CCC12C)C(C)=C)C(=O)OCC(O)CO is invalid
15:39:24 <WARN> "get_largest_fragment" filter: Oc1cccc(CSc2nc3[nH]c(Cc4ccc(Cl)cc4)sc3c2)cc1 is invalid
15:39:24 <WARN> "general_cleanup" filter: Oc1cccc(CSc2nc3[nH]c(Cc4ccc(Cl)cc4)sc3c2)cc1 is invalid
15:39:24 <WARN> "general_cleanup" filter: Oc1cccc(CSc2nc3[nH]c(Cc4ccc(Cl)cc4)sc3c2)cc1 is invalid
15:39:24 <WARN> "get_largest_fragment" filter: Nc1c2C(NCCc2nn1)=Cc1c([nH]c2ccc(Cl)cc12)C(=O)NO is invalid
15:39:24 <WARN> "general_cleanup" filter: Nc1c2C(NCCc2nn1)=Cc1c([nH]c2ccc(Cl)cc12)C(=O)NO is invalid
15:39:24 <WARN> "general_cleanup" filter: Nc1c2C(NCCc2nn1)=Cc1c([nH]c2ccc(Cl)cc12)C(=O)NO is invalid
15:39:24 <WARN> "get_largest_fragment" filter: CS(=O)CCCNC(=O)c1nc(N)cc(s1)C(=O)N1CCN(CC1)C(=O)CCCc1ccccc1Cl is invalid
15:39:24 <WARN> "general_cleanup" filter: CS(=O)CCCNC(=O)c1nc(N)cc(s1)C(=O)N1CCN(CC1)C(=O)CCCc1ccccc1Cl is invalid
15:39:24 <WARN> "general_cleanup" filter: CS(=O)CCCNC(=O)c1nc(N)cc(s1)C(=O)N1CCN(CC1)C(=O)CCCc1ccccc1Cl is invalid
15:39:24 <WARN> "get_largest_fragment" filter: CC1(CC(=O)Nc2ccccc2)C1=O is invalid
15:39:24 <WARN> "general_cleanup" filter: CC1(CC(=O)Nc2ccccc2)C1=O is invalid
15:39:24 <WARN> "general_cleanup" filter: CC1(CC(=O)Nc2ccccc2)C1=O is invalid
15:39:24 <WARN> "get_largest_fragment" filter: COc1ccc(CC(=O)N2CCc3c(O2)nc(N4c2ccccc32)c2cccc(c2)C(F)(F)F)cc1 is invalid
15:39:24 <WARN> "general_cleanup" filter: COc1ccc(CC(=O)N2CCc3c(O2)nc(N4c2ccccc32)c2cccc(c2)C(F)(F)F)cc1 is invalid
15:39:24 <WARN> "general_cleanup" filter: COc1ccc(CC(=O)N2CCc3c(O2)nc(N4c2ccccc32)c2cccc(c2)C(F)(F)F)cc1 is invalid
15:39:24 <WARN> "get_largest_fragment" filter: NC(=N)c1cc(Cl)cc2C3CCC4(CCCCC34)C1CC(=O)N2 is invalid
15:39:24 <WARN> "general_cleanup" filter: NC(=N)c1cc(Cl)cc2C3CCC4(CCCCC34)C1CC(=O)N2 is invalid
15:39:24 <WARN> "general_cleanup" filter: NC(=N)c1cc(Cl)cc2C3CCC4(CCCCC34)C1CC(=O)N2 is invalid
15:39:24 <WARN> "get_largest_fragment" filter: COC1CCCC2C3CCC4c5[nH]c5c(CC15CCC23O)OO4 is invalid
15:39:24 <WARN> "general_cleanup" filter: COC1CCCC2C3CCC4c5[nH]c5c(CC15CCC23O)OO4 is invalid
15:39:24 <WARN> "general_cleanup" filter: COC1CCCC2C3CCC4c5[nH]c5c(CC15CCC23O)OO4 is invalid
15:39:24 <WARN> "get_largest_fragment" filter: CC1C2C(COC(=O)c3ccc(Cl)cc3)C3CCC(N1C(CC)(CCc1ccc1ccccc1)c4)C2(C)CCN(CC35)c1cccnc1 is invalid
15:39:24 <WARN> "general_cleanup" filter: CC1C2C(COC(=O)c3ccc(Cl)cc3)C3CCC(N1C(CC)(CCc1ccc1ccccc1)c4)C2(C)CCN(CC35)c1cccnc1 is invalid
15:39:24 <WARN> "general_cleanup" filter: CC1C2C(COC(=O)c3ccc(Cl)cc3)C3CCC(N1C(CC)(CCc1ccc1ccccc1)c4)C2(C)CCN(CC35)c1cccnc1 is invalid
15:39:24 <WARN> "get_largest_fragment" filter: Nc1sc2c(CCCCc3ccc(O)cc3)ccc2c1C(O)=O is invalid
15:39:24 <WARN> "general_cleanup" filter: Nc1sc2c(CCCCc3ccc(O)cc3)ccc2c1C(O)=O is invalid
15:39:24 <WARN> "general_cleanup" filter: Nc1sc2c(CCCCc3ccc(O)cc3)ccc2c1C(O)=O is invalid
15:39:24 <WARN> "get_largest_fragment" filter: CC1=C(Oc2ccc3NC(=O)C4=C(CCCC4)c3c2)C(=O)Nc2c3C(C)=CC(=O)Oc3c(O)c2C1=O is invalid
15:39:24 <WARN> "general_cleanup" filter: CC1=C(Oc2ccc3NC(=O)C4=C(CCCC4)c3c2)C(=O)Nc2c3C(C)=CC(=O)Oc3c(O)c2C1=O is invalid
15:39:24 <WARN> "general_cleanup" filter: CC1=C(Oc2ccc3NC(=O)C4=C(CCCC4)c3c2)C(=O)Nc2c3C(C)=CC(=O)Oc3c(O)c2C1=O is invalid
15:39:24 <WARN> "get_largest_fragment" filter: CCCCSC1=C(Nc2ccc(Nc3nc(nc4N)C(C)(C)Oc34)c2)C(=O)NC(=C1N)c1ccc(F)cc1 is invalid
15:39:24 <WARN> "general_cleanup" filter: CCCCSC1=C(Nc2ccc(Nc3nc(nc4N)C(C)(C)Oc34)c2)C(=O)NC(=C1N)c1ccc(F)cc1 is invalid
15:39:24 <WARN> "general_cleanup" filter: CCCCSC1=C(Nc2ccc(Nc3nc(nc4N)C(C)(C)Oc34)c2)C(=O)NC(=C1N)c1ccc(F)cc1 is invalid
15:39:24 <WARN> "get_largest_fragment" filter: OC(=O)C1=CN(C(=O)C=CC(=O)Nc2ccc3OCCOc3c2)(C(=O)N1)c1ccc(Br)cc1 is invalid
15:39:24 <WARN> "general_cleanup" filter: OC(=O)C1=CN(C(=O)C=CC(=O)Nc2ccc3OCCOc3c2)(C(=O)N1)c1ccc(Br)cc1 is invalid
15:39:24 <WARN> "general_cleanup" filter: OC(=O)C1=CN(C(=O)C=CC(=O)Nc2ccc3OCCOc3c2)(C(=O)N1)c1ccc(Br)cc1 is invalid
15:39:24 <WARN> "get_largest_fragment" filter: COc1ccc2oc(CCC(=O)Nc3ccccc3CC(NC(=O)Nc3ccc(F)cc3)C(C)CO)c2c1 is invalid
15:39:24 <WARN> "general_cleanup" filter: COc1ccc2oc(CCC(=O)Nc3ccccc3CC(NC(=O)Nc3ccc(F)cc3)C(C)CO)c2c1 is invalid
15:39:24 <WARN> "general_cleanup" filter: COc1ccc2oc(CCC(=O)Nc3ccccc3CC(NC(=O)Nc3ccc(F)cc3)C(C)CO)c2c1 is invalid
15:39:24 <WARN> "get_largest_fragment" filter: CCOc1cc(F)c2ncc(C(=O)N3CCN(C)CC3N3CC4CC4CCC4C5)c(c2cc3cccc3cn1)c1ccc(cc1)-c3ccncc3C is invalid
15:39:24 <WARN> "general_cleanup" filter: CCOc1cc(F)c2ncc(C(=O)N3CCN(C)CC3N3CC4CC4CCC4C5)c(c2cc3cccc3cn1)c1ccc(cc1)-c3ccncc3C is invalid
15:39:24 <WARN> "general_cleanup" filter: CCOc1cc(F)c2ncc(C(=O)N3CCN(C)CC3N3CC4CC4CCC4C5)c(c2cc3cccc3cn1)c1ccc(cc1)-c3ccncc3C is invalid
15:39:24 <WARN> "get_largest_fragment" filter: O=C(Nc1ccccc1)c1c[nH]c2c1c1ccccc1n12 is invalid
15:39:24 <WARN> "general_cleanup" filter: O=C(Nc1ccccc1)c1c[nH]c2c1c1ccccc1n12 is invalid
15:39:24 <WARN> "general_cleanup" filter: O=C(Nc1ccccc1)c1c[nH]c2c1c1ccccc1n12 is invalid
15:39:24 <WARN> "get_largest_fragment" filter: COc1ccc(Cc2cc3c(C4CC4CN4CCC(CC4)c3cc2Oc2cc(F)cc(F)c2)c2ccccc2)cc1 is invalid
15:39:24 <WARN> "general_cleanup" filter: COc1ccc(Cc2cc3c(C4CC4CN4CCC(CC4)c3cc2Oc2cc(F)cc(F)c2)c2ccccc2)cc1 is invalid
15:39:24 <WARN> "general_cleanup" filter: COc1ccc(Cc2cc3c(C4CC4CN4CCC(CC4)c3cc2Oc2cc(F)cc(F)c2)c2ccccc2)cc1 is invalid
15:39:24 <WARN> "get_largest_fragment" filter: COc1c(O)cc2C(CC(O)CN3CCCCC3)=CC(=O)Oc12 is invalid
15:39:24 <WARN> "general_cleanup" filter: COc1c(O)cc2C(CC(O)CN3CCCCC3)=CC(=O)Oc12 is invalid
15:39:24 <WARN> "general_cleanup" filter: COc1c(O)cc2C(CC(O)CN3CCCCC3)=CC(=O)Oc12 is invalid
15:39:24 <WARN> "get_largest_fragment" filter: Cc1c(C#N)c2nc(OCC(O)(Cc3ccsc3)c3ccccc3n2Cc2ccc(F)cc2F)c(O)c1N is invalid
15:39:24 <WARN> "general_cleanup" filter: Cc1c(C#N)c2nc(OCC(O)(Cc3ccsc3)c3ccccc3n2Cc2ccc(F)cc2F)c(O)c1N is invalid
15:39:24 <WARN> "general_cleanup" filter: Cc1c(C#N)c2nc(OCC(O)(Cc3ccsc3)c3ccccc3n2Cc2ccc(F)cc2F)c(O)c1N is invalid
15:39:24 <WARN> "get_largest_fragment" filter: OC1CCC(O1)n1cnc2c(Nc3ccc(cc3)C(O)=O)c3ccccc3c12 is invalid
15:39:24 <WARN> "general_cleanup" filter: OC1CCC(O1)n1cnc2c(Nc3ccc(cc3)C(O)=O)c3ccccc3c12 is invalid
15:39:24 <WARN> "general_cleanup" filter: OC1CCC(O1)n1cnc2c(Nc3ccc(cc3)C(O)=O)c3ccccc3c12 is invalid
15:39:24 <WARN> "get_largest_fragment" filter: COc1ccc(Nc2nc3c2C(=O)N=C(N)Nc2[nH]c2c(NC(=O)c4cnc5cccc6nc[n+](C)n5ccc(C)c6C5=O)C5CC5OCC346)Oc2cc1OC is invalid
15:39:24 <WARN> "general_cleanup" filter: COc1ccc(Nc2nc3c2C(=O)N=C(N)Nc2[nH]c2c(NC(=O)c4cnc5cccc6nc[n+](C)n5ccc(C)c6C5=O)C5CC5OCC346)Oc2cc1OC is invalid
15:39:24 <WARN> "general_cleanup" filter: COc1ccc(Nc2nc3c2C(=O)N=C(N)Nc2[nH]c2c(NC(=O)c4cnc5cccc6nc[n+](C)n5ccc(C)c6C5=O)C5CC5OCC346)Oc2cc1OC is invalid
15:39:24 <WARN> "get_largest_fragment" filter: CCOC(=O)c1c(Sc2ccccc3)c(Cl)sc2n1N is invalid
15:39:24 <WARN> "general_cleanup" filter: CCOC(=O)c1c(Sc2ccccc3)c(Cl)sc2n1N is invalid
15:39:24 <WARN> "general_cleanup" filter: CCOC(=O)c1c(Sc2ccccc3)c(Cl)sc2n1N is invalid
15:39:24 <WARN> "get_largest_fragment" filter: CCNc1nc(NCCO)c2c(non22)n1 is invalid
15:39:24 <WARN> "general_cleanup" filter: CCNc1nc(NCCO)c2c(non22)n1 is invalid
15:39:24 <WARN> "general_cleanup" filter: CCNc1nc(NCCO)c2c(non22)n1 is invalid
15:39:24 <WARN> "get_largest_fragment" filter: CC(C)C1(O)C(O)C2Oc3cc-4c(C=O)c5c5n(C)cc(CC(O)=O)c(OC)c4sc7cc(OC)c(O)cc4Oc3c2C1 is invalid
15:39:24 <WARN> "general_cleanup" filter: CC(C)C1(O)C(O)C2Oc3cc-4c(C=O)c5c5n(C)cc(CC(O)=O)c(OC)c4sc7cc(OC)c(O)cc4Oc3c2C1 is invalid
15:39:24 <WARN> "general_cleanup" filter: CC(C)C1(O)C(O)C2Oc3cc-4c(C=O)c5c5n(C)cc(CC(O)=O)c(OC)c4sc7cc(OC)c(O)cc4Oc3c2C1 is invalid
15:39:24 <WARN> "get_largest_fragment" filter: CN(C)C(=O)N1CCC(=CC1)c1cccc2NC(=O)c3cccc1c23 is invalid
15:39:24 <WARN> "general_cleanup" filter: CN(C)C(=O)N1CCC(=CC1)c1cccc2NC(=O)c3cccc1c23 is invalid
15:39:24 <WARN> "general_cleanup" filter: CN(C)C(=O)N1CCC(=CC1)c1cccc2NC(=O)c3cccc1c23 is invalid
15:39:24 <WARN> "get_largest_fragment" filter: Clc1ccc2N(CCCNS(=O)(=O)c3ccc(cc3)C(=O)NC3CCc4ccccc34)CCCn2c1 is invalid
15:39:24 <WARN> "general_cleanup" filter: Clc1ccc2N(CCCNS(=O)(=O)c3ccc(cc3)C(=O)NC3CCc4ccccc34)CCCn2c1 is invalid
15:39:24 <WARN> "general_cleanup" filter: Clc1ccc2N(CCCNS(=O)(=O)c3ccc(cc3)C(=O)NC3CCc4ccccc34)CCCn2c1 is invalid
15:39:24 <WARN> "get_largest_fragment" filter: COc1cc2C=C(C(O)=O)C(CN3CCC4CC3C5)C(=CC2=O)c2c1OC(C)=NO2 is invalid
15:39:24 <WARN> "general_cleanup" filter: COc1cc2C=C(C(O)=O)C(CN3CCC4CC3C5)C(=CC2=O)c2c1OC(C)=NO2 is invalid
15:39:24 <WARN> "general_cleanup" filter: COc1cc2C=C(C(O)=O)C(CN3CCC4CC3C5)C(=CC2=O)c2c1OC(C)=NO2 is invalid
15:39:24 <WARN> "get_largest_fragment" filter: CCN(CC)C(=S)NC1CC2C(C1)C(Oc1ccc3c(CCNCc4ccccc4)ccc1c2OC)OC3(O)c1ccccc1 is invalid
15:39:24 <WARN> "general_cleanup" filter: CCN(CC)C(=S)NC1CC2C(C1)C(Oc1ccc3c(CCNCc4ccccc4)ccc1c2OC)OC3(O)c1ccccc1 is invalid
15:39:24 <WARN> "general_cleanup" filter: CCN(CC)C(=S)NC1CC2C(C1)C(Oc1ccc3c(CCNCc4ccccc4)ccc1c2OC)OC3(O)c1ccccc1 is invalid
15:39:24 <WARN> "get_largest_fragment" filter: CCOc1c(CCCC(O)CNC2CCN(C2)c2ccc(c(c2)C(N)=O)C(O)=O)c2OCOCCOc3ccc(OC)cc3-c2n1 is invalid
15:39:24 <WARN> "general_cleanup" filter: CCOc1c(CCCC(O)CNC2CCN(C2)c2ccc(c(c2)C(N)=O)C(O)=O)c2OCOCCOc3ccc(OC)cc3-c2n1 is invalid
15:39:24 <WARN> "general_cleanup" filter: CCOc1c(CCCC(O)CNC2CCN(C2)c2ccc(c(c2)C(N)=O)C(O)=O)c2OCOCCOc3ccc(OC)cc3-c2n1 is invalid
15:39:24 <WARN> "get_largest_fragment" filter: CCn1ncc2c3NC(=O)CCc3nc12 is invalid
15:39:24 <WARN> "general_cleanup" filter: CCn1ncc2c3NC(=O)CCc3nc12 is invalid
15:39:24 <WARN> "general_cleanup" filter: CCn1ncc2c3NC(=O)CCc3nc12 is invalid
15:39:24 <WARN> "get_largest_fragment" filter: OC(=O)CCC1CCC(CCCN2CCc3c(C2)ncc-2c1c2CCN3CC45CC1OBr)C#N is invalid
15:39:24 <WARN> "general_cleanup" filter: OC(=O)CCC1CCC(CCCN2CCc3c(C2)ncc-2c1c2CCN3CC45CC1OBr)C#N is invalid
15:39:24 <WARN> "general_cleanup" filter: OC(=O)CCC1CCC(CCCN2CCc3c(C2)ncc-2c1c2CCN3CC45CC1OBr)C#N is invalid
15:39:24 <WARN> "get_largest_fragment" filter: COC(=O)C1CCN(CC(=O)Nc2ccc3nc([nH]c3c2)-c2ccccc2-c2cnc(o2)-c2nc3CCCc3n2)CC1 is invalid
15:39:24 <WARN> "general_cleanup" filter: COC(=O)C1CCN(CC(=O)Nc2ccc3nc([nH]c3c2)-c2ccccc2-c2cnc(o2)-c2nc3CCCc3n2)CC1 is invalid
15:39:24 <WARN> "general_cleanup" filter: COC(=O)C1CCN(CC(=O)Nc2ccc3nc([nH]c3c2)-c2ccccc2-c2cnc(o2)-c2nc3CCCc3n2)CC1 is invalid
15:39:24 <WARN> "get_largest_fragment" filter: COc1ccc(cc1)-c1c(C(O)=O)c2c(cc(cc2c1OC)C(C)C)C(=O)OCC(O)C(O)CC(C)CCCC=C(C)C is invalid
15:39:24 <WARN> "general_cleanup" filter: COc1ccc(cc1)-c1c(C(O)=O)c2c(cc(cc2c1OC)C(C)C)C(=O)OCC(O)C(O)CC(C)CCCC=C(C)C is invalid
15:39:24 <WARN> "general_cleanup" filter: COc1ccc(cc1)-c1c(C(O)=O)c2c(cc(cc2c1OC)C(C)C)C(=O)OCC(O)C(O)CC(C)CCCC=C(C)C is invalid
15:39:24 <WARN> "get_largest_fragment" filter: OC1(CCC(C1)NC(=O)c1cnc2cnccc12)C(=O)N1CCCC1 is invalid
15:39:24 <WARN> "general_cleanup" filter: OC1(CCC(C1)NC(=O)c1cnc2cnccc12)C(=O)N1CCCC1 is invalid
15:39:24 <WARN> "general_cleanup" filter: OC1(CCC(C1)NC(=O)c1cnc2cnccc12)C(=O)N1CCCC1 is invalid
15:39:24 <WARN> "get_largest_fragment" filter: CCCCc1nc(CN2CCN(Cc3ncc(c(NN=CC4CC4)n3)CC2)nn1)-c1ccc(F)cc1 is invalid
15:39:24 <WARN> "general_cleanup" filter: CCCCc1nc(CN2CCN(Cc3ncc(c(NN=CC4CC4)n3)CC2)nn1)-c1ccc(F)cc1 is invalid
15:39:24 <WARN> "general_cleanup" filter: CCCCc1nc(CN2CCN(Cc3ncc(c(NN=CC4CC4)n3)CC2)nn1)-c1ccc(F)cc1 is invalid
15:39:24 <WARN> "get_largest_fragment" filter: CC(C)C(N1CC2CCC(=CN3C(=CS4)c4ccccc4)CC23)C(=O)N1C1CCCCC1 is invalid
15:39:24 <WARN> "general_cleanup" filter: CC(C)C(N1CC2CCC(=CN3C(=CS4)c4ccccc4)CC23)C(=O)N1C1CCCCC1 is invalid
15:39:24 <WARN> "general_cleanup" filter: CC(C)C(N1CC2CCC(=CN3C(=CS4)c4ccccc4)CC23)C(=O)N1C1CCCCC1 is invalid
15:39:24 <WARN> "get_largest_fragment" filter: CC(=O)Nc1nn(nc2ccncc12)-c1ccccc1 is invalid
15:39:24 <WARN> "general_cleanup" filter: CC(=O)Nc1nn(nc2ccncc12)-c1ccccc1 is invalid
15:39:24 <WARN> "general_cleanup" filter: CC(=O)Nc1nn(nc2ccncc12)-c1ccccc1 is invalid
15:39:24 <WARN> "get_largest_fragment" filter: Clc1ccc(OCc2cc(CC3CCCNCC3)cc3OCn4c(nnn43)-c3ccc(s3)N(=O)=O)cc2c1 is invalid
15:39:24 <WARN> "general_cleanup" filter: Clc1ccc(OCc2cc(CC3CCCNCC3)cc3OCn4c(nnn43)-c3ccc(s3)N(=O)=O)cc2c1 is invalid
15:39:24 <WARN> "general_cleanup" filter: Clc1ccc(OCc2cc(CC3CCCNCC3)cc3OCn4c(nnn43)-c3ccc(s3)N(=O)=O)cc2c1 is invalid
15:39:24 <WARN> "get_largest_fragment" filter: CCCc1nc(c(-c2ccccc2)[n+]1S(=O)(=O)c1ccc(F)cc1)-c1cc(ccc1C(F)(F)F)C#N is invalid
15:39:24 <WARN> "general_cleanup" filter: CCCc1nc(c(-c2ccccc2)[n+]1S(=O)(=O)c1ccc(F)cc1)-c1cc(ccc1C(F)(F)F)C#N is invalid
15:39:24 <WARN> "general_cleanup" filter: CCCc1nc(c(-c2ccccc2)[n+]1S(=O)(=O)c1ccc(F)cc1)-c1cc(ccc1C(F)(F)F)C#N is invalid
15:39:24 <WARN> "get_largest_fragment" filter: C=CCN1CCN(CC1)C(=O)c1ccccc1N1CCN2C(=O)Sc3cccc2C1 is invalid
15:39:24 <WARN> "general_cleanup" filter: C=CCN1CCN(CC1)C(=O)c1ccccc1N1CCN2C(=O)Sc3cccc2C1 is invalid
15:39:24 <WARN> "general_cleanup" filter: C=CCN1CCN(CC1)C(=O)c1ccccc1N1CCN2C(=O)Sc3cccc2C1 is invalid
15:39:24 <WARN> "get_largest_fragment" filter: Cc1ccc(N2C=NC(=O)N2c2c(Oc3cc(C=C5O)cc(cc34)C(O)=O)ccc2Cl)c2ccsc12 is invalid
15:39:24 <WARN> "general_cleanup" filter: Cc1ccc(N2C=NC(=O)N2c2c(Oc3cc(C=C5O)cc(cc34)C(O)=O)ccc2Cl)c2ccsc12 is invalid
15:39:24 <WARN> "general_cleanup" filter: Cc1ccc(N2C=NC(=O)N2c2c(Oc3cc(C=C5O)cc(cc34)C(O)=O)ccc2Cl)c2ccsc12 is invalid
15:39:24 <WARN> "get_largest_fragment" filter: Oc1ccc2cc(CSc3ccccc3-c3ccc(F)c(F)c3F)cc2c1 is invalid
15:39:24 <WARN> "general_cleanup" filter: Oc1ccc2cc(CSc3ccccc3-c3ccc(F)c(F)c3F)cc2c1 is invalid
15:39:24 <WARN> "general_cleanup" filter: Oc1ccc2cc(CSc3ccccc3-c3ccc(F)c(F)c3F)cc2c1 is invalid
15:39:24 <WARN> "get_largest_fragment" filter: COc1cc(ccc1O)C1c2cc(Cl)c(Cl)cc2OC2C(C1c1ccc(cc1)C(C)C)(C(=O)OC(C)C)C(=O)C(=O)c1cc(C)ccc1O2)C(=O)NC1C(O)CC(O)C(O)C1CO is invalid
15:39:24 <WARN> "general_cleanup" filter: COc1cc(ccc1O)C1c2cc(Cl)c(Cl)cc2OC2C(C1c1ccc(cc1)C(C)C)(C(=O)OC(C)C)C(=O)C(=O)c1cc(C)ccc1O2)C(=O)NC1C(O)CC(O)C(O)C1CO is invalid
15:39:24 <WARN> "general_cleanup" filter: COc1cc(ccc1O)C1c2cc(Cl)c(Cl)cc2OC2C(C1c1ccc(cc1)C(C)C)(C(=O)OC(C)C)C(=O)C(=O)c1cc(C)ccc1O2)C(=O)NC1C(O)CC(O)C(O)C1CO is invalid
15:39:24 <WARN> "get_largest_fragment" filter: CC(=Cc1ccc(cc1)C(NC(CCCCCc1nnc(NCc2cccnc2)c2ccccc12)C(O)=O)C(O)=O is invalid
15:39:24 <WARN> "general_cleanup" filter: CC(=Cc1ccc(cc1)C(NC(CCCCCc1nnc(NCc2cccnc2)c2ccccc12)C(O)=O)C(O)=O is invalid
15:39:24 <WARN> "general_cleanup" filter: CC(=Cc1ccc(cc1)C(NC(CCCCCc1nnc(NCc2cccnc2)c2ccccc12)C(O)=O)C(O)=O is invalid
15:39:24 <WARN> "get_largest_fragment" filter: Cc1nc2c(NCC3CC(CNC(=O)C3CCF)NC2=O)nc(C)n1 is invalid
15:39:24 <WARN> "general_cleanup" filter: Cc1nc2c(NCC3CC(CNC(=O)C3CCF)NC2=O)nc(C)n1 is invalid
15:39:24 <WARN> "general_cleanup" filter: Cc1nc2c(NCC3CC(CNC(=O)C3CCF)NC2=O)nc(C)n1 is invalid
15:39:24 <WARN> "get_largest_fragment" filter: Cc1cc(nn1CCCN1CCOCC1)N(CBr=O)c1ccc(Cl)cc1 is invalid
15:39:24 <WARN> "general_cleanup" filter: Cc1cc(nn1CCCN1CCOCC1)N(CBr=O)c1ccc(Cl)cc1 is invalid
15:39:24 <WARN> "general_cleanup" filter: Cc1cc(nn1CCCN1CCOCC1)N(CBr=O)c1ccc(Cl)cc1 is invalid
15:39:24 <WARN> "get_largest_fragment" filter: Cc1cc(C)c2cc(NC(=O)C3(CCCCC3)NC(=O)c3ccc(C(N)=O)cc3)ccnc2c1 is invalid
15:39:24 <WARN> "general_cleanup" filter: Cc1cc(C)c2cc(NC(=O)C3(CCCCC3)NC(=O)c3ccc(C(N)=O)cc3)ccnc2c1 is invalid
15:39:24 <WARN> "general_cleanup" filter: Cc1cc(C)c2cc(NC(=O)C3(CCCCC3)NC(=O)c3ccc(C(N)=O)cc3)ccnc2c1 is invalid
15:39:24 <WARN> "get_largest_fragment" filter: C#CCOc1nn2c(nc3ncnc4cnccc23)c1C#N is invalid
15:39:24 <WARN> "general_cleanup" filter: C#CCOc1nn2c(nc3ncnc4cnccc23)c1C#N is invalid
15:39:24 <WARN> "general_cleanup" filter: C#CCOc1nn2c(nc3ncnc4cnccc23)c1C#N is invalid
15:39:24 <WARN> "get_largest_fragment" filter: CCC(C)c1cccc(Nc2[nH]nc(C)c2C(=O)Nc2cccc(NC(=O)CC1)c2F)c1CN(C)CCC1 is invalid
15:39:24 <WARN> "general_cleanup" filter: CCC(C)c1cccc(Nc2[nH]nc(C)c2C(=O)Nc2cccc(NC(=O)CC1)c2F)c1CN(C)CCC1 is invalid
15:39:24 <WARN> "general_cleanup" filter: CCC(C)c1cccc(Nc2[nH]nc(C)c2C(=O)Nc2cccc(NC(=O)CC1)c2F)c1CN(C)CCC1 is invalid
15:39:24 <WARN> "get_largest_fragment" filter: CCOC(=O)c1nn2c3OC4(C)C(CCC4C3c2c1CCN(=O)=O)C(=O)NC is invalid
15:39:24 <WARN> "general_cleanup" filter: CCOC(=O)c1nn2c3OC4(C)C(CCC4C3c2c1CCN(=O)=O)C(=O)NC is invalid
15:39:24 <WARN> "general_cleanup" filter: CCOC(=O)c1nn2c3OC4(C)C(CCC4C3c2c1CCN(=O)=O)C(=O)NC is invalid
15:39:24 <WARN> "get_largest_fragment" filter: Nc1cnc(cn1)-c1ccc2ncc(C3CC3)c(N)n2c1 is invalid
15:39:24 <WARN> "general_cleanup" filter: Nc1cnc(cn1)-c1ccc2ncc(C3CC3)c(N)n2c1 is invalid
15:39:24 <WARN> "general_cleanup" filter: Nc1cnc(cn1)-c1ccc2ncc(C3CC3)c(N)n2c1 is invalid
15:39:24 <WARN> "get_largest_fragment" filter: COc1ccc(OC)c(NC(=S)NCC2CCCn3c2ccccc12S3C(=O)NC1CC1)C(=O)OC is invalid
15:39:24 <WARN> "general_cleanup" filter: COc1ccc(OC)c(NC(=S)NCC2CCCn3c2ccccc12S3C(=O)NC1CC1)C(=O)OC is invalid
15:39:24 <WARN> "general_cleanup" filter: COc1ccc(OC)c(NC(=S)NCC2CCCn3c2ccccc12S3C(=O)NC1CC1)C(=O)OC is invalid
15:39:24 <WARN> "get_largest_fragment" filter: NCc1oc(cc1-c1ccccc1)-c1cn(OCc2ccc3OCOc3c2)c2c[nH]cc2c1 is invalid
15:39:24 <WARN> "general_cleanup" filter: NCc1oc(cc1-c1ccccc1)-c1cn(OCc2ccc3OCOc3c2)c2c[nH]cc2c1 is invalid
15:39:24 <WARN> "general_cleanup" filter: NCc1oc(cc1-c1ccccc1)-c1cn(OCc2ccc3OCOc3c2)c2c[nH]cc2c1 is invalid
15:39:24 <WARN> "get_largest_fragment" filter: Nc1c(C(=O)NC2CC(O)C(O)C(N)C2)c(C#N)c2nnc(SCCNC(=O)c3ccccc3)n21 is invalid
15:39:24 <WARN> "general_cleanup" filter: Nc1c(C(=O)NC2CC(O)C(O)C(N)C2)c(C#N)c2nnc(SCCNC(=O)c3ccccc3)n21 is invalid
15:39:24 <WARN> "general_cleanup" filter: Nc1c(C(=O)NC2CC(O)C(O)C(N)C2)c(C#N)c2nnc(SCCNC(=O)c3ccccc3)n21 is invalid
15:39:24 <WARN> "get_largest_fragment" filter: CC12CCC3C(CCN4CCCCC3)C1N1CCOCC1NC2 is invalid
15:39:24 <WARN> "general_cleanup" filter: CC12CCC3C(CCN4CCCCC3)C1N1CCOCC1NC2 is invalid
15:39:24 <WARN> "general_cleanup" filter: CC12CCC3C(CCN4CCCCC3)C1N1CCOCC1NC2 is invalid
15:39:25 <WARN> "get_largest_fragment" filter: Clc1cccc(CNc2cc(nc(n2)-c2cc(no2)-c2ccccc2)C#N)cc1 is invalid
15:39:25 <WARN> "general_cleanup" filter: Clc1cccc(CNc2cc(nc(n2)-c2cc(no2)-c2ccccc2)C#N)cc1 is invalid
15:39:25 <WARN> "general_cleanup" filter: Clc1cccc(CNc2cc(nc(n2)-c2cc(no2)-c2ccccc2)C#N)cc1 is invalid
15:39:25 <WARN> "get_largest_fragment" filter: Cc1[nH]c2cccc(C)c2c1C(=O)Oc1ccc2N=C3C=CC=C3O)c2cc1F is invalid
15:39:25 <WARN> "general_cleanup" filter: Cc1[nH]c2cccc(C)c2c1C(=O)Oc1ccc2N=C3C=CC=C3O)c2cc1F is invalid
15:39:25 <WARN> "general_cleanup" filter: Cc1[nH]c2cccc(C)c2c1C(=O)Oc1ccc2N=C3C=CC=C3O)c2cc1F is invalid
15:39:25 <WARN> "get_largest_fragment" filter: O=NNc1ccc2C(=O)C(=Cc3ccc(cc3)-n3ccc4ccccc4c3)c21 is invalid
15:39:25 <WARN> "general_cleanup" filter: O=NNc1ccc2C(=O)C(=Cc3ccc(cc3)-n3ccc4ccccc4c3)c21 is invalid
15:39:25 <WARN> "general_cleanup" filter: O=NNc1ccc2C(=O)C(=Cc3ccc(cc3)-n3ccc4ccccc4c3)c21 is invalid
15:39:25 <WARN> "get_largest_fragment" filter: CN(C)c1ccc2C=Cc3c(C(=O)N(CCCl)CCCc4cc(O)ccc4c3C)c2c1 is invalid
15:39:25 <WARN> "general_cleanup" filter: CN(C)c1ccc2C=Cc3c(C(=O)N(CCCl)CCCc4cc(O)ccc4c3C)c2c1 is invalid
15:39:25 <WARN> "general_cleanup" filter: CN(C)c1ccc2C=Cc3c(C(=O)N(CCCl)CCCc4cc(O)ccc4c3C)c2c1 is invalid
15:39:25 <WARN> "get_largest_fragment" filter: COc1cccc(CCNC(=O)C(Sc2ccc(cc2)C#N)n2cnc3c(OC)ncc5ccc(N)cn24)c1OCCO3 is invalid
15:39:25 <WARN> "general_cleanup" filter: COc1cccc(CCNC(=O)C(Sc2ccc(cc2)C#N)n2cnc3c(OC)ncc5ccc(N)cn24)c1OCCO3 is invalid
15:39:25 <WARN> "general_cleanup" filter: COc1cccc(CCNC(=O)C(Sc2ccc(cc2)C#N)n2cnc3c(OC)ncc5ccc(N)cn24)c1OCCO3 is invalid
15:39:25 <WARN> "get_largest_fragment" filter: COCCCNC(=O)COC(=O)c1ccccc1Nc1nccn2c(nc12)-c1ccc(Cl)cc1 is invalid
15:39:25 <WARN> "general_cleanup" filter: COCCCNC(=O)COC(=O)c1ccccc1Nc1nccn2c(nc12)-c1ccc(Cl)cc1 is invalid
15:39:25 <WARN> "general_cleanup" filter: COCCCNC(=O)COC(=O)c1ccccc1Nc1nccn2c(nc12)-c1ccc(Cl)cc1 is invalid
15:39:25 <WARN> "get_largest_fragment" filter: CC1(C)CCC2C3CCC4=CC(=O)C=CC45C(N(C33c4ccccc-4-c4ccccc-34)C(F)(F)F)C(=O)C2OC1=O is invalid
15:39:25 <WARN> "general_cleanup" filter: CC1(C)CCC2C3CCC4=CC(=O)C=CC45C(N(C33c4ccccc-4-c4ccccc-34)C(F)(F)F)C(=O)C2OC1=O is invalid
15:39:25 <WARN> "general_cleanup" filter: CC1(C)CCC2C3CCC4=CC(=O)C=CC45C(N(C33c4ccccc-4-c4ccccc-34)C(F)(F)F)C(=O)C2OC1=O is invalid
15:39:25 <WARN> "get_largest_fragment" filter: Oc1ccc2[nH]c3COC=C(Cc4c(O)ccc-34)c2c1 is invalid
15:39:25 <WARN> "general_cleanup" filter: Oc1ccc2[nH]c3COC=C(Cc4c(O)ccc-34)c2c1 is invalid
15:39:25 <WARN> "general_cleanup" filter: Oc1ccc2[nH]c3COC=C(Cc4c(O)ccc-34)c2c1 is invalid
15:39:25 <WARN> "get_largest_fragment" filter: CSc1nc(N)c2nc(-c3ccccc3)c([nH]c2n1)C#N is invalid
15:39:25 <WARN> "general_cleanup" filter: CSc1nc(N)c2nc(-c3ccccc3)c([nH]c2n1)C#N is invalid
15:39:25 <WARN> "general_cleanup" filter: CSc1nc(N)c2nc(-c3ccccc3)c([nH]c2n1)C#N is invalid
15:39:25 <WARN> "get_largest_fragment" filter: COc1cc2ncc([O-]c3ccc(cn3)C(=O)N3CCc4ccc(C)cc34)c(C)c2cc1OC)c1nc2N(C)C(=O)N(C)c2n1C is invalid
15:39:25 <WARN> "general_cleanup" filter: COc1cc2ncc([O-]c3ccc(cn3)C(=O)N3CCc4ccc(C)cc34)c(C)c2cc1OC)c1nc2N(C)C(=O)N(C)c2n1C is invalid
15:39:25 <WARN> "general_cleanup" filter: COc1cc2ncc([O-]c3ccc(cn3)C(=O)N3CCc4ccc(C)cc34)c(C)c2cc1OC)c1nc2N(C)C(=O)N(C)c2n1C is invalid
15:39:25 <WARN> "get_largest_fragment" filter: COc1ccc(C2=NC(=NC3=C(SCC4=C3NC(=O)N(N3CCNCC3)C(=O)OC3)=CC2=O)c2ccc(O)cc2)cc1 is invalid
15:39:25 <WARN> "general_cleanup" filter: COc1ccc(C2=NC(=NC3=C(SCC4=C3NC(=O)N(N3CCNCC3)C(=O)OC3)=CC2=O)c2ccc(O)cc2)cc1 is invalid
15:39:25 <WARN> "general_cleanup" filter: COc1ccc(C2=NC(=NC3=C(SCC4=C3NC(=O)N(N3CCNCC3)C(=O)OC3)=CC2=O)c2ccc(O)cc2)cc1 is invalid
15:39:25 <WARN> "get_largest_fragment" filter: CC1=COC2OCC(OC(=O)CCC2(Br)C2OC3(C2)CCC(O4)C2CCC4C(C)(C)CCC=C4C2OC4(C=O)C2(CCC3=C(O)C(=C)CC(=C)C4(O)CC(=O)NC4C2=O)C(C)(C)O)C1(C)CC3 is invalid
15:39:25 <WARN> "general_cleanup" filter: CC1=COC2OCC(OC(=O)CCC2(Br)C2OC3(C2)CCC(O4)C2CCC4C(C)(C)CCC=C4C2OC4(C=O)C2(CCC3=C(O)C(=C)CC(=C)C4(O)CC(=O)NC4C2=O)C(C)(C)O)C1(C)CC3 is invalid
15:39:25 <WARN> "general_cleanup" filter: CC1=COC2OCC(OC(=O)CCC2(Br)C2OC3(C2)CCC(O4)C2CCC4C(C)(C)CCC=C4C2OC4(C=O)C2(CCC3=C(O)C(=C)CC(=C)C4(O)CC(=O)NC4C2=O)C(C)(C)O)C1(C)CC3 is invalid
15:39:25 <WARN> "get_largest_fragment" filter: CC(=O)Nc1ccc(cn1)-c1nn2c([nH]c2c1F)-c1ccc(Br)cc1 is invalid
15:39:25 <WARN> "general_cleanup" filter: CC(=O)Nc1ccc(cn1)-c1nn2c([nH]c2c1F)-c1ccc(Br)cc1 is invalid
15:39:25 <WARN> "general_cleanup" filter: CC(=O)Nc1ccc(cn1)-c1nn2c([nH]c2c1F)-c1ccc(Br)cc1 is invalid
15:39:25 <WARN> "get_largest_fragment" filter: Cn1cc(cn1)-c1nnc2sc(C3CC4CCC(N3)C3CC3)nc12 is invalid
15:39:25 <WARN> "general_cleanup" filter: Cn1cc(cn1)-c1nnc2sc(C3CC4CCC(N3)C3CC3)nc12 is invalid
15:39:25 <WARN> "general_cleanup" filter: Cn1cc(cn1)-c1nnc2sc(C3CC4CCC(N3)C3CC3)nc12 is invalid
15:39:25 <WARN> "get_largest_fragment" filter: O=C(NC1C2CCC1C1CNCCc3ccc4c1c25)C(=CC35O)c1ccncc1 is invalid
15:39:25 <WARN> "general_cleanup" filter: O=C(NC1C2CCC1C1CNCCc3ccc4c1c25)C(=CC35O)c1ccncc1 is invalid
15:39:25 <WARN> "general_cleanup" filter: O=C(NC1C2CCC1C1CNCCc3ccc4c1c25)C(=CC35O)c1ccncc1 is invalid
15:39:25 <WARN> "get_largest_fragment" filter: ONC(=O)Cc1csc(NC(=O)NN2C(=O)N(CCOCc3ccccc3)C2=O)o1 is invalid
15:39:25 <WARN> "general_cleanup" filter: ONC(=O)Cc1csc(NC(=O)NN2C(=O)N(CCOCc3ccccc3)C2=O)o1 is invalid
15:39:25 <WARN> "general_cleanup" filter: ONC(=O)Cc1csc(NC(=O)NN2C(=O)N(CCOCc3ccccc3)C2=O)o1 is invalid
15:39:25 <WARN> "get_largest_fragment" filter: CC(C)(C)C1OC(CC2OC(OC(C)=O)C(O)C(=C)C2OC2OC(C=C2)C1C)CC1OC23CC4C7(CC3C(O)(CCOC(=O)C(C)(C)C)CC12)C=CC3(OC(O)=O)C=C4 is invalid
15:39:25 <WARN> "general_cleanup" filter: CC(C)(C)C1OC(CC2OC(OC(C)=O)C(O)C(=C)C2OC2OC(C=C2)C1C)CC1OC23CC4C7(CC3C(O)(CCOC(=O)C(C)(C)C)CC12)C=CC3(OC(O)=O)C=C4 is invalid
15:39:25 <WARN> "general_cleanup" filter: CC(C)(C)C1OC(CC2OC(OC(C)=O)C(O)C(=C)C2OC2OC(C=C2)C1C)CC1OC23CC4C7(CC3C(O)(CCOC(=O)C(C)(C)C)CC12)C=CC3(OC(O)=O)C=C4 is invalid
15:39:25 <WARN> "get_largest_fragment" filter: C(Nc1ccnc2sc(CCc3csc(NC(=S)C3=CCOC3CC(OC(=O)C4)CC4CC4)cc2)c1)C5CC1C3CCC2C4=CCCCCCCCCCCC12C is invalid
15:39:25 <WARN> "general_cleanup" filter: C(Nc1ccnc2sc(CCc3csc(NC(=S)C3=CCOC3CC(OC(=O)C4)CC4CC4)cc2)c1)C5CC1C3CCC2C4=CCCCCCCCCCCC12C is invalid
15:39:25 <WARN> "general_cleanup" filter: C(Nc1ccnc2sc(CCc3csc(NC(=S)C3=CCOC3CC(OC(=O)C4)CC4CC4)cc2)c1)C5CC1C3CCC2C4=CCCCCCCCCCCC12C is invalid
15:39:25 <WARN> "get_largest_fragment" filter: Brc1ccc2oc3CCNN=C4CCCc3nc2c1 is invalid
15:39:25 <WARN> "general_cleanup" filter: Brc1ccc2oc3CCNN=C4CCCc3nc2c1 is invalid
15:39:25 <WARN> "general_cleanup" filter: Brc1ccc2oc3CCNN=C4CCCc3nc2c1 is invalid
15:39:25 <WARN> "get_largest_fragment" filter: CCCCCCCCCCCCCOc1ccc(cc1)N(Cc1ccco1)C(=O)NCCc1ccccn1Cl is invalid
15:39:25 <WARN> "general_cleanup" filter: CCCCCCCCCCCCCOc1ccc(cc1)N(Cc1ccco1)C(=O)NCCc1ccccn1Cl is invalid
15:39:25 <WARN> "general_cleanup" filter: CCCCCCCCCCCCCOc1ccc(cc1)N(Cc1ccco1)C(=O)NCCc1ccccn1Cl is invalid
15:39:25 <WARN> "get_largest_fragment" filter: CCCCCCN1C(=O)N(CC(=O)C(CC(C)C)c2nccnc2C)=C(Cl)N1 is invalid
15:39:25 <WARN> "general_cleanup" filter: CCCCCCN1C(=O)N(CC(=O)C(CC(C)C)c2nccnc2C)=C(Cl)N1 is invalid
15:39:25 <WARN> "general_cleanup" filter: CCCCCCN1C(=O)N(CC(=O)C(CC(C)C)c2nccnc2C)=C(Cl)N1 is invalid
15:39:25 <WARN> "get_largest_fragment" filter: CN(Cc1ccc(NC(=O)CC)cc1)c1ccc(cc1)S(=O)(=O)NCc1ccc2NC(C)(C)Cn3ccc-3c2c1)c1cc(Cl)ccc1n(CC#N is invalid
15:39:25 <WARN> "general_cleanup" filter: CN(Cc1ccc(NC(=O)CC)cc1)c1ccc(cc1)S(=O)(=O)NCc1ccc2NC(C)(C)Cn3ccc-3c2c1)c1cc(Cl)ccc1n(CC#N is invalid
15:39:25 <WARN> "general_cleanup" filter: CN(Cc1ccc(NC(=O)CC)cc1)c1ccc(cc1)S(=O)(=O)NCc1ccc2NC(C)(C)Cn3ccc-3c2c1)c1cc(Cl)ccc1n(CC#N is invalid
15:39:25 <WARN> "get_largest_fragment" filter: CCOC(=O)CN1N=C(C)(C)NC1=O is invalid
15:39:25 <WARN> "general_cleanup" filter: CCOC(=O)CN1N=C(C)(C)NC1=O is invalid
15:39:25 <WARN> "general_cleanup" filter: CCOC(=O)CN1N=C(C)(C)NC1=O is invalid
15:39:25 <WARN> "get_largest_fragment" filter: COc1cccc(CN2CCc3ccccc3C2CN2c3cc(ccc3C(=O)N(CCN3CCOCC3)CC2)cc1)C(C)=O is invalid
15:39:25 <WARN> "general_cleanup" filter: COc1cccc(CN2CCc3ccccc3C2CN2c3cc(ccc3C(=O)N(CCN3CCOCC3)CC2)cc1)C(C)=O is invalid
15:39:25 <WARN> "general_cleanup" filter: COc1cccc(CN2CCc3ccccc3C2CN2c3cc(ccc3C(=O)N(CCN3CCOCC3)CC2)cc1)C(C)=O is invalid
15:39:25 <WARN> "get_largest_fragment" filter: OC(=O)c1c(O)cc(C2=Cc3cc(ccc3C2=O)C(O)=O)c(Cc2c3OC(CO)C(Oc3cc3ccccc23)N(F)F)c2ccccc12 is invalid
15:39:25 <WARN> "general_cleanup" filter: OC(=O)c1c(O)cc(C2=Cc3cc(ccc3C2=O)C(O)=O)c(Cc2c3OC(CO)C(Oc3cc3ccccc23)N(F)F)c2ccccc12 is invalid
15:39:25 <WARN> "general_cleanup" filter: OC(=O)c1c(O)cc(C2=Cc3cc(ccc3C2=O)C(O)=O)c(Cc2c3OC(CO)C(Oc3cc3ccccc23)N(F)F)c2ccccc12 is invalid
15:39:25 <WARN> "get_largest_fragment" filter: Nc1nc(Cl)c2nc(c(s2)-c2ccccc2)n1-c1ccc2OCOc2c1 is invalid
15:39:25 <WARN> "general_cleanup" filter: Nc1nc(Cl)c2nc(c(s2)-c2ccccc2)n1-c1ccc2OCOc2c1 is invalid
15:39:25 <WARN> "general_cleanup" filter: Nc1nc(Cl)c2nc(c(s2)-c2ccccc2)n1-c1ccc2OCOc2c1 is invalid
15:39:25 <WARN> "get_largest_fragment" filter: Fc1ccc(CN2CCc3c([nH]c3C(=O)N(CC3CCCC3)C2=O)c2cccs2)cc1 is invalid
15:39:25 <WARN> "general_cleanup" filter: Fc1ccc(CN2CCc3c([nH]c3C(=O)N(CC3CCCC3)C2=O)c2cccs2)cc1 is invalid
15:39:25 <WARN> "general_cleanup" filter: Fc1ccc(CN2CCc3c([nH]c3C(=O)N(CC3CCCC3)C2=O)c2cccs2)cc1 is invalid
15:39:25 <WARN> "get_largest_fragment" filter: CC(C)(C)C1CCC23C(CC(=O)C(Br)=C2C(Oc2ccccc2C)C2(CCC2O)CC(C)(C)C3=O)C5CC1(C)C is invalid
15:39:25 <WARN> "general_cleanup" filter: CC(C)(C)C1CCC23C(CC(=O)C(Br)=C2C(Oc2ccccc2C)C2(CCC2O)CC(C)(C)C3=O)C5CC1(C)C is invalid
15:39:25 <WARN> "general_cleanup" filter: CC(C)(C)C1CCC23C(CC(=O)C(Br)=C2C(Oc2ccccc2C)C2(CCC2O)CC(C)(C)C3=O)C5CC1(C)C is invalid
15:39:25 <WARN> "get_largest_fragment" filter: COc1cccc(c1)C(=O)Nc1ccc(CCNCCc2c(C)nc3N(C)C(=O)N(C)c3n2C2=CC(OC(=O)C(CC)(C)C)CC2=O)cc1 is invalid
15:39:25 <WARN> "general_cleanup" filter: COc1cccc(c1)C(=O)Nc1ccc(CCNCCc2c(C)nc3N(C)C(=O)N(C)c3n2C2=CC(OC(=O)C(CC)(C)C)CC2=O)cc1 is invalid
15:39:25 <WARN> "general_cleanup" filter: COc1cccc(c1)C(=O)Nc1ccc(CCNCCc2c(C)nc3N(C)C(=O)N(C)c3n2C2=CC(OC(=O)C(CC)(C)C)CC2=O)cc1 is invalid
15:39:25 <WARN> "get_largest_fragment" filter: NC((c1nc2cc(Cl)c(Cl)cc2Br)c2cc(C(=O)NCc3ccc(O)cc3)c(nc12)C(=O)NC1CCOCC1)N1CCCCC1 is invalid
15:39:25 <WARN> "general_cleanup" filter: NC((c1nc2cc(Cl)c(Cl)cc2Br)c2cc(C(=O)NCc3ccc(O)cc3)c(nc12)C(=O)NC1CCOCC1)N1CCCCC1 is invalid
15:39:25 <WARN> "general_cleanup" filter: NC((c1nc2cc(Cl)c(Cl)cc2Br)c2cc(C(=O)NCc3ccc(O)cc3)c(nc12)C(=O)NC1CCOCC1)N1CCCCC1 is invalid
15:39:25 <WARN> "get_largest_fragment" filter: COc1ccc(OCCCc2nnc3c4cc(C)noc32)ccc1O is invalid
15:39:25 <WARN> "general_cleanup" filter: COc1ccc(OCCCc2nnc3c4cc(C)noc32)ccc1O is invalid
15:39:25 <WARN> "general_cleanup" filter: COc1ccc(OCCCc2nnc3c4cc(C)noc32)ccc1O is invalid
15:39:25 <WARN> "get_largest_fragment" filter: Clc1ccc(COc2nc(NCc3ccc(cc3)N3C(=O)n4ccnc5ccccc34)cc2C(F)(F)F)c(F)c1 is invalid
15:39:25 <WARN> "general_cleanup" filter: Clc1ccc(COc2nc(NCc3ccc(cc3)N3C(=O)n4ccnc5ccccc34)cc2C(F)(F)F)c(F)c1 is invalid
15:39:25 <WARN> "general_cleanup" filter: Clc1ccc(COc2nc(NCc3ccc(cc3)N3C(=O)n4ccnc5ccccc34)cc2C(F)(F)F)c(F)c1 is invalid
15:39:25 <WARN> "get_largest_fragment" filter: COc1cc(Br)cc2C(CCCNC(=O)C(C)(C)C[N+]3(CCC=C34)c12)C(C)(C)C is invalid
15:39:25 <WARN> "general_cleanup" filter: COc1cc(Br)cc2C(CCCNC(=O)C(C)(C)C[N+]3(CCC=C34)c12)C(C)(C)C is invalid
15:39:25 <WARN> "general_cleanup" filter: COc1cc(Br)cc2C(CCCNC(=O)C(C)(C)C[N+]3(CCC=C34)c12)C(C)(C)C is invalid
15:39:25 <WARN> "get_largest_fragment" filter: COc1ccc(cc1)-c1nnc2CCN=C(SCC(=O)c3ccc(Cl)cc3)s1)C(C)(C)C2 is invalid
15:39:25 <WARN> "general_cleanup" filter: COc1ccc(cc1)-c1nnc2CCN=C(SCC(=O)c3ccc(Cl)cc3)s1)C(C)(C)C2 is invalid
15:39:25 <WARN> "general_cleanup" filter: COc1ccc(cc1)-c1nnc2CCN=C(SCC(=O)c3ccc(Cl)cc3)s1)C(C)(C)C2 is invalid
15:39:25 <WARN> "get_largest_fragment" filter: CC(C)(C)OC(=O)NC(NS(=O)(=O)CC12CC3CC(CC(O)C34)C1(CC)CC2)c1c[nH]c2ccccc12 is invalid
15:39:25 <WARN> "general_cleanup" filter: CC(C)(C)OC(=O)NC(NS(=O)(=O)CC12CC3CC(CC(O)C34)C1(CC)CC2)c1c[nH]c2ccccc12 is invalid
15:39:25 <WARN> "general_cleanup" filter: CC(C)(C)OC(=O)NC(NS(=O)(=O)CC12CC3CC(CC(O)C34)C1(CC)CC2)c1c[nH]c2ccccc12 is invalid
15:39:25 <WARN> "get_largest_fragment" filter: Clc1ccc2oc(CN(CC(=O)Nc3ccccc3)c3ccccc3)c2c1 is invalid
15:39:25 <WARN> "general_cleanup" filter: Clc1ccc2oc(CN(CC(=O)Nc3ccccc3)c3ccccc3)c2c1 is invalid
15:39:25 <WARN> "general_cleanup" filter: Clc1ccc2oc(CN(CC(=O)Nc3ccccc3)c3ccccc3)c2c1 is invalid
15:39:25 <WARN> "get_largest_fragment" filter: COc1cc2CCN3C(COC3=O)Oc2c2C(=O)N=C1Oc1ccccc1N=C2c1ccc(Cl)cc1 is invalid
15:39:25 <WARN> "general_cleanup" filter: COc1cc2CCN3C(COC3=O)Oc2c2C(=O)N=C1Oc1ccccc1N=C2c1ccc(Cl)cc1 is invalid
15:39:25 <WARN> "general_cleanup" filter: COc1cc2CCN3C(COC3=O)Oc2c2C(=O)N=C1Oc1ccccc1N=C2c1ccc(Cl)cc1 is invalid
15:39:25 <WARN> "get_largest_fragment" filter: CCNc1ccn2c(CCc3nnnn3-c3ccc(OC)cc3)ncn12 is invalid
15:39:25 <WARN> "general_cleanup" filter: CCNc1ccn2c(CCc3nnnn3-c3ccc(OC)cc3)ncn12 is invalid
15:39:25 <WARN> "general_cleanup" filter: CCNc1ccn2c(CCc3nnnn3-c3ccc(OC)cc3)ncn12 is invalid
15:39:25 <WARN> "get_largest_fragment" filter: CCS(=O)(=O)N=C1c2c(nc(NS(=O)(=O)c3ccccc3)n(C)c2C(F)(F)F)Oc2cccnc2N(C1=O)c1ccc(F)cc1 is invalid
15:39:25 <WARN> "general_cleanup" filter: CCS(=O)(=O)N=C1c2c(nc(NS(=O)(=O)c3ccccc3)n(C)c2C(F)(F)F)Oc2cccnc2N(C1=O)c1ccc(F)cc1 is invalid
15:39:25 <WARN> "general_cleanup" filter: CCS(=O)(=O)N=C1c2c(nc(NS(=O)(=O)c3ccccc3)n(C)c2C(F)(F)F)Oc2cccnc2N(C1=O)c1ccc(F)cc1 is invalid
15:39:25 <WARN> "get_largest_fragment" filter: CC(C)Nc1nc(NN=Cc2ccnc3ccccc23)c(nn1C)-c1ccc(F)cc1 is invalid
15:39:25 <WARN> "general_cleanup" filter: CC(C)Nc1nc(NN=Cc2ccnc3ccccc23)c(nn1C)-c1ccc(F)cc1 is invalid
15:39:25 <WARN> "general_cleanup" filter: CC(C)Nc1nc(NN=Cc2ccnc3ccccc23)c(nn1C)-c1ccc(F)cc1 is invalid
15:39:25 <WARN> "get_largest_fragment" filter: CC(=O)N1CCCc2ncn-2c1COCCN1CCCCC1CCn1c3CCCCCCC(O)c2ccc4c5CCN5CCCc5cc4C123 is invalid
15:39:25 <WARN> "general_cleanup" filter: CC(=O)N1CCCc2ncn-2c1COCCN1CCCCC1CCn1c3CCCCCCC(O)c2ccc4c5CCN5CCCc5cc4C123 is invalid
15:39:25 <WARN> "general_cleanup" filter: CC(=O)N1CCCc2ncn-2c1COCCN1CCCCC1CCn1c3CCCCCCC(O)c2ccc4c5CCN5CCCc5cc4C123 is invalid
15:39:25 <WARN> "get_largest_fragment" filter: CN1CCN(CC1)c1nc2ncccn2c2ccc(cc12)C(N)=O is invalid
15:39:25 <WARN> "general_cleanup" filter: CN1CCN(CC1)c1nc2ncccn2c2ccc(cc12)C(N)=O is invalid
15:39:25 <WARN> "general_cleanup" filter: CN1CCN(CC1)c1nc2ncccn2c2ccc(cc12)C(N)=O is invalid
15:39:25 <WARN> "get_largest_fragment" filter: Cc1cc2cccc3ccccc2c3cc1Cl is invalid
15:39:25 <WARN> "general_cleanup" filter: Cc1cc2cccc3ccccc2c3cc1Cl is invalid
15:39:25 <WARN> "general_cleanup" filter: Cc1cc2cccc3ccccc2c3cc1Cl is invalid
15:39:25 <WARN> "get_largest_fragment" filter: CCc1nn(CC2CCCNC2)nc1NC(=O)c1ccc2NC(=O)CCc2s1 is invalid
15:39:25 <WARN> "general_cleanup" filter: CCc1nn(CC2CCCNC2)nc1NC(=O)c1ccc2NC(=O)CCc2s1 is invalid
15:39:25 <WARN> "general_cleanup" filter: CCc1nn(CC2CCCNC2)nc1NC(=O)c1ccc2NC(=O)CCc2s1 is invalid
15:39:25 <WARN> "get_largest_fragment" filter: OCC1OC(C(O)C(O)C1O)n1cnc2c(N)nc3c(NCc4cccc6ccccc5c34)nc12 is invalid
15:39:25 <WARN> "general_cleanup" filter: OCC1OC(C(O)C(O)C1O)n1cnc2c(N)nc3c(NCc4cccc6ccccc5c34)nc12 is invalid
15:39:25 <WARN> "general_cleanup" filter: OCC1OC(C(O)C(O)C1O)n1cnc2c(N)nc3c(NCc4cccc6ccccc5c34)nc12 is invalid
15:39:25 <WARN> "get_largest_fragment" filter: CCOC(=O)C(C)C1CCC2(CO1)OCCC1C3N(Cc4c[nH]nc4C6CC13c1cccc(Cl)c1F)C2=O is invalid
15:39:25 <WARN> "general_cleanup" filter: CCOC(=O)C(C)C1CCC2(CO1)OCCC1C3N(Cc4c[nH]nc4C6CC13c1cccc(Cl)c1F)C2=O is invalid
15:39:25 <WARN> "general_cleanup" filter: CCOC(=O)C(C)C1CCC2(CO1)OCCC1C3N(Cc4c[nH]nc4C6CC13c1cccc(Cl)c1F)C2=O is invalid
15:39:25 <WARN> "get_largest_fragment" filter: CN1CCN(CC=C)C2Cc3ccc4cccc(C(=Cc4ccc(Cl)c(Cl)c4)c34)C2C1 is invalid
15:39:25 <WARN> "general_cleanup" filter: CN1CCN(CC=C)C2Cc3ccc4cccc(C(=Cc4ccc(Cl)c(Cl)c4)c34)C2C1 is invalid
15:39:25 <WARN> "general_cleanup" filter: CN1CCN(CC=C)C2Cc3ccc4cccc(C(=Cc4ccc(Cl)c(Cl)c4)c34)C2C1 is invalid
15:39:25 <WARN> "get_largest_fragment" filter: COc1ccc2[nH]c3c(CC4CCCN4CCCCNCC4=O)c3cc(Cl)c(O)c12 is invalid
15:39:25 <WARN> "general_cleanup" filter: COc1ccc2[nH]c3c(CC4CCCN4CCCCNCC4=O)c3cc(Cl)c(O)c12 is invalid
15:39:25 <WARN> "general_cleanup" filter: COc1ccc2[nH]c3c(CC4CCCN4CCCCNCC4=O)c3cc(Cl)c(O)c12 is invalid
15:39:25 <WARN> "get_largest_fragment" filter: Cc1cc(-c2ccc(C#N)c(n2)C(F)(F)F)c2sc3c(C)n(C)c5ncccc4c3c2n1 is invalid
15:39:25 <WARN> "general_cleanup" filter: Cc1cc(-c2ccc(C#N)c(n2)C(F)(F)F)c2sc3c(C)n(C)c5ncccc4c3c2n1 is invalid
15:39:25 <WARN> "general_cleanup" filter: Cc1cc(-c2ccc(C#N)c(n2)C(F)(F)F)c2sc3c(C)n(C)c5ncccc4c3c2n1 is invalid
15:39:25 <WARN> "get_largest_fragment" filter: Cc1nc(NCc2cccc(Cl)n2)nn2cc(ccc12)C(C)C is invalid
15:39:25 <WARN> "general_cleanup" filter: Cc1nc(NCc2cccc(Cl)n2)nn2cc(ccc12)C(C)C is invalid
15:39:25 <WARN> "general_cleanup" filter: Cc1nc(NCc2cccc(Cl)n2)nn2cc(ccc12)C(C)C is invalid
15:39:25 <WARN> "get_largest_fragment" filter: Brc1ccccc1-c1cn(-c2ccc(Oc3ccccc3)cc2)nc1-c1ccc(cc1)C#N)c1cccnc1 is invalid
15:39:25 <WARN> "general_cleanup" filter: Brc1ccccc1-c1cn(-c2ccc(Oc3ccccc3)cc2)nc1-c1ccc(cc1)C#N)c1cccnc1 is invalid
15:39:25 <WARN> "general_cleanup" filter: Brc1ccccc1-c1cn(-c2ccc(Oc3ccccc3)cc2)nc1-c1ccc(cc1)C#N)c1cccnc1 is invalid
15:39:25 <WARN> "get_largest_fragment" filter: COC(=O)CN1c2ncns2)C(=O)N(C)C(=O)N(C1=O)c1ccc(C=O)cc1 is invalid
15:39:25 <WARN> "general_cleanup" filter: COC(=O)CN1c2ncns2)C(=O)N(C)C(=O)N(C1=O)c1ccc(C=O)cc1 is invalid
15:39:25 <WARN> "general_cleanup" filter: COC(=O)CN1c2ncns2)C(=O)N(C)C(=O)N(C1=O)c1ccc(C=O)cc1 is invalid
15:39:25 <WARN> "get_largest_fragment" filter: Clc1ccccc1C1CC(=O)NC(N2CCCc3ccccc23)C1= is invalid
15:39:25 <WARN> "general_cleanup" filter: Clc1ccccc1C1CC(=O)NC(N2CCCc3ccccc23)C1= is invalid
15:39:25 <WARN> "general_cleanup" filter: Clc1ccccc1C1CC(=O)NC(N2CCCc3ccccc23)C1= is invalid
15:39:25 <WARN> "get_largest_fragment" filter: Fc1ccc(cc1)-c1nc2ccc(C(=O)N3CC4CC3)c(OCCN)c2nc1-c1ccccc1 is invalid
15:39:25 <WARN> "general_cleanup" filter: Fc1ccc(cc1)-c1nc2ccc(C(=O)N3CC4CC3)c(OCCN)c2nc1-c1ccccc1 is invalid
15:39:25 <WARN> "general_cleanup" filter: Fc1ccc(cc1)-c1nc2ccc(C(=O)N3CC4CC3)c(OCCN)c2nc1-c1ccccc1 is invalid
15:39:25 <WARN> "get_largest_fragment" filter: CNC(=S)NC12NC(OS11)=C(Cl)C2=O is invalid
15:39:25 <WARN> "general_cleanup" filter: CNC(=S)NC12NC(OS11)=C(Cl)C2=O is invalid
15:39:25 <WARN> "general_cleanup" filter: CNC(=S)NC12NC(OS11)=C(Cl)C2=O is invalid
15:39:25 <WARN> "get_largest_fragment" filter: CCCN1C2N(CCc3c(oc3C1)-c1ccc(Cl)cc1)CC(C2)C(=O)NCc1ccc(OC)cc1OC is invalid
15:39:25 <WARN> "general_cleanup" filter: CCCN1C2N(CCc3c(oc3C1)-c1ccc(Cl)cc1)CC(C2)C(=O)NCc1ccc(OC)cc1OC is invalid
15:39:25 <WARN> "general_cleanup" filter: CCCN1C2N(CCc3c(oc3C1)-c1ccc(Cl)cc1)CC(C2)C(=O)NCc1ccc(OC)cc1OC is invalid
15:39:25 <WARN> "get_largest_fragment" filter: Cc1nc(CNC2C(O)C(Oc3ccc(Cl)cc3Cl)cc2OCc2ccccc2)s1 is invalid
15:39:25 <WARN> "general_cleanup" filter: Cc1nc(CNC2C(O)C(Oc3ccc(Cl)cc3Cl)cc2OCc2ccccc2)s1 is invalid
15:39:25 <WARN> "general_cleanup" filter: Cc1nc(CNC2C(O)C(Oc3ccc(Cl)cc3Cl)cc2OCc2ccccc2)s1 is invalid
15:39:25 <WARN> "get_largest_fragment" filter: CCNC(=O)Nc1ccc2C(=O)c3c(OCC(=O)N4CCOCC4)ccc3Oc2c1 is invalid
15:39:25 <WARN> "general_cleanup" filter: CCNC(=O)Nc1ccc2C(=O)c3c(OCC(=O)N4CCOCC4)ccc3Oc2c1 is invalid
15:39:25 <WARN> "general_cleanup" filter: CCNC(=O)Nc1ccc2C(=O)c3c(OCC(=O)N4CCOCC4)ccc3Oc2c1 is invalid
15:39:25 <WARN> "get_largest_fragment" filter: O=C(Cc1cccnc1)N1CCc2[nH]nc(-c3ccc(NC(=O)c4ccccn4)c3)cc2C1 is invalid
15:39:25 <WARN> "general_cleanup" filter: O=C(Cc1cccnc1)N1CCc2[nH]nc(-c3ccc(NC(=O)c4ccccn4)c3)cc2C1 is invalid
15:39:25 <WARN> "general_cleanup" filter: O=C(Cc1cccnc1)N1CCc2[nH]nc(-c3ccc(NC(=O)c4ccccn4)c3)cc2C1 is invalid
15:39:25 <WARN> "get_largest_fragment" filter: CN1CC[N+]2(CCOCCCCn3cncn3)=C(O)Oc3cccc1c23 is invalid
15:39:25 <WARN> "general_cleanup" filter: CN1CC[N+]2(CCOCCCCn3cncn3)=C(O)Oc3cccc1c23 is invalid
15:39:25 <WARN> "general_cleanup" filter: CN1CC[N+]2(CCOCCCCn3cncn3)=C(O)Oc3cccc1c23 is invalid
15:39:25 <WARN> "get_largest_fragment" filter: CC1=Nc2sc3CCN(CCOC(=O)CN4CCN(CC4)C(=O)CCCCCc4ccccc4)CCC3c2c1C#N is invalid
15:39:25 <WARN> "general_cleanup" filter: CC1=Nc2sc3CCN(CCOC(=O)CN4CCN(CC4)C(=O)CCCCCc4ccccc4)CCC3c2c1C#N is invalid
15:39:25 <WARN> "general_cleanup" filter: CC1=Nc2sc3CCN(CCOC(=O)CN4CCN(CC4)C(=O)CCCCCc4ccccc4)CCC3c2c1C#N is invalid
15:39:25 <WARN> "get_largest_fragment" filter: CCCN(C(C)=O)C(=O)NC1=CC(C)(C)CC2(C)CCC3C4=C(CCC12C)C3(C)C is invalid
15:39:25 <WARN> "general_cleanup" filter: CCCN(C(C)=O)C(=O)NC1=CC(C)(C)CC2(C)CCC3C4=C(CCC12C)C3(C)C is invalid
15:39:25 <WARN> "general_cleanup" filter: CCCN(C(C)=O)C(=O)NC1=CC(C)(C)CC2(C)CCC3C4=C(CCC12C)C3(C)C is invalid
15:39:25 <WARN> "get_largest_fragment" filter: O=C1C2=C(CCCC2)Cc2sc3c(ccc(c32)C(=O)NCCN2CCCC2)C1=O is invalid
15:39:25 <WARN> "general_cleanup" filter: O=C1C2=C(CCCC2)Cc2sc3c(ccc(c32)C(=O)NCCN2CCCC2)C1=O is invalid
15:39:25 <WARN> "general_cleanup" filter: O=C1C2=C(CCCC2)Cc2sc3c(ccc(c32)C(=O)NCCN2CCCC2)C1=O is invalid
15:39:25 <WARN> "get_largest_fragment" filter: Fc1ccc2c(Nc3ccc4OCOc4c3)c(CC3CCNC3)nc2c1 is invalid
15:39:25 <WARN> "general_cleanup" filter: Fc1ccc2c(Nc3ccc4OCOc4c3)c(CC3CCNC3)nc2c1 is invalid
15:39:25 <WARN> "general_cleanup" filter: Fc1ccc2c(Nc3ccc4OCOc4c3)c(CC3CCNC3)nc2c1 is invalid
15:39:25 <WARN> "get_largest_fragment" filter: Clc1cccc(CON=C3N=CNC2CCCCCC3)c2c1 is invalid
15:39:25 <WARN> "general_cleanup" filter: Clc1cccc(CON=C3N=CNC2CCCCCC3)c2c1 is invalid
15:39:25 <WARN> "general_cleanup" filter: Clc1cccc(CON=C3N=CNC2CCCCCC3)c2c1 is invalid
15:39:25 <WARN> "get_largest_fragment" filter: Oc1c(CN=C(NC2CCCCC2)C2CC(=N2)c2cc(Cl)c(Cl)cc2Cl)nc2ccccc12 is invalid
15:39:25 <WARN> "general_cleanup" filter: Oc1c(CN=C(NC2CCCCC2)C2CC(=N2)c2cc(Cl)c(Cl)cc2Cl)nc2ccccc12 is invalid
15:39:25 <WARN> "general_cleanup" filter: Oc1c(CN=C(NC2CCCCC2)C2CC(=N2)c2cc(Cl)c(Cl)cc2Cl)nc2ccccc12 is invalid
15:39:25 <WARN> "get_largest_fragment" filter: CCN(Cc1coc(n1)-c1cccc(c1)S(C)(=O)=O)=NOCC is invalid
15:39:25 <WARN> "general_cleanup" filter: CCN(Cc1coc(n1)-c1cccc(c1)S(C)(=O)=O)=NOCC is invalid
15:39:25 <WARN> "general_cleanup" filter: CCN(Cc1coc(n1)-c1cccc(c1)S(C)(=O)=O)=NOCC is invalid
15:39:25 <WARN> "get_largest_fragment" filter: OC(Cn1c2ccc(NC(=O)c3ccccn3)cc2c2c([nH]c3ccccc23)c1C(=O)NO)C#Cc1ccc(cc1)S(N)(=O)=O is invalid
15:39:25 <WARN> "general_cleanup" filter: OC(Cn1c2ccc(NC(=O)c3ccccn3)cc2c2c([nH]c3ccccc23)c1C(=O)NO)C#Cc1ccc(cc1)S(N)(=O)=O is invalid
15:39:25 <WARN> "general_cleanup" filter: OC(Cn1c2ccc(NC(=O)c3ccccn3)cc2c2c([nH]c3ccccc23)c1C(=O)NO)C#Cc1ccc(cc1)S(N)(=O)=O is invalid
15:39:25 <WARN> "get_largest_fragment" filter: Cc1cc(NC2=CC(=O)c3c4ncc(C)cc4nc3C2=O)sc1N(=O)=O is invalid
15:39:25 <WARN> "general_cleanup" filter: Cc1cc(NC2=CC(=O)c3c4ncc(C)cc4nc3C2=O)sc1N(=O)=O is invalid
15:39:25 <WARN> "general_cleanup" filter: Cc1cc(NC2=CC(=O)c3c4ncc(C)cc4nc3C2=O)sc1N(=O)=O is invalid
15:39:25 <WARN> "get_largest_fragment" filter: NC(CNCCCN(Cc1ccccc1)(C1CCC=CC1)C(=O)N1CCN(CC1)S(=O)(=O)c1ccc(C)o1)C(=O)C=CC(C)(C)C is invalid
15:39:25 <WARN> "general_cleanup" filter: NC(CNCCCN(Cc1ccccc1)(C1CCC=CC1)C(=O)N1CCN(CC1)S(=O)(=O)c1ccc(C)o1)C(=O)C=CC(C)(C)C is invalid
15:39:25 <WARN> "general_cleanup" filter: NC(CNCCCN(Cc1ccccc1)(C1CCC=CC1)C(=O)N1CCN(CC1)S(=O)(=O)c1ccc(C)o1)C(=O)C=CC(C)(C)C is invalid
15:39:25 <WARN> "get_largest_fragment" filter: CCNC(=O)C1(c2ccc(Oc3ccc4nonc4c3)cc(c2NC1=O)-c1ccccc1N(=O)=O)n1ccnc1 is invalid
15:39:25 <WARN> "general_cleanup" filter: CCNC(=O)C1(c2ccc(Oc3ccc4nonc4c3)cc(c2NC1=O)-c1ccccc1N(=O)=O)n1ccnc1 is invalid
15:39:25 <WARN> "general_cleanup" filter: CCNC(=O)C1(c2ccc(Oc3ccc4nonc4c3)cc(c2NC1=O)-c1ccccc1N(=O)=O)n1ccnc1 is invalid
15:39:25 <WARN> "get_largest_fragment" filter: Clc1ccc(C=C2SC(=NC(=O)c3ccccc3F)=C2C#N)c(Cl)cc1Cl is invalid
15:39:25 <WARN> "general_cleanup" filter: Clc1ccc(C=C2SC(=NC(=O)c3ccccc3F)=C2C#N)c(Cl)cc1Cl is invalid
15:39:25 <WARN> "general_cleanup" filter: Clc1ccc(C=C2SC(=NC(=O)c3ccccc3F)=C2C#N)c(Cl)cc1Cl is invalid
15:39:25 <WARN> "get_largest_fragment" filter: CCCC1(C)N=C(OC)CCN1C(=O)NC(CO)C(O)(C(Cl)c1cnc2ccccc2s1)C(=O)c1sc(cc1CC)N1CCOCC1 is invalid
15:39:25 <WARN> "general_cleanup" filter: CCCC1(C)N=C(OC)CCN1C(=O)NC(CO)C(O)(C(Cl)c1cnc2ccccc2s1)C(=O)c1sc(cc1CC)N1CCOCC1 is invalid
15:39:25 <WARN> "general_cleanup" filter: CCCC1(C)N=C(OC)CCN1C(=O)NC(CO)C(O)(C(Cl)c1cnc2ccccc2s1)C(=O)c1sc(cc1CC)N1CCOCC1 is invalid
15:39:25 <WARN> "get_largest_fragment" filter: CC(C)c1c(O)ccc2C(=O)c3c(O)c4C=CC(=O)c4c5OCOc4c3-c2c1O is invalid
15:39:25 <WARN> "general_cleanup" filter: CC(C)c1c(O)ccc2C(=O)c3c(O)c4C=CC(=O)c4c5OCOc4c3-c2c1O is invalid
15:39:25 <WARN> "general_cleanup" filter: CC(C)c1c(O)ccc2C(=O)c3c(O)c4C=CC(=O)c4c5OCOc4c3-c2c1O is invalid
15:39:25 <WARN> "get_largest_fragment" filter: O=C(CCCC(=O)Nc1ccccc1)Nc1NCCN2C(=O)c3cccn3c3CCCc23 is invalid
15:39:25 <WARN> "general_cleanup" filter: O=C(CCCC(=O)Nc1ccccc1)Nc1NCCN2C(=O)c3cccn3c3CCCc23 is invalid
15:39:25 <WARN> "general_cleanup" filter: O=C(CCCC(=O)Nc1ccccc1)Nc1NCCN2C(=O)c3cccn3c3CCCc23 is invalid
15:39:25 <WARN> "get_largest_fragment" filter: CCOC(=O)c1cnc2N=C(SC)C(Nc3ncc4CCCS(=O)(=O)Nc4cc3Cl)c2c1O is invalid
15:39:25 <WARN> "general_cleanup" filter: CCOC(=O)c1cnc2N=C(SC)C(Nc3ncc4CCCS(=O)(=O)Nc4cc3Cl)c2c1O is invalid
15:39:25 <WARN> "general_cleanup" filter: CCOC(=O)c1cnc2N=C(SC)C(Nc3ncc4CCCS(=O)(=O)Nc4cc3Cl)c2c1O is invalid
15:39:25 <WARN> "get_largest_fragment" filter: Oc1ccc2c(ccc3nc(co12)C3(CC[N+](C)(C)CCC(Cc1ccccc1)NC(CC(NC(=O)C(N)CC1CC(O)C3(C)C14)C4(F)C(F)(F)F)C(O)=O)C#CCCl)C1=NCCN1 is invalid
15:39:25 <WARN> "general_cleanup" filter: Oc1ccc2c(ccc3nc(co12)C3(CC[N+](C)(C)CCC(Cc1ccccc1)NC(CC(NC(=O)C(N)CC1CC(O)C3(C)C14)C4(F)C(F)(F)F)C(O)=O)C#CCCl)C1=NCCN1 is invalid
15:39:25 <WARN> "general_cleanup" filter: Oc1ccc2c(ccc3nc(co12)C3(CC[N+](C)(C)CCC(Cc1ccccc1)NC(CC(NC(=O)C(N)CC1CC(O)C3(C)C14)C4(F)C(F)(F)F)C(O)=O)C#CCCl)C1=NCCN1 is invalid
15:39:25 <WARN> "get_largest_fragment" filter: CN1CCN(CCCN2C(=O)COc3ccccc12)c3CCN1S(=O)(=O)c2cc(Cl)ccc2N=C1SCc1ccccc1F is invalid
15:39:25 <WARN> "general_cleanup" filter: CN1CCN(CCCN2C(=O)COc3ccccc12)c3CCN1S(=O)(=O)c2cc(Cl)ccc2N=C1SCc1ccccc1F is invalid
15:39:25 <WARN> "general_cleanup" filter: CN1CCN(CCCN2C(=O)COc3ccccc12)c3CCN1S(=O)(=O)c2cc(Cl)ccc2N=C1SCc1ccccc1F is invalid
15:39:25 <WARN> "get_largest_fragment" filter: CN1Sc2cc(ccc2S1(=O)=O)-c1cnn2ccc(Br)cn12 is invalid
15:39:25 <WARN> "general_cleanup" filter: CN1Sc2cc(ccc2S1(=O)=O)-c1cnn2ccc(Br)cn12 is invalid
15:39:25 <WARN> "general_cleanup" filter: CN1Sc2cc(ccc2S1(=O)=O)-c1cnn2ccc(Br)cn12 is invalid
15:39:25 <WARN> "get_largest_fragment" filter: CN(C)c1nc(SCC(=O)NNc2nnc(CCCc3nnnn3C)c2C)cs1 is invalid
15:39:25 <WARN> "general_cleanup" filter: CN(C)c1nc(SCC(=O)NNc2nnc(CCCc3nnnn3C)c2C)cs1 is invalid
15:39:25 <WARN> "general_cleanup" filter: CN(C)c1nc(SCC(=O)NNc2nnc(CCCc3nnnn3C)c2C)cs1 is invalid
15:39:25 <WARN> "get_largest_fragment" filter: CC(C)c1nn-2c(CN(C)C(=O)Cc3ccc(F)cc3F)nc1-c1cccnc1OC2=O is invalid
15:39:25 <WARN> "general_cleanup" filter: CC(C)c1nn-2c(CN(C)C(=O)Cc3ccc(F)cc3F)nc1-c1cccnc1OC2=O is invalid
15:39:25 <WARN> "general_cleanup" filter: CC(C)c1nn-2c(CN(C)C(=O)Cc3ccc(F)cc3F)nc1-c1cccnc1OC2=O is invalid
15:39:25 <WARN> "get_largest_fragment" filter: CC1=C(C#N)C(=N)N(C(=O)c2ccc(F)cc2)=C(N2CCN(CC2)c2ccc(O)cc2)C1=O is invalid
15:39:25 <WARN> "general_cleanup" filter: CC1=C(C#N)C(=N)N(C(=O)c2ccc(F)cc2)=C(N2CCN(CC2)c2ccc(O)cc2)C1=O is invalid
15:39:25 <WARN> "general_cleanup" filter: CC1=C(C#N)C(=N)N(C(=O)c2ccc(F)cc2)=C(N2CCN(CC2)c2ccc(O)cc2)C1=O is invalid
15:39:25 <WARN> "get_largest_fragment" filter: O=C1C=Nc2cc3COC(=O)c3c12 is invalid
15:39:25 <WARN> "general_cleanup" filter: O=C1C=Nc2cc3COC(=O)c3c12 is invalid
15:39:25 <WARN> "general_cleanup" filter: O=C1C=Nc2cc3COC(=O)c3c12 is invalid
15:39:25 <WARN> "get_largest_fragment" filter: [O-]n1c(c[nH]2)c2ncnc(Nc3cc(Cl)ccc3Cl)c12 is invalid
15:39:25 <WARN> "general_cleanup" filter: [O-]n1c(c[nH]2)c2ncnc(Nc3cc(Cl)ccc3Cl)c12 is invalid
15:39:25 <WARN> "general_cleanup" filter: [O-]n1c(c[nH]2)c2ncnc(Nc3cc(Cl)ccc3Cl)c12 is invalid
15:39:25 <WARN> "get_largest_fragment" filter: O=C1N=C(C2CC2)=C(NCc2ccccc2)C(=O)N1NC(=O)C(=O)N1CCCC1 is invalid
15:39:25 <WARN> "general_cleanup" filter: O=C1N=C(C2CC2)=C(NCc2ccccc2)C(=O)N1NC(=O)C(=O)N1CCCC1 is invalid
15:39:25 <WARN> "general_cleanup" filter: O=C1N=C(C2CC2)=C(NCc2ccccc2)C(=O)N1NC(=O)C(=O)N1CCCC1 is invalid
15:39:25 <WARN> "get_largest_fragment" filter: O=C1C=C(c2ccc3[nH]ccc3c2)C(=O)N=C11CC(=O)NC1=O is invalid
15:39:25 <WARN> "general_cleanup" filter: O=C1C=C(c2ccc3[nH]ccc3c2)C(=O)N=C11CC(=O)NC1=O is invalid
15:39:25 <WARN> "general_cleanup" filter: O=C1C=C(c2ccc3[nH]ccc3c2)C(=O)N=C11CC(=O)NC1=O is invalid
15:39:25 <WARN> "get_largest_fragment" filter: COc1ccc2onc(SCC(=O)N3CCCC4CCCCC4)Cc3c2c1 is invalid
15:39:25 <WARN> "general_cleanup" filter: COc1ccc2onc(SCC(=O)N3CCCC4CCCCC4)Cc3c2c1 is invalid
15:39:25 <WARN> "general_cleanup" filter: COc1ccc2onc(SCC(=O)N3CCCC4CCCCC4)Cc3c2c1 is invalid
15:39:25 <WARN> "get_largest_fragment" filter: CCc1nn(c2N=C3N(CCCN3C(=O)CN(C(=O)OC(C)(C)C)=NS(=O)(=O)c3ccc(C)cc3)C(=O)OC(C)(C)CNCCc12)-c1ccnc(OC)n1 is invalid
15:39:25 <WARN> "general_cleanup" filter: CCc1nn(c2N=C3N(CCCN3C(=O)CN(C(=O)OC(C)(C)C)=NS(=O)(=O)c3ccc(C)cc3)C(=O)OC(C)(C)CNCCc12)-c1ccnc(OC)n1 is invalid
15:39:25 <WARN> "general_cleanup" filter: CCc1nn(c2N=C3N(CCCN3C(=O)CN(C(=O)OC(C)(C)C)=NS(=O)(=O)c3ccc(C)cc3)C(=O)OC(C)(C)CNCCc12)-c1ccnc(OC)n1 is invalid
15:39:25 <WARN> "get_largest_fragment" filter: CC1=CC(C)(C(=O)O1)=C(Br)Cc1cc(Cl)cc(Cl)c1Cl is invalid
15:39:25 <WARN> "general_cleanup" filter: CC1=CC(C)(C(=O)O1)=C(Br)Cc1cc(Cl)cc(Cl)c1Cl is invalid
15:39:25 <WARN> "general_cleanup" filter: CC1=CC(C)(C(=O)O1)=C(Br)Cc1cc(Cl)cc(Cl)c1Cl is invalid
15:39:25 <WARN> "get_largest_fragment" filter: CCOC(=O)C1=C(C)NC=CC2=C1N(C1c1ccccc1)S(=O)(=O)c1ccc(Cl)cc1C2=O is invalid
15:39:25 <WARN> "general_cleanup" filter: CCOC(=O)C1=C(C)NC=CC2=C1N(C1c1ccccc1)S(=O)(=O)c1ccc(Cl)cc1C2=O is invalid
15:39:25 <WARN> "general_cleanup" filter: CCOC(=O)C1=C(C)NC=CC2=C1N(C1c1ccccc1)S(=O)(=O)c1ccc(Cl)cc1C2=O is invalid
15:39:25 <WARN> "get_largest_fragment" filter: COc1ccc2n(C)c(C=Nc3ccc(o3)C(C)=C)c2c1 is invalid
15:39:25 <WARN> "general_cleanup" filter: COc1ccc2n(C)c(C=Nc3ccc(o3)C(C)=C)c2c1 is invalid
15:39:25 <WARN> "general_cleanup" filter: COc1ccc2n(C)c(C=Nc3ccc(o3)C(C)=C)c2c1 is invalid
15:39:25 <WARN> "get_largest_fragment" filter: COc1ccc(CC(NC(=O)C23CC4CC(CC(=C4)C2)C3)s2)c(OC)c1 is invalid
15:39:25 <WARN> "general_cleanup" filter: COc1ccc(CC(NC(=O)C23CC4CC(CC(=C4)C2)C3)s2)c(OC)c1 is invalid
15:39:25 <WARN> "general_cleanup" filter: COc1ccc(CC(NC(=O)C23CC4CC(CC(=C4)C2)C3)s2)c(OC)c1 is invalid
15:39:25 <WARN> "get_largest_fragment" filter: CN1N=C(CC)n2cc(nn12)-c1ccc(o1)-c1ccc(F)cc1 is invalid
15:39:25 <WARN> "general_cleanup" filter: CN1N=C(CC)n2cc(nn12)-c1ccc(o1)-c1ccc(F)cc1 is invalid
15:39:25 <WARN> "general_cleanup" filter: CN1N=C(CC)n2cc(nn12)-c1ccc(o1)-c1ccc(F)cc1 is invalid
15:39:25 <WARN> "get_largest_fragment" filter: CCCN1C(SCC1=O)C(=O)NN=Cc1cccc(c1)C1(O)C(=O)NC)c2cc(ccc21 is invalid
15:39:25 <WARN> "general_cleanup" filter: CCCN1C(SCC1=O)C(=O)NN=Cc1cccc(c1)C1(O)C(=O)NC)c2cc(ccc21 is invalid
15:39:25 <WARN> "general_cleanup" filter: CCCN1C(SCC1=O)C(=O)NN=Cc1cccc(c1)C1(O)C(=O)NC)c2cc(ccc21 is invalid
15:39:25 <WARN> "get_largest_fragment" filter: NC(=O)c1cnc(NC(=O)c2ccc(Cc3cc(Cn4nnc5)ccc5oc3c3)sc3CCCNc23)nc1 is invalid
15:39:25 <WARN> "general_cleanup" filter: NC(=O)c1cnc(NC(=O)c2ccc(Cc3cc(Cn4nnc5)ccc5oc3c3)sc3CCCNc23)nc1 is invalid
15:39:25 <WARN> "general_cleanup" filter: NC(=O)c1cnc(NC(=O)c2ccc(Cc3cc(Cn4nnc5)ccc5oc3c3)sc3CCCNc23)nc1 is invalid
15:39:25 <WARN> "get_largest_fragment" filter: CN1c2nnn(Cc3ccccc3Cl)c2N(=O)=O)C(=O)N(c2nccnc12)C1CCC1 is invalid
15:39:25 <WARN> "general_cleanup" filter: CN1c2nnn(Cc3ccccc3Cl)c2N(=O)=O)C(=O)N(c2nccnc12)C1CCC1 is invalid
15:39:25 <WARN> "general_cleanup" filter: CN1c2nnn(Cc3ccccc3Cl)c2N(=O)=O)C(=O)N(c2nccnc12)C1CCC1 is invalid
15:39:25 <WARN> "get_largest_fragment" filter: COc1cccc2c(CCC(O)=O)c3OC(=O)C(C)(C)C3(CC)C(=O)c2c1 is invalid
15:39:25 <WARN> "general_cleanup" filter: COc1cccc2c(CCC(O)=O)c3OC(=O)C(C)(C)C3(CC)C(=O)c2c1 is invalid
15:39:25 <WARN> "general_cleanup" filter: COc1cccc2c(CCC(O)=O)c3OC(=O)C(C)(C)C3(CC)C(=O)c2c1 is invalid
15:39:25 <WARN> "get_largest_fragment" filter: OC(=O)c1ccc(cc1)-c1coc2c3c(cncc3s1)-c1ccccc1C2=O is invalid
15:39:25 <WARN> "general_cleanup" filter: OC(=O)c1ccc(cc1)-c1coc2c3c(cncc3s1)-c1ccccc1C2=O is invalid
15:39:25 <WARN> "general_cleanup" filter: OC(=O)c1ccc(cc1)-c1coc2c3c(cncc3s1)-c1ccccc1C2=O is invalid
15:39:25 <WARN> "get_largest_fragment" filter: CC(C)(C)c1cc(NC(=O)C2CCCN2S(=O)(=O)c2ccc(Br)cc2NC(=O)C2CC2)cn1 is invalid
15:39:25 <WARN> "general_cleanup" filter: CC(C)(C)c1cc(NC(=O)C2CCCN2S(=O)(=O)c2ccc(Br)cc2NC(=O)C2CC2)cn1 is invalid
15:39:25 <WARN> "general_cleanup" filter: CC(C)(C)c1cc(NC(=O)C2CCCN2S(=O)(=O)c2ccc(Br)cc2NC(=O)C2CC2)cn1 is invalid
15:39:25 <WARN> "get_largest_fragment" filter: CCN1C(SC(=Cc2ccco2)=C1O)C(=O)C=Cc1ccc(C)o1 is invalid
15:39:25 <WARN> "general_cleanup" filter: CCN1C(SC(=Cc2ccco2)=C1O)C(=O)C=Cc1ccc(C)o1 is invalid
15:39:25 <WARN> "general_cleanup" filter: CCN1C(SC(=Cc2ccco2)=C1O)C(=O)C=Cc1ccc(C)o1 is invalid
15:39:25 <WARN> "get_largest_fragment" filter: Cc1ccc(cc1)-n1ccnc1-c1cc(nn2c(ccnc12)-c1ccco1)-c1ccnc(OC(F)F)c1 is invalid
15:39:25 <WARN> "general_cleanup" filter: Cc1ccc(cc1)-n1ccnc1-c1cc(nn2c(ccnc12)-c1ccco1)-c1ccnc(OC(F)F)c1 is invalid
15:39:25 <WARN> "general_cleanup" filter: Cc1ccc(cc1)-n1ccnc1-c1cc(nn2c(ccnc12)-c1ccco1)-c1ccnc(OC(F)F)c1 is invalid
15:39:25 <WARN> "get_largest_fragment" filter: OC(=O)CCSc1nnc(-c2cccc(CNC(=O)c3ccccc3)s2)n1 is invalid
15:39:25 <WARN> "general_cleanup" filter: OC(=O)CCSc1nnc(-c2cccc(CNC(=O)c3ccccc3)s2)n1 is invalid
15:39:25 <WARN> "general_cleanup" filter: OC(=O)CCSc1nnc(-c2cccc(CNC(=O)c3ccccc3)s2)n1 is invalid
15:39:25 <WARN> "get_largest_fragment" filter: COCCCOc1cccc(CNC(=O)c2cc(CNC(=O)C(CC3NCCC(Cc4ccc(OC)c(F)c24)C(F)(F)F)C3)C(F)(F)F)cc1 is invalid
15:39:25 <WARN> "general_cleanup" filter: COCCCOc1cccc(CNC(=O)c2cc(CNC(=O)C(CC3NCCC(Cc4ccc(OC)c(F)c24)C(F)(F)F)C3)C(F)(F)F)cc1 is invalid
15:39:25 <WARN> "general_cleanup" filter: COCCCOc1cccc(CNC(=O)c2cc(CNC(=O)C(CC3NCCC(Cc4ccc(OC)c(F)c24)C(F)(F)F)C3)C(F)(F)F)cc1 is invalid
15:39:25 <WARN> "get_largest_fragment" filter: CC(C)CCc1ccc(cc1)-c1nc2ccc3cccc4cncc3c2c1N is invalid
15:39:25 <WARN> "general_cleanup" filter: CC(C)CCc1ccc(cc1)-c1nc2ccc3cccc4cncc3c2c1N is invalid
15:39:25 <WARN> "general_cleanup" filter: CC(C)CCc1ccc(cc1)-c1nc2ccc3cccc4cncc3c2c1N is invalid
15:39:25 <WARN> "get_largest_fragment" filter: CCc1nnc2N=CN(CCC(C)C)C(=O)Oc12 is invalid
15:39:25 <WARN> "general_cleanup" filter: CCc1nnc2N=CN(CCC(C)C)C(=O)Oc12 is invalid
15:39:25 <WARN> "general_cleanup" filter: CCc1nnc2N=CN(CCC(C)C)C(=O)Oc12 is invalid
15:39:25 <WARN> "get_largest_fragment" filter: BrC1C(Br)=C(F)C(=C1CC=C1CC2CC4OC2C1)c1ccccc1 is invalid
15:39:25 <WARN> "general_cleanup" filter: BrC1C(Br)=C(F)C(=C1CC=C1CC2CC4OC2C1)c1ccccc1 is invalid
15:39:25 <WARN> "general_cleanup" filter: BrC1C(Br)=C(F)C(=C1CC=C1CC2CC4OC2C1)c1ccccc1 is invalid
15:39:25 <WARN> "get_largest_fragment" filter: CCCn1cc2N=C3Cl)C(NC(=O)C3(C)CN3Cc4ccc(Cl)cc4C3=Nc2n1 is invalid
15:39:25 <WARN> "general_cleanup" filter: CCCn1cc2N=C3Cl)C(NC(=O)C3(C)CN3Cc4ccc(Cl)cc4C3=Nc2n1 is invalid
15:39:25 <WARN> "general_cleanup" filter: CCCn1cc2N=C3Cl)C(NC(=O)C3(C)CN3Cc4ccc(Cl)cc4C3=Nc2n1 is invalid
15:39:25 <WARN> "get_largest_fragment" filter: CC12CCc3sc4CCCc1c23 is invalid
15:39:25 <WARN> "general_cleanup" filter: CC12CCc3sc4CCCc1c23 is invalid
15:39:25 <WARN> "general_cleanup" filter: CC12CCc3sc4CCCc1c23 is invalid
15:39:25 <WARN> "get_largest_fragment" filter: Cn1ncc2c(nc3ccc(nc3n12)-c1cccc(Cl)c1)-c1ccco1 is invalid
15:39:25 <WARN> "general_cleanup" filter: Cn1ncc2c(nc3ccc(nc3n12)-c1cccc(Cl)c1)-c1ccco1 is invalid
15:39:25 <WARN> "general_cleanup" filter: Cn1ncc2c(nc3ccc(nc3n12)-c1cccc(Cl)c1)-c1ccco1 is invalid
15:39:25 <WARN> "get_largest_fragment" filter: Cc1sc(Nc2nnc(CCC3=C(O)C(=O)OC(C)(C)C3)n2)cc1-c1ccccc1 is invalid
15:39:25 <WARN> "general_cleanup" filter: Cc1sc(Nc2nnc(CCC3=C(O)C(=O)OC(C)(C)C3)n2)cc1-c1ccccc1 is invalid
15:39:25 <WARN> "general_cleanup" filter: Cc1sc(Nc2nnc(CCC3=C(O)C(=O)OC(C)(C)C3)n2)cc1-c1ccccc1 is invalid
15:39:25 <WARN> "get_largest_fragment" filter: CCC(=O)Nc1ccc(CC(=O)OCC(=O)CCl)n1 is invalid
15:39:25 <WARN> "general_cleanup" filter: CCC(=O)Nc1ccc(CC(=O)OCC(=O)CCl)n1 is invalid
15:39:25 <WARN> "general_cleanup" filter: CCC(=O)Nc1ccc(CC(=O)OCC(=O)CCl)n1 is invalid
15:39:25 <WARN> "get_largest_fragment" filter: CN(c1ccc(OCC(=O)NS(=O)(=O)c2ccc(cc2)C(N)=N)n1)c1ccc(cc1)C(N)=N is invalid
15:39:25 <WARN> "general_cleanup" filter: CN(c1ccc(OCC(=O)NS(=O)(=O)c2ccc(cc2)C(N)=N)n1)c1ccc(cc1)C(N)=N is invalid
15:39:25 <WARN> "general_cleanup" filter: CN(c1ccc(OCC(=O)NS(=O)(=O)c2ccc(cc2)C(N)=N)n1)c1ccc(cc1)C(N)=N is invalid
15:39:25 <WARN> "get_largest_fragment" filter: CC1OC(OC(C(C1C(=O)OCC(=O)NCC(C)(C)O)c1ccc(cc1)C(O)=O)C(O)=O is invalid
15:39:25 <WARN> "general_cleanup" filter: CC1OC(OC(C(C1C(=O)OCC(=O)NCC(C)(C)O)c1ccc(cc1)C(O)=O)C(O)=O is invalid
15:39:25 <WARN> "general_cleanup" filter: CC1OC(OC(C(C1C(=O)OCC(=O)NCC(C)(C)O)c1ccc(cc1)C(O)=O)C(O)=O is invalid
15:39:25 <WARN> "get_largest_fragment" filter: CCCCCCCCCC12CC3C4OC(=O)C(O)C4(O1)CCC1C4CCC(O)CCC213 is invalid
15:39:25 <WARN> "general_cleanup" filter: CCCCCCCCCC12CC3C4OC(=O)C(O)C4(O1)CCC1C4CCC(O)CCC213 is invalid
15:39:25 <WARN> "general_cleanup" filter: CCCCCCCCCC12CC3C4OC(=O)C(O)C4(O1)CCC1C4CCC(O)CCC213 is invalid
15:39:25 <WARN> "get_largest_fragment" filter: CCN1c2ncnc(N3CCCC4CC3)c2C(=O)N(CC(O)=O)C1=O is invalid
15:39:25 <WARN> "general_cleanup" filter: CCN1c2ncnc(N3CCCC4CC3)c2C(=O)N(CC(O)=O)C1=O is invalid
15:39:25 <WARN> "general_cleanup" filter: CCN1c2ncnc(N3CCCC4CC3)c2C(=O)N(CC(O)=O)C1=O is invalid
15:39:25 <WARN> "get_largest_fragment" filter: CCCCCCC1=CC(=O)C(CCc2c(OC)c(Oc3cccc(c3)-c3ccc(CNC(C)=O)cc3)c3ccccc3)ccc2N1 is invalid
15:39:25 <WARN> "general_cleanup" filter: CCCCCCC1=CC(=O)C(CCc2c(OC)c(Oc3cccc(c3)-c3ccc(CNC(C)=O)cc3)c3ccccc3)ccc2N1 is invalid
15:39:25 <WARN> "general_cleanup" filter: CCCCCCC1=CC(=O)C(CCc2c(OC)c(Oc3cccc(c3)-c3ccc(CNC(C)=O)cc3)c3ccccc3)ccc2N1 is invalid
15:39:25 <WARN> "get_largest_fragment" filter: Nc1nc[n+]([O-])c2cc3CCc4cccc(-c4ccccc4)c3nc12 is invalid
15:39:25 <WARN> "general_cleanup" filter: Nc1nc[n+]([O-])c2cc3CCc4cccc(-c4ccccc4)c3nc12 is invalid
15:39:25 <WARN> "general_cleanup" filter: Nc1nc[n+]([O-])c2cc3CCc4cccc(-c4ccccc4)c3nc12 is invalid
15:39:25 <WARN> "get_largest_fragment" filter: CC12CCC3C(CCC4CC35CCCN2C1)c1cccc(NS(=O)(=O)c2cccs2)c1 is invalid
15:39:25 <WARN> "general_cleanup" filter: CC12CCC3C(CCC4CC35CCCN2C1)c1cccc(NS(=O)(=O)c2cccs2)c1 is invalid
15:39:25 <WARN> "general_cleanup" filter: CC12CCC3C(CCC4CC35CCCN2C1)c1cccc(NS(=O)(=O)c2cccs2)c1 is invalid
15:39:25 <WARN> "get_largest_fragment" filter: COc1cc2c(cc1OCCCCC1CCCCC1)NS(N)(=O)=O is invalid
15:39:25 <WARN> "general_cleanup" filter: COc1cc2c(cc1OCCCCC1CCCCC1)NS(N)(=O)=O is invalid
15:39:25 <WARN> "general_cleanup" filter: COc1cc2c(cc1OCCCCC1CCCCC1)NS(N)(=O)=O is invalid
15:39:25 <WARN> "get_largest_fragment" filter: COc1ccc(COc2c3C(CC(C)C(N(C)C(=O)N4CCOCC4)c4ccccc34)c2cc1O)C(O)=O is invalid
15:39:25 <WARN> "general_cleanup" filter: COc1ccc(COc2c3C(CC(C)C(N(C)C(=O)N4CCOCC4)c4ccccc34)c2cc1O)C(O)=O is invalid
15:39:25 <WARN> "general_cleanup" filter: COc1ccc(COc2c3C(CC(C)C(N(C)C(=O)N4CCOCC4)c4ccccc34)c2cc1O)C(O)=O is invalid
15:39:25 <WARN> "get_largest_fragment" filter: COc1cc2c(C(CN(C)C)C(=O)Nc3cccc(CN4CCCC4)c3)n(CC(C)C)c2cc1OC is invalid
15:39:25 <WARN> "general_cleanup" filter: COc1cc2c(C(CN(C)C)C(=O)Nc3cccc(CN4CCCC4)c3)n(CC(C)C)c2cc1OC is invalid
15:39:25 <WARN> "general_cleanup" filter: COc1cc2c(C(CN(C)C)C(=O)Nc3cccc(CN4CCCC4)c3)n(CC(C)C)c2cc1OC is invalid
15:39:25 <WARN> "get_largest_fragment" filter: CC(C)c1cc(CC(Nc2nc3N(CCC(=O)c2c3)N(=O)=O)cc1)C(=O)c1ccc(Cl)cc1 is invalid
15:39:25 <WARN> "general_cleanup" filter: CC(C)c1cc(CC(Nc2nc3N(CCC(=O)c2c3)N(=O)=O)cc1)C(=O)c1ccc(Cl)cc1 is invalid
15:39:25 <WARN> "general_cleanup" filter: CC(C)c1cc(CC(Nc2nc3N(CCC(=O)c2c3)N(=O)=O)cc1)C(=O)c1ccc(Cl)cc1 is invalid
15:39:25 <WARN> "get_largest_fragment" filter: CC1CN(CC(O)C1)c1ncc2nccc(OCC3CCN(C)CC3)n2n1 is invalid
15:39:25 <WARN> "general_cleanup" filter: CC1CN(CC(O)C1)c1ncc2nccc(OCC3CCN(C)CC3)n2n1 is invalid
15:39:25 <WARN> "general_cleanup" filter: CC1CN(CC(O)C1)c1ncc2nccc(OCC3CCN(C)CC3)n2n1 is invalid
15:39:25 <WARN> "get_largest_fragment" filter: Cc1ccccc1-n1ncc2cc(ncn12)-c1ccc(Cc2ccco2)cc1 is invalid
15:39:25 <WARN> "general_cleanup" filter: Cc1ccccc1-n1ncc2cc(ncn12)-c1ccc(Cc2ccco2)cc1 is invalid
15:39:25 <WARN> "general_cleanup" filter: Cc1ccccc1-n1ncc2cc(ncn12)-c1ccc(Cc2ccco2)cc1 is invalid
15:39:25 <WARN> "get_largest_fragment" filter: COc1ccc(Nc2c3cc4ccccc4nc3cc2Cl)cc1Cl is invalid
15:39:25 <WARN> "general_cleanup" filter: COc1ccc(Nc2c3cc4ccccc4nc3cc2Cl)cc1Cl is invalid
15:39:25 <WARN> "general_cleanup" filter: COc1ccc(Nc2c3cc4ccccc4nc3cc2Cl)cc1Cl is invalid
15:39:25 <WARN> "get_largest_fragment" filter: Cc1sc(-c2cccs2)c2nc(nn12)N1CCN(CC1)C(=O)Cc1ccc2OCCc2c1 is invalid
15:39:25 <WARN> "general_cleanup" filter: Cc1sc(-c2cccs2)c2nc(nn12)N1CCN(CC1)C(=O)Cc1ccc2OCCc2c1 is invalid
15:39:25 <WARN> "general_cleanup" filter: Cc1sc(-c2cccs2)c2nc(nn12)N1CCN(CC1)C(=O)Cc1ccc2OCCc2c1 is invalid
15:39:25 <WARN> "get_largest_fragment" filter: NC(Cc1ccccc1)C(=O)NCCC(=O)N1CC(=O)c2c)ccc(OCC(O)CCn3cccc3C1=NC2 is invalid
15:39:25 <WARN> "general_cleanup" filter: NC(Cc1ccccc1)C(=O)NCCC(=O)N1CC(=O)c2c)ccc(OCC(O)CCn3cccc3C1=NC2 is invalid
15:39:25 <WARN> "general_cleanup" filter: NC(Cc1ccccc1)C(=O)NCCC(=O)N1CC(=O)c2c)ccc(OCC(O)CCn3cccc3C1=NC2 is invalid
15:39:25 <WARN> "get_largest_fragment" filter: O=C1C(CCc2ccccc2)=NNC1=Cc1cc(C=C2SC(=O)NC2=O)s1 is invalid
15:39:25 <WARN> "general_cleanup" filter: O=C1C(CCc2ccccc2)=NNC1=Cc1cc(C=C2SC(=O)NC2=O)s1 is invalid
15:39:25 <WARN> "general_cleanup" filter: O=C1C(CCc2ccccc2)=NNC1=Cc1cc(C=C2SC(=O)NC2=O)s1 is invalid
15:39:25 <WARN> "get_largest_fragment" filter: CCOC(=O)Nc1cc2c(NCCc3cn(C)c(C)nc3C)ccnc2n1 is invalid
15:39:25 <WARN> "general_cleanup" filter: CCOC(=O)Nc1cc2c(NCCc3cn(C)c(C)nc3C)ccnc2n1 is invalid
15:39:25 <WARN> "general_cleanup" filter: CCOC(=O)Nc1cc2c(NCCc3cn(C)c(C)nc3C)ccnc2n1 is invalid
15:39:25 <WARN> "get_largest_fragment" filter: CCCC1OC(=O)C11CCC2C3C(CCC4C(C)(C)OC(=O)CCC44C)C3CCC12C is invalid
15:39:25 <WARN> "general_cleanup" filter: CCCC1OC(=O)C11CCC2C3C(CCC4C(C)(C)OC(=O)CCC44C)C3CCC12C is invalid
15:39:25 <WARN> "general_cleanup" filter: CCCC1OC(=O)C11CCC2C3C(CCC4C(C)(C)OC(=O)CCC44C)C3CCC12C is invalid
15:39:25 <WARN> "get_largest_fragment" filter: Cc1ccc2N(C=Nc2c1)c1cn2C(Cc3ccccc3)C(=O)N(C(CN3CCOCC3)c3ccncc3)=C(C)c2c1 is invalid
15:39:25 <WARN> "general_cleanup" filter: Cc1ccc2N(C=Nc2c1)c1cn2C(Cc3ccccc3)C(=O)N(C(CN3CCOCC3)c3ccncc3)=C(C)c2c1 is invalid
15:39:25 <WARN> "general_cleanup" filter: Cc1ccc2N(C=Nc2c1)c1cn2C(Cc3ccccc3)C(=O)N(C(CN3CCOCC3)c3ccncc3)=C(C)c2c1 is invalid
15:39:25 <WARN> "get_largest_fragment" filter: COc1cc(Nc2c3c(Nc4ccc(OC)c(OC)c4)cc(cc3c3CCN(C)CCc8ncnc(F)c4)ccc2[nH]1)C3=O is invalid
15:39:25 <WARN> "general_cleanup" filter: COc1cc(Nc2c3c(Nc4ccc(OC)c(OC)c4)cc(cc3c3CCN(C)CCc8ncnc(F)c4)ccc2[nH]1)C3=O is invalid
15:39:25 <WARN> "general_cleanup" filter: COc1cc(Nc2c3c(Nc4ccc(OC)c(OC)c4)cc(cc3c3CCN(C)CCc8ncnc(F)c4)ccc2[nH]1)C3=O is invalid
15:39:25 <WARN> "get_largest_fragment" filter: CC(=O)OCC12CCC(O)CC1C1CCC3(O)OC4=C(O)C=C(C)C1(O)CC23 is invalid
15:39:25 <WARN> "general_cleanup" filter: CC(=O)OCC12CCC(O)CC1C1CCC3(O)OC4=C(O)C=C(C)C1(O)CC23 is invalid
15:39:25 <WARN> "general_cleanup" filter: CC(=O)OCC12CCC(O)CC1C1CCC3(O)OC4=C(O)C=C(C)C1(O)CC23 is invalid
15:39:25 <WARN> "get_largest_fragment" filter: OC12OOC3(O)C4(C)C(O)C(O)C(O)(C4CBr)C3(C)C12 is invalid
15:39:25 <WARN> "general_cleanup" filter: OC12OOC3(O)C4(C)C(O)C(O)C(O)(C4CBr)C3(C)C12 is invalid
15:39:25 <WARN> "general_cleanup" filter: OC12OOC3(O)C4(C)C(O)C(O)C(O)(C4CBr)C3(C)C12 is invalid
15:39:25 <WARN> "get_largest_fragment" filter: CN(CC(=O)Nc1cc2c(OCCN3CCCC3)cccc2n1)c1ccccc1 is invalid
15:39:25 <WARN> "general_cleanup" filter: CN(CC(=O)Nc1cc2c(OCCN3CCCC3)cccc2n1)c1ccccc1 is invalid
15:39:25 <WARN> "general_cleanup" filter: CN(CC(=O)Nc1cc2c(OCCN3CCCC3)cccc2n1)c1ccccc1 is invalid
15:39:25 <WARN> "get_largest_fragment" filter: Clc1ccc2[nH]c3nc4cnnc(-c4ccccc4)c3cc2c1 is invalid
15:39:25 <WARN> "general_cleanup" filter: Clc1ccc2[nH]c3nc4cnnc(-c4ccccc4)c3cc2c1 is invalid
15:39:25 <WARN> "general_cleanup" filter: Clc1ccc2[nH]c3nc4cnnc(-c4ccccc4)c3cc2c1 is invalid
15:39:25 <WARN> "get_largest_fragment" filter: Cc1ccc2c(NC=CC(=N)C=CC(=O)Nc3nccs3)oc2c1 is invalid
15:39:25 <WARN> "general_cleanup" filter: Cc1ccc2c(NC=CC(=N)C=CC(=O)Nc3nccs3)oc2c1 is invalid
15:39:25 <WARN> "general_cleanup" filter: Cc1ccc2c(NC=CC(=N)C=CC(=O)Nc3nccs3)oc2c1 is invalid
15:39:25 <WARN> "get_largest_fragment" filter: CC(C)C1CCC(=CCCCCC3C(O)CC(O)C1=C)C(O)CSCCSCCCCCCCCCCCCCCCCCCCCCCCCCCCCC(C)=CCCCCCCCCCCCC(O)CCCCCCCCCCC(=O)NC(CSCC)C(N)=O is invalid
15:39:25 <WARN> "general_cleanup" filter: CC(C)C1CCC(=CCCCCC3C(O)CC(O)C1=C)C(O)CSCCSCCCCCCCCCCCCCCCCCCCCCCCCCCCCC(C)=CCCCCCCCCCCCC(O)CCCCCCCCCCC(=O)NC(CSCC)C(N)=O is invalid
15:39:25 <WARN> "general_cleanup" filter: CC(C)C1CCC(=CCCCCC3C(O)CC(O)C1=C)C(O)CSCCSCCCCCCCCCCCCCCCCCCCCCCCCCCCCC(C)=CCCCCCCCCCCCC(O)CCCCCCCCCCC(=O)NC(CSCC)C(N)=O is invalid
15:39:25 <WARN> "get_largest_fragment" filter: Cn1c2Cc3cccc4C(=O)N=C(NCCN5CCCC5)c4c3c2cc1C#N is invalid
15:39:25 <WARN> "general_cleanup" filter: Cn1c2Cc3cccc4C(=O)N=C(NCCN5CCCC5)c4c3c2cc1C#N is invalid
15:39:25 <WARN> "general_cleanup" filter: Cn1c2Cc3cccc4C(=O)N=C(NCCN5CCCC5)c4c3c2cc1C#N is invalid
15:39:25 <WARN> "get_largest_fragment" filter: CC12CCC=C3C=CC(CC(=O)N5)c4ccccc4C3CCCC12C is invalid
15:39:25 <WARN> "general_cleanup" filter: CC12CCC=C3C=CC(CC(=O)N5)c4ccccc4C3CCCC12C is invalid
15:39:25 <WARN> "general_cleanup" filter: CC12CCC=C3C=CC(CC(=O)N5)c4ccccc4C3CCCC12C is invalid
15:39:25 <WARN> "get_largest_fragment" filter: Cc1nn(CC(=O)N2NC(c3ccccc3)c3ccccc23)c2cc(ccc2n1)N(=O)=O is invalid
15:39:25 <WARN> "general_cleanup" filter: Cc1nn(CC(=O)N2NC(c3ccccc3)c3ccccc23)c2cc(ccc2n1)N(=O)=O is invalid
15:39:25 <WARN> "general_cleanup" filter: Cc1nn(CC(=O)N2NC(c3ccccc3)c3ccccc23)c2cc(ccc2n1)N(=O)=O is invalid
15:39:25 <WARN> "get_largest_fragment" filter: CC12CN3C(C1=O)C1(O)NC(C)(C)C(=O)C=C123 is invalid
15:39:25 <WARN> "general_cleanup" filter: CC12CN3C(C1=O)C1(O)NC(C)(C)C(=O)C=C123 is invalid
15:39:25 <WARN> "general_cleanup" filter: CC12CN3C(C1=O)C1(O)NC(C)(C)C(=O)C=C123 is invalid
15:39:25 <WARN> "get_largest_fragment" filter: CCC(=O)N1CCc2nc(N3CCOCC3)c3N(C)N(C(=O)c23)CC1 is invalid
15:39:25 <WARN> "general_cleanup" filter: CCC(=O)N1CCc2nc(N3CCOCC3)c3N(C)N(C(=O)c23)CC1 is invalid
15:39:25 <WARN> "general_cleanup" filter: CCC(=O)N1CCc2nc(N3CCOCC3)c3N(C)N(C(=O)c23)CC1 is invalid
15:39:25 <WARN> "get_largest_fragment" filter: CN1C(=O)N=C2N=C(Nc3cc(CN4CCN(CC4)C(=O)c4cc5C(=O)Nc4c3)[N+](C)(C)C)c12 is invalid
15:39:25 <WARN> "general_cleanup" filter: CN1C(=O)N=C2N=C(Nc3cc(CN4CCN(CC4)C(=O)c4cc5C(=O)Nc4c3)[N+](C)(C)C)c12 is invalid
15:39:25 <WARN> "general_cleanup" filter: CN1C(=O)N=C2N=C(Nc3cc(CN4CCN(CC4)C(=O)c4cc5C(=O)Nc4c3)[N+](C)(C)C)c12 is invalid
15:39:25 <WARN> "get_largest_fragment" filter: COC1CCn2c(C1)c(cn2C1CCCCC1)N1CSC(C)C1=O is invalid
15:39:25 <WARN> "general_cleanup" filter: COC1CCn2c(C1)c(cn2C1CCCCC1)N1CSC(C)C1=O is invalid
15:39:25 <WARN> "general_cleanup" filter: COC1CCn2c(C1)c(cn2C1CCCCC1)N1CSC(C)C1=O is invalid
15:39:25 <WARN> "get_largest_fragment" filter: NNS(=O)(=O)c1cccc(CC2=NNC(=O)C2N2CCN(C)c3ncns23)c1 is invalid
15:39:25 <WARN> "general_cleanup" filter: NNS(=O)(=O)c1cccc(CC2=NNC(=O)C2N2CCN(C)c3ncns23)c1 is invalid
15:39:25 <WARN> "general_cleanup" filter: NNS(=O)(=O)c1cccc(CC2=NNC(=O)C2N2CCN(C)c3ncns23)c1 is invalid
15:39:25 <WARN> "get_largest_fragment" filter: Cc1cc2CN3CC(CNC3S(=O)(=O)c3ccc(Cl)s3)=NNC(=CC3CCCCC3)c2c2c([nH]c12)-c1ccccc1 is invalid
15:39:25 <WARN> "general_cleanup" filter: Cc1cc2CN3CC(CNC3S(=O)(=O)c3ccc(Cl)s3)=NNC(=CC3CCCCC3)c2c2c([nH]c12)-c1ccccc1 is invalid
15:39:25 <WARN> "general_cleanup" filter: Cc1cc2CN3CC(CNC3S(=O)(=O)c3ccc(Cl)s3)=NNC(=CC3CCCCC3)c2c2c([nH]c12)-c1ccccc1 is invalid
15:39:25 <WARN> "get_largest_fragment" filter: COc1c(C=Cc2cccs2)cc(c-2c1oc2C#N)N(=O)=O is invalid
15:39:25 <WARN> "general_cleanup" filter: COc1c(C=Cc2cccs2)cc(c-2c1oc2C#N)N(=O)=O is invalid
15:39:25 <WARN> "general_cleanup" filter: COc1c(C=Cc2cccs2)cc(c-2c1oc2C#N)N(=O)=O is invalid
15:39:25 <WARN> "get_largest_fragment" filter: CN(CCOC(C)(C)C is invalid
15:39:25 <WARN> "general_cleanup" filter: CN(CCOC(C)(C)C is invalid
15:39:25 <WARN> "general_cleanup" filter: CN(CCOC(C)(C)C is invalid
15:39:25 <WARN> "get_largest_fragment" filter: CCCC(=O)c1c[nH]c(CC(C)(C)Cc2cNC(N)=O)c(N)nc2c1 is invalid
15:39:25 <WARN> "general_cleanup" filter: CCCC(=O)c1c[nH]c(CC(C)(C)Cc2cNC(N)=O)c(N)nc2c1 is invalid
15:39:25 <WARN> "general_cleanup" filter: CCCC(=O)c1c[nH]c(CC(C)(C)Cc2cNC(N)=O)c(N)nc2c1 is invalid
15:39:25 <WARN> "get_largest_fragment" filter: C1CCc2nc3cc(CN(Cc4cccc5ccccc46)ccc3[nH]2)C1c1ccc(Cl)cc1 is invalid
15:39:25 <WARN> "general_cleanup" filter: C1CCc2nc3cc(CN(Cc4cccc5ccccc46)ccc3[nH]2)C1c1ccc(Cl)cc1 is invalid
15:39:25 <WARN> "general_cleanup" filter: C1CCc2nc3cc(CN(Cc4cccc5ccccc46)ccc3[nH]2)C1c1ccc(Cl)cc1 is invalid
15:39:25 <WARN> "get_largest_fragment" filter: CNC(=O)C1CCN(CC1)c1ncnc2N(C)C(=O)N(C)C=C1c1ccccc21 is invalid
15:39:25 <WARN> "general_cleanup" filter: CNC(=O)C1CCN(CC1)c1ncnc2N(C)C(=O)N(C)C=C1c1ccccc21 is invalid
15:39:25 <WARN> "general_cleanup" filter: CNC(=O)C1CCN(CC1)c1ncnc2N(C)C(=O)N(C)C=C1c1ccccc21 is invalid
15:39:25 <WARN> "get_largest_fragment" filter: CC(CN1CCN(CCn2cc(c3cc(Cl)ccc3n2)C(F)(F)F)CC1)Cc1ccccc1 is invalid
15:39:25 <WARN> "general_cleanup" filter: CC(CN1CCN(CCn2cc(c3cc(Cl)ccc3n2)C(F)(F)F)CC1)Cc1ccccc1 is invalid
15:39:25 <WARN> "general_cleanup" filter: CC(CN1CCN(CCn2cc(c3cc(Cl)ccc3n2)C(F)(F)F)CC1)Cc1ccccc1 is invalid
15:39:25 <WARN> "get_largest_fragment" filter: CCCCCC(NC(=O)C(NO)C(C)(C)C)C1CC2(C)OC2(C)CCCC12C is invalid
15:39:25 <WARN> "general_cleanup" filter: CCCCCC(NC(=O)C(NO)C(C)(C)C)C1CC2(C)OC2(C)CCCC12C is invalid
15:39:25 <WARN> "general_cleanup" filter: CCCCCC(NC(=O)C(NO)C(C)(C)C)C1CC2(C)OC2(C)CCCC12C is invalid
15:39:25 <WARN> "get_largest_fragment" filter: CC12CCC3C(CC=C4CC(O)C4(C)CCC(C)(C)C3CCC12C)N1CCCC1 is invalid
15:39:25 <WARN> "general_cleanup" filter: CC12CCC3C(CC=C4CC(O)C4(C)CCC(C)(C)C3CCC12C)N1CCCC1 is invalid
15:39:25 <WARN> "general_cleanup" filter: CC12CCC3C(CC=C4CC(O)C4(C)CCC(C)(C)C3CCC12C)N1CCCC1 is invalid
15:39:25 <WARN> "get_largest_fragment" filter: CCCCCC(=O)c1cccc2Oc3c5OCOC6CCOC4N(OC(=O)c1c2)c1CCCC34C is invalid
15:39:25 <WARN> "general_cleanup" filter: CCCCCC(=O)c1cccc2Oc3c5OCOC6CCOC4N(OC(=O)c1c2)c1CCCC34C is invalid
15:39:25 <WARN> "general_cleanup" filter: CCCCCC(=O)c1cccc2Oc3c5OCOC6CCOC4N(OC(=O)c1c2)c1CCCC34C is invalid
15:39:25 <WARN> "get_largest_fragment" filter: COc1cc2N(CCCNC(=O)Cc3ccc4oc(-c4cccnc4)c3)Oc2c2CCC(O)c3ccc(O)c(OC)c3-c12 is invalid
15:39:25 <WARN> "general_cleanup" filter: COc1cc2N(CCCNC(=O)Cc3ccc4oc(-c4cccnc4)c3)Oc2c2CCC(O)c3ccc(O)c(OC)c3-c12 is invalid
15:39:25 <WARN> "general_cleanup" filter: COc1cc2N(CCCNC(=O)Cc3ccc4oc(-c4cccnc4)c3)Oc2c2CCC(O)c3ccc(O)c(OC)c3-c12 is invalid
15:39:25 <WARN> "get_largest_fragment" filter: NC1CC(c2ccccc2)C=C(C1)NCC1Br is invalid
15:39:25 <WARN> "general_cleanup" filter: NC1CC(c2ccccc2)C=C(C1)NCC1Br is invalid
15:39:25 <WARN> "general_cleanup" filter: NC1CC(c2ccccc2)C=C(C1)NCC1Br is invalid
15:39:25 <WARN> "get_largest_fragment" filter: CC(C)(C)C(NC(=O)c1cc2c(CCCC(C)C)cccc2s1)C1CC2CCC3C(O)CC=C4CC(CCC5(C)C3CCO)CCCO2)c2c(O)cccc12 is invalid
15:39:25 <WARN> "general_cleanup" filter: CC(C)(C)C(NC(=O)c1cc2c(CCCC(C)C)cccc2s1)C1CC2CCC3C(O)CC=C4CC(CCC5(C)C3CCO)CCCO2)c2c(O)cccc12 is invalid
15:39:25 <WARN> "general_cleanup" filter: CC(C)(C)C(NC(=O)c1cc2c(CCCC(C)C)cccc2s1)C1CC2CCC3C(O)CC=C4CC(CCC5(C)C3CCO)CCCO2)c2c(O)cccc12 is invalid
15:39:25 <WARN> "get_largest_fragment" filter: CNC(=O)C12CCCC1C1CC2c2c(OC1=O)nnc2-c1ccccc1 is invalid
15:39:25 <WARN> "general_cleanup" filter: CNC(=O)C12CCCC1C1CC2c2c(OC1=O)nnc2-c1ccccc1 is invalid
15:39:25 <WARN> "general_cleanup" filter: CNC(=O)C12CCCC1C1CC2c2c(OC1=O)nnc2-c1ccccc1 is invalid
15:39:25 <WARN> "get_largest_fragment" filter: OCC1OC(C(O)C(O)C1O)n1cnc2c(NCCNCCc3ccccc3)nc3cc(Cl)ccc13 is invalid
15:39:25 <WARN> "general_cleanup" filter: OCC1OC(C(O)C(O)C1O)n1cnc2c(NCCNCCc3ccccc3)nc3cc(Cl)ccc13 is invalid
15:39:25 <WARN> "general_cleanup" filter: OCC1OC(C(O)C(O)C1O)n1cnc2c(NCCNCCc3ccccc3)nc3cc(Cl)ccc13 is invalid
15:39:25 <WARN> "get_largest_fragment" filter: COc1cc2OC(=O)C(c3ccc4ccccc4c(C)c3)C(=O)c2cc1O is invalid
15:39:25 <WARN> "general_cleanup" filter: COc1cc2OC(=O)C(c3ccc4ccccc4c(C)c3)C(=O)c2cc1O is invalid
15:39:25 <WARN> "general_cleanup" filter: COc1cc2OC(=O)C(c3ccc4ccccc4c(C)c3)C(=O)c2cc1O is invalid
15:39:25 <WARN> "get_largest_fragment" filter: Oc1ccc2ccno2c1 is invalid
15:39:25 <WARN> "general_cleanup" filter: Oc1ccc2ccno2c1 is invalid
15:39:25 <WARN> "general_cleanup" filter: Oc1ccc2ccno2c1 is invalid
15:39:25 <WARN> "get_largest_fragment" filter: COc1cc(cc(O)c1O)-c1nc(N2CCOCC2)c2nc(C)c(C)o2n1 is invalid
15:39:25 <WARN> "general_cleanup" filter: COc1cc(cc(O)c1O)-c1nc(N2CCOCC2)c2nc(C)c(C)o2n1 is invalid
15:39:25 <WARN> "general_cleanup" filter: COc1cc(cc(O)c1O)-c1nc(N2CCOCC2)c2nc(C)c(C)o2n1 is invalid
15:39:25 <WARN> "get_largest_fragment" filter: CN1C(=O)N(c2c1ccc(Nc2ncnc2N)C(C)(C)C)N1CCCC1 is invalid
15:39:25 <WARN> "general_cleanup" filter: CN1C(=O)N(c2c1ccc(Nc2ncnc2N)C(C)(C)C)N1CCCC1 is invalid
15:39:25 <WARN> "general_cleanup" filter: CN1C(=O)N(c2c1ccc(Nc2ncnc2N)C(C)(C)C)N1CCCC1 is invalid
15:39:25 <WARN> "get_largest_fragment" filter: CCn1c(N)nc2c(NCC3CCCNC3)nc3ccccc3n12 is invalid
15:39:25 <WARN> "general_cleanup" filter: CCn1c(N)nc2c(NCC3CCCNC3)nc3ccccc3n12 is invalid
15:39:25 <WARN> "general_cleanup" filter: CCn1c(N)nc2c(NCC3CCCNC3)nc3ccccc3n12 is invalid
15:39:25 <WARN> "get_largest_fragment" filter: COc1ccc(cc1)-n1c(SCC(=O)N2CCOCC2)n(CC(=O)Nc2ccc3OCOc3c2)c1C1CCS(=O)(=O)C1 is invalid
15:39:25 <WARN> "general_cleanup" filter: COc1ccc(cc1)-n1c(SCC(=O)N2CCOCC2)n(CC(=O)Nc2ccc3OCOc3c2)c1C1CCS(=O)(=O)C1 is invalid
15:39:25 <WARN> "general_cleanup" filter: COc1ccc(cc1)-n1c(SCC(=O)N2CCOCC2)n(CC(=O)Nc2ccc3OCOc3c2)c1C1CCS(=O)(=O)C1 is invalid
15:39:25 <WARN> "get_largest_fragment" filter: CC(C)N1N(CC)=C(O)C(=Cc2ccc(O)c(O)c2)C1=O is invalid
15:39:25 <WARN> "general_cleanup" filter: CC(C)N1N(CC)=C(O)C(=Cc2ccc(O)c(O)c2)C1=O is invalid
15:39:25 <WARN> "general_cleanup" filter: CC(C)N1N(CC)=C(O)C(=Cc2ccc(O)c(O)c2)C1=O is invalid
15:39:25 <WARN> "get_largest_fragment" filter: Cc1ccc(CC)c(Nc2cc(nn(c2)-c2cnc[nH]2)N2CCCC2)c1 is invalid
15:39:25 <WARN> "general_cleanup" filter: Cc1ccc(CC)c(Nc2cc(nn(c2)-c2cnc[nH]2)N2CCCC2)c1 is invalid
15:39:25 <WARN> "general_cleanup" filter: Cc1ccc(CC)c(Nc2cc(nn(c2)-c2cnc[nH]2)N2CCCC2)c1 is invalid
15:39:25 <WARN> "get_largest_fragment" filter: Clc1ccc(CSc2nnc(CCCCCCn3nnnn3)n2)cc1 is invalid
15:39:25 <WARN> "general_cleanup" filter: Clc1ccc(CSc2nnc(CCCCCCn3nnnn3)n2)cc1 is invalid
15:39:25 <WARN> "general_cleanup" filter: Clc1ccc(CSc2nnc(CCCCCCn3nnnn3)n2)cc1 is invalid
15:39:25 <WARN> "get_largest_fragment" filter: CC(C)CCC(C)C1CCCc2cc3Oc4c4ccccc4n(C(=O)c4ccccc4F)c3OCOc2c1c1CCN(C)CC1 is invalid
15:39:25 <WARN> "general_cleanup" filter: CC(C)CCC(C)C1CCCc2cc3Oc4c4ccccc4n(C(=O)c4ccccc4F)c3OCOc2c1c1CCN(C)CC1 is invalid
15:39:25 <WARN> "general_cleanup" filter: CC(C)CCC(C)C1CCCc2cc3Oc4c4ccccc4n(C(=O)c4ccccc4F)c3OCOc2c1c1CCN(C)CC1 is invalid
15:39:25 <WARN> "get_largest_fragment" filter: NS(=O)(=O)c1cc(ccc1N1CCOCC1)N1CCc2ncc(F)cn12 is invalid
15:39:25 <WARN> "general_cleanup" filter: NS(=O)(=O)c1cc(ccc1N1CCOCC1)N1CCc2ncc(F)cn12 is invalid
15:39:25 <WARN> "general_cleanup" filter: NS(=O)(=O)c1cc(ccc1N1CCOCC1)N1CCc2ncc(F)cn12 is invalid
15:39:25 <WARN> "get_largest_fragment" filter: CC(C)c1c(OC2OCC(F)(F)C2Oc2ccc(C=C)cc2)ccc1O is invalid
15:39:25 <WARN> "general_cleanup" filter: CC(C)c1c(OC2OCC(F)(F)C2Oc2ccc(C=C)cc2)ccc1O is invalid
15:39:25 <WARN> "general_cleanup" filter: CC(C)c1c(OC2OCC(F)(F)C2Oc2ccc(C=C)cc2)ccc1O is invalid
15:39:25 <WARN> "get_largest_fragment" filter: Nc1nc2c(noc2n1)-c1ccccc1 is invalid
15:39:25 <WARN> "general_cleanup" filter: Nc1nc2c(noc2n1)-c1ccccc1 is invalid
15:39:25 <WARN> "general_cleanup" filter: Nc1nc2c(noc2n1)-c1ccccc1 is invalid
15:39:25 <WARN> "get_largest_fragment" filter: CN(CC(F)(F)F)C(=O)CSc1nc(cn1C)N1C2CC(CN(C)C2)C(=O)N=C1O)c1ccccc1 is invalid
15:39:25 <WARN> "general_cleanup" filter: CN(CC(F)(F)F)C(=O)CSc1nc(cn1C)N1C2CC(CN(C)C2)C(=O)N=C1O)c1ccccc1 is invalid
15:39:25 <WARN> "general_cleanup" filter: CN(CC(F)(F)F)C(=O)CSc1nc(cn1C)N1C2CC(CN(C)C2)C(=O)N=C1O)c1ccccc1 is invalid
15:39:25 <WARN> "get_largest_fragment" filter: NC1(CC2(CC1)OCCc1ccccc21)C(=O)NC12CC3CC(CC(C3)(C1)CC2)o1 is invalid
15:39:25 <WARN> "general_cleanup" filter: NC1(CC2(CC1)OCCc1ccccc21)C(=O)NC12CC3CC(CC(C3)(C1)CC2)o1 is invalid
15:39:25 <WARN> "general_cleanup" filter: NC1(CC2(CC1)OCCc1ccccc21)C(=O)NC12CC3CC(CC(C3)(C1)CC2)o1 is invalid
15:39:25 <WARN> "get_largest_fragment" filter: OC1(CCN(CC1)C(=O)C(=Cc1ccc(NC(=O)Nc2cccc(CNC(=O)c3cc4ccccc4s3)cc2)cc1)N1CCCC1)Cc1nn[nH]n1 is invalid
15:39:25 <WARN> "general_cleanup" filter: OC1(CCN(CC1)C(=O)C(=Cc1ccc(NC(=O)Nc2cccc(CNC(=O)c3cc4ccccc4s3)cc2)cc1)N1CCCC1)Cc1nn[nH]n1 is invalid
15:39:25 <WARN> "general_cleanup" filter: OC1(CCN(CC1)C(=O)C(=Cc1ccc(NC(=O)Nc2cccc(CNC(=O)c3cc4ccccc4s3)cc2)cc1)N1CCCC1)Cc1nn[nH]n1 is invalid
15:39:25 <WARN> "get_largest_fragment" filter: CNC(=O)C(CS)C1CC2(C)C3=CCC4C(C)(CCCC44C)C3c3ccc(O)cc3C(=O)C12C is invalid
15:39:25 <WARN> "general_cleanup" filter: CNC(=O)C(CS)C1CC2(C)C3=CCC4C(C)(CCCC44C)C3c3ccc(O)cc3C(=O)C12C is invalid
15:39:25 <WARN> "general_cleanup" filter: CNC(=O)C(CS)C1CC2(C)C3=CCC4C(C)(CCCC44C)C3c3ccc(O)cc3C(=O)C12C is invalid
15:39:25 <WARN> "get_largest_fragment" filter: Clc1nc(Cl)c(Cc2c(Cn3ccncn3)n3cc(ccc23)S(=O)(=O)N2CCCC2)cn1 is invalid
15:39:25 <WARN> "general_cleanup" filter: Clc1nc(Cl)c(Cc2c(Cn3ccncn3)n3cc(ccc23)S(=O)(=O)N2CCCC2)cn1 is invalid
15:39:25 <WARN> "general_cleanup" filter: Clc1nc(Cl)c(Cc2c(Cn3ccncn3)n3cc(ccc23)S(=O)(=O)N2CCCC2)cn1 is invalid
15:39:25 <WARN> "get_largest_fragment" filter: C1C(=CC2=NC(=O)c3cccc4c(N1)c23)c1ccccc1 is invalid
15:39:25 <WARN> "general_cleanup" filter: C1C(=CC2=NC(=O)c3cccc4c(N1)c23)c1ccccc1 is invalid
15:39:25 <WARN> "general_cleanup" filter: C1C(=CC2=NC(=O)c3cccc4c(N1)c23)c1ccccc1 is invalid
15:39:25 <WARN> "get_largest_fragment" filter: CC(CO)N1CC(C)C(COC(=O)CN)NC(=O)C=C(Oc2ccc(c3ccccc23)-c2cn(CC=C)n3cccc23)NC(=O)NCCc2ccccc2)C1(O)COC is invalid
15:39:25 <WARN> "general_cleanup" filter: CC(CO)N1CC(C)C(COC(=O)CN)NC(=O)C=C(Oc2ccc(c3ccccc23)-c2cn(CC=C)n3cccc23)NC(=O)NCCc2ccccc2)C1(O)COC is invalid
15:39:25 <WARN> "general_cleanup" filter: CC(CO)N1CC(C)C(COC(=O)CN)NC(=O)C=C(Oc2ccc(c3ccccc23)-c2cn(CC=C)n3cccc23)NC(=O)NCCc2ccccc2)C1(O)COC is invalid
15:39:25 <WARN> "get_largest_fragment" filter: CN(C)C(=O)COc1ccc2CCCn1c2C(O)(Cc1ccccc1)c1ccccc1 is invalid
15:39:25 <WARN> "general_cleanup" filter: CN(C)C(=O)COc1ccc2CCCn1c2C(O)(Cc1ccccc1)c1ccccc1 is invalid
15:39:25 <WARN> "general_cleanup" filter: CN(C)C(=O)COc1ccc2CCCn1c2C(O)(Cc1ccccc1)c1ccccc1 is invalid
15:39:25 <WARN> "get_largest_fragment" filter: Nc1ncn(CCOc2ccc3ccccc3c2)c(C#N)c1C is invalid
15:39:25 <WARN> "general_cleanup" filter: Nc1ncn(CCOc2ccc3ccccc3c2)c(C#N)c1C is invalid
15:39:25 <WARN> "general_cleanup" filter: Nc1ncn(CCOc2ccc3ccccc3c2)c(C#N)c1C is invalid
15:39:25 <WARN> "get_largest_fragment" filter: COc1cc2CCN3CCC(OC(C3)Cc3ccncc3)c2n1 is invalid
15:39:25 <WARN> "general_cleanup" filter: COc1cc2CCN3CCC(OC(C3)Cc3ccncc3)c2n1 is invalid
15:39:25 <WARN> "general_cleanup" filter: COc1cc2CCN3CCC(OC(C3)Cc3ccncc3)c2n1 is invalid
15:39:25 <WARN> "get_largest_fragment" filter: FC(F)(F)c1ccc(Cn2c(nnc2-c2ccccn2)C2CC3CC2)cc(F)c1C3 is invalid
15:39:25 <WARN> "general_cleanup" filter: FC(F)(F)c1ccc(Cn2c(nnc2-c2ccccn2)C2CC3CC2)cc(F)c1C3 is invalid
15:39:25 <WARN> "general_cleanup" filter: FC(F)(F)c1ccc(Cn2c(nnc2-c2ccccn2)C2CC3CC2)cc(F)c1C3 is invalid
15:39:25 <WARN> "get_largest_fragment" filter: COc1ccc(O)c(CN2CCC(C3)CCc3nc(N)nc(N)c23)c1 is invalid
15:39:25 <WARN> "general_cleanup" filter: COc1ccc(O)c(CN2CCC(C3)CCc3nc(N)nc(N)c23)c1 is invalid
15:39:25 <WARN> "general_cleanup" filter: COc1ccc(O)c(CN2CCC(C3)CCc3nc(N)nc(N)c23)c1 is invalid
15:39:25 <WARN> "get_largest_fragment" filter: Clc1cc2ncccc2c2cc(C=NNc3cccnc3)c3ccccc3n12 is invalid
15:39:25 <WARN> "general_cleanup" filter: Clc1cc2ncccc2c2cc(C=NNc3cccnc3)c3ccccc3n12 is invalid
15:39:25 <WARN> "general_cleanup" filter: Clc1cc2ncccc2c2cc(C=NNc3cccnc3)c3ccccc3n12 is invalid
15:39:25 <WARN> "get_largest_fragment" filter: Brc1cccc(NC(=O)Nc2ccc3[nH]nc(n3c2)-c2ccccc2)c1 is invalid
15:39:25 <WARN> "general_cleanup" filter: Brc1cccc(NC(=O)Nc2ccc3[nH]nc(n3c2)-c2ccccc2)c1 is invalid
15:39:25 <WARN> "general_cleanup" filter: Brc1cccc(NC(=O)Nc2ccc3[nH]nc(n3c2)-c2ccccc2)c1 is invalid
15:39:25 <WARN> "get_largest_fragment" filter: CS(=O)(=O)NCCNc1c2CCCc2n(Cc2ccccc2C#N)c2c1[nH]c1ccccc21 is invalid
15:39:25 <WARN> "general_cleanup" filter: CS(=O)(=O)NCCNc1c2CCCc2n(Cc2ccccc2C#N)c2c1[nH]c1ccccc21 is invalid
15:39:25 <WARN> "general_cleanup" filter: CS(=O)(=O)NCCNc1c2CCCc2n(Cc2ccccc2C#N)c2c1[nH]c1ccccc21 is invalid
15:39:25 <WARN> "get_largest_fragment" filter: CC(C)(C)=CCCC(C)=CCC1C(O)C2(C)C3C(O)OC(C)(O)C3C=CC22OO12 is invalid
15:39:25 <WARN> "general_cleanup" filter: CC(C)(C)=CCCC(C)=CCC1C(O)C2(C)C3C(O)OC(C)(O)C3C=CC22OO12 is invalid
15:39:25 <WARN> "general_cleanup" filter: CC(C)(C)=CCCC(C)=CCC1C(O)C2(C)C3C(O)OC(C)(O)C3C=CC22OO12 is invalid
15:39:25 <WARN> "get_largest_fragment" filter: COc1ncc(CN2CCC(C2)c2nccc[nH]2)n1C1CCCCC1 is invalid
15:39:25 <WARN> "general_cleanup" filter: COc1ncc(CN2CCC(C2)c2nccc[nH]2)n1C1CCCCC1 is invalid
15:39:25 <WARN> "general_cleanup" filter: COc1ncc(CN2CCC(C2)c2nccc[nH]2)n1C1CCCCC1 is invalid
15:39:25 <WARN> "get_largest_fragment" filter: CC1(C)CC2=C(C(C3=C(C1=O)c1ccccc1)c1cc(F)ccc1C)C3=O is invalid
15:39:25 <WARN> "general_cleanup" filter: CC1(C)CC2=C(C(C3=C(C1=O)c1ccccc1)c1cc(F)ccc1C)C3=O is invalid
15:39:25 <WARN> "general_cleanup" filter: CC1(C)CC2=C(C(C3=C(C1=O)c1ccccc1)c1cc(F)ccc1C)C3=O is invalid
15:39:25 <WARN> "get_largest_fragment" filter: Cn1cc2c3c(NC(=O)Nc4cnc4c(C)cnc5C(N)=N)ncnc4sc3c3ccc(OCCCN)c-2c13 is invalid
15:39:25 <WARN> "general_cleanup" filter: Cn1cc2c3c(NC(=O)Nc4cnc4c(C)cnc5C(N)=N)ncnc4sc3c3ccc(OCCCN)c-2c13 is invalid
15:39:25 <WARN> "general_cleanup" filter: Cn1cc2c3c(NC(=O)Nc4cnc4c(C)cnc5C(N)=N)ncnc4sc3c3ccc(OCCCN)c-2c13 is invalid
15:39:25 <WARN> "get_largest_fragment" filter: O=C(COc1ccc2OCOc2c1)C1NCc2c3C=CC(=O)N4CCc4sccc4C3=Nc2c1 is invalid
15:39:25 <WARN> "general_cleanup" filter: O=C(COc1ccc2OCOc2c1)C1NCc2c3C=CC(=O)N4CCc4sccc4C3=Nc2c1 is invalid
15:39:25 <WARN> "general_cleanup" filter: O=C(COc1ccc2OCOc2c1)C1NCc2c3C=CC(=O)N4CCc4sccc4C3=Nc2c1 is invalid
15:39:25 <WARN> "get_largest_fragment" filter: CC1OC(OC2C(O)C(CO)OC24OC(=O)C(O)c2ccc3ccccc3c2)C(=O)C(O)=C1OC is invalid
15:39:25 <WARN> "general_cleanup" filter: CC1OC(OC2C(O)C(CO)OC24OC(=O)C(O)c2ccc3ccccc3c2)C(=O)C(O)=C1OC is invalid
15:39:25 <WARN> "general_cleanup" filter: CC1OC(OC2C(O)C(CO)OC24OC(=O)C(O)c2ccc3ccccc3c2)C(=O)C(O)=C1OC is invalid
15:39:25 <WARN> "get_largest_fragment" filter: CCNc1ncc2C3CCC(C3)n2c1c1cc(C)ccc1N is invalid
15:39:25 <WARN> "general_cleanup" filter: CCNc1ncc2C3CCC(C3)n2c1c1cc(C)ccc1N is invalid
15:39:25 <WARN> "general_cleanup" filter: CCNc1ncc2C3CCC(C3)n2c1c1cc(C)ccc1N is invalid
15:39:25 <WARN> "get_largest_fragment" filter: COCCNc1ncnc2[nH]c(cn12)-c1cccc(CCc2ccccc2)c1 is invalid
15:39:25 <WARN> "general_cleanup" filter: COCCNc1ncnc2[nH]c(cn12)-c1cccc(CCc2ccccc2)c1 is invalid
15:39:25 <WARN> "general_cleanup" filter: COCCNc1ncnc2[nH]c(cn12)-c1cccc(CCc2ccccc2)c1 is invalid
15:39:25 <WARN> "get_largest_fragment" filter: COc1cc(OC)c2C(=O)CC3(O)C(CCC(O)=O)C4(C)CCC3C(C)(O)c2c1 is invalid
15:39:25 <WARN> "general_cleanup" filter: COc1cc(OC)c2C(=O)CC3(O)C(CCC(O)=O)C4(C)CCC3C(C)(O)c2c1 is invalid
15:39:25 <WARN> "general_cleanup" filter: COc1cc(OC)c2C(=O)CC3(O)C(CCC(O)=O)C4(C)CCC3C(C)(O)c2c1 is invalid
15:39:25 <WARN> "get_largest_fragment" filter: O=C(N1CCSC(=N1)c1ccccc1)c1cccc(Nc2nncnc24)c1 is invalid
15:39:25 <WARN> "general_cleanup" filter: O=C(N1CCSC(=N1)c1ccccc1)c1cccc(Nc2nncnc24)c1 is invalid
15:39:25 <WARN> "general_cleanup" filter: O=C(N1CCSC(=N1)c1ccccc1)c1cccc(Nc2nncnc24)c1 is invalid
15:39:25 <WARN> "get_largest_fragment" filter: COc1ccc(cc1)-c1ccc2N3C=CC(=O)N3C(CO)C2=O is invalid
15:39:25 <WARN> "general_cleanup" filter: COc1ccc(cc1)-c1ccc2N3C=CC(=O)N3C(CO)C2=O is invalid
15:39:25 <WARN> "general_cleanup" filter: COc1ccc(cc1)-c1ccc2N3C=CC(=O)N3C(CO)C2=O is invalid
15:39:25 <WARN> "get_largest_fragment" filter: CN1c2ncn(Cc3ccc(cc3)S(=O)(=O)c3ccc4NC(=O)Cc4c3)n2n1 is invalid
15:39:25 <WARN> "general_cleanup" filter: CN1c2ncn(Cc3ccc(cc3)S(=O)(=O)c3ccc4NC(=O)Cc4c3)n2n1 is invalid
15:39:25 <WARN> "general_cleanup" filter: CN1c2ncn(Cc3ccc(cc3)S(=O)(=O)c3ccc4NC(=O)Cc4c3)n2n1 is invalid
15:39:25 <WARN> "get_largest_fragment" filter: CN1C=Nc2[nH]nc(-c3cc(OCc4ccccc4)c(Cl)c3C(=O)C=C(N)N1)cc1nc(Nc3ccc(Nc4cccc(CN5F)cc4)n3)cn2 is invalid
15:39:25 <WARN> "general_cleanup" filter: CN1C=Nc2[nH]nc(-c3cc(OCc4ccccc4)c(Cl)c3C(=O)C=C(N)N1)cc1nc(Nc3ccc(Nc4cccc(CN5F)cc4)n3)cn2 is invalid
15:39:25 <WARN> "general_cleanup" filter: CN1C=Nc2[nH]nc(-c3cc(OCc4ccccc4)c(Cl)c3C(=O)C=C(N)N1)cc1nc(Nc3ccc(Nc4cccc(CN5F)cc4)n3)cn2 is invalid
15:39:25 <WARN> "get_largest_fragment" filter: CC=C1C2CCC((C)C2=C(COc2ccc(OC(C)C)cc2)c2ccccc2)=C(O)NC1=O is invalid
15:39:25 <WARN> "general_cleanup" filter: CC=C1C2CCC((C)C2=C(COc2ccc(OC(C)C)cc2)c2ccccc2)=C(O)NC1=O is invalid
15:39:25 <WARN> "general_cleanup" filter: CC=C1C2CCC((C)C2=C(COc2ccc(OC(C)C)cc2)c2ccccc2)=C(O)NC1=O is invalid
15:39:25 <WARN> "get_largest_fragment" filter: CC1=CC(=O)N2C=Cc3c(cc4ccccc34)C(CC(=O)Nc3ccccc3Cl)=C2S1 is invalid
15:39:25 <WARN> "general_cleanup" filter: CC1=CC(=O)N2C=Cc3c(cc4ccccc34)C(CC(=O)Nc3ccccc3Cl)=C2S1 is invalid
15:39:25 <WARN> "general_cleanup" filter: CC1=CC(=O)N2C=Cc3c(cc4ccccc34)C(CC(=O)Nc3ccccc3Cl)=C2S1 is invalid
15:39:25 <WARN> "get_largest_fragment" filter: Clc1ccc(CN2C=CC3=C2C(=O)SC(=NO)c3ccccc2)cc1 is invalid
15:39:25 <WARN> "general_cleanup" filter: Clc1ccc(CN2C=CC3=C2C(=O)SC(=NO)c3ccccc2)cc1 is invalid
15:39:25 <WARN> "general_cleanup" filter: Clc1ccc(CN2C=CC3=C2C(=O)SC(=NO)c3ccccc2)cc1 is invalid
15:39:25 <WARN> "get_largest_fragment" filter: CCC(=O)Oc1ccc(CCCc2c[nH]c3ccccc23)ccc1O is invalid
15:39:25 <WARN> "general_cleanup" filter: CCC(=O)Oc1ccc(CCCc2c[nH]c3ccccc23)ccc1O is invalid
15:39:25 <WARN> "general_cleanup" filter: CCC(=O)Oc1ccc(CCCc2c[nH]c3ccccc23)ccc1O is invalid
15:39:25 <WARN> "get_largest_fragment" filter: CCOC(=O)C1(C1CC1(C)C)C(O)=O is invalid
15:39:25 <WARN> "general_cleanup" filter: CCOC(=O)C1(C1CC1(C)C)C(O)=O is invalid
15:39:25 <WARN> "general_cleanup" filter: CCOC(=O)C1(C1CC1(C)C)C(O)=O is invalid
15:39:25 <WARN> "get_largest_fragment" filter: CCOc1ccc(NC(=O)c2cnc3n(C)nc(c32)-c2ccc(F)cc2F)cc1C(F)(F)F is invalid
15:39:25 <WARN> "general_cleanup" filter: CCOc1ccc(NC(=O)c2cnc3n(C)nc(c32)-c2ccc(F)cc2F)cc1C(F)(F)F is invalid
15:39:25 <WARN> "general_cleanup" filter: CCOc1ccc(NC(=O)c2cnc3n(C)nc(c32)-c2ccc(F)cc2F)cc1C(F)(F)F is invalid
15:39:25 <WARN> "get_largest_fragment" filter: COCCn1c(COc2ccc3C(=O)C=C(Oc3c2C)c2ccccc2)sc1NC is invalid
15:39:25 <WARN> "general_cleanup" filter: COCCn1c(COc2ccc3C(=O)C=C(Oc3c2C)c2ccccc2)sc1NC is invalid
15:39:25 <WARN> "general_cleanup" filter: COCCn1c(COc2ccc3C(=O)C=C(Oc3c2C)c2ccccc2)sc1NC is invalid
15:39:25 <WARN> "get_largest_fragment" filter: CC(=C)C1CCC2C3CCC4=CC(=O)CCC44C3CCC12C is invalid
15:39:25 <WARN> "general_cleanup" filter: CC(=C)C1CCC2C3CCC4=CC(=O)CCC44C3CCC12C is invalid
15:39:25 <WARN> "general_cleanup" filter: CC(=C)C1CCC2C3CCC4=CC(=O)CCC44C3CCC12C is invalid
15:39:25 <WARN> "get_largest_fragment" filter: CC(=O)N1CCc2c(c1)c(NC(=O)Nc1cccnc1)nn2-c1ccc(C)cc1 is invalid
15:39:25 <WARN> "general_cleanup" filter: CC(=O)N1CCc2c(c1)c(NC(=O)Nc1cccnc1)nn2-c1ccc(C)cc1 is invalid
15:39:25 <WARN> "general_cleanup" filter: CC(=O)N1CCc2c(c1)c(NC(=O)Nc1cccnc1)nn2-c1ccc(C)cc1 is invalid
15:39:25 <WARN> "get_largest_fragment" filter: CC(C)C1CCC2C3C(O)C4CC5(O)CCC4(CC33CCC12C)OC(=O)C(=C5)C34 is invalid
15:39:25 <WARN> "general_cleanup" filter: CC(C)C1CCC2C3C(O)C4CC5(O)CCC4(CC33CCC12C)OC(=O)C(=C5)C34 is invalid
15:39:25 <WARN> "general_cleanup" filter: CC(C)C1CCC2C3C(O)C4CC5(O)CCC4(CC33CCC12C)OC(=O)C(=C5)C34 is invalid
15:39:25 <WARN> "get_largest_fragment" filter: OC(=O)c1cc(c(NS(=O)(=O)c2ccc(Cl)cc2Cl)C(=O)Nc2ccc(nn2)-c2ccc(Cl)cc2)s1 is invalid
15:39:25 <WARN> "general_cleanup" filter: OC(=O)c1cc(c(NS(=O)(=O)c2ccc(Cl)cc2Cl)C(=O)Nc2ccc(nn2)-c2ccc(Cl)cc2)s1 is invalid
15:39:25 <WARN> "general_cleanup" filter: OC(=O)c1cc(c(NS(=O)(=O)c2ccc(Cl)cc2Cl)C(=O)Nc2ccc(nn2)-c2ccc(Cl)cc2)s1 is invalid
15:39:25 <WARN> "get_largest_fragment" filter: Clc1cc(NC(=O)c2ccc(-c3ccccc3)c3ccccc23)c2cnn[nH]2 is invalid
15:39:25 <WARN> "general_cleanup" filter: Clc1cc(NC(=O)c2ccc(-c3ccccc3)c3ccccc23)c2cnn[nH]2 is invalid
15:39:25 <WARN> "general_cleanup" filter: Clc1cc(NC(=O)c2ccc(-c3ccccc3)c3ccccc23)c2cnn[nH]2 is invalid
15:39:25 <WARN> "get_largest_fragment" filter: CC(=O)Nc1ccc2[N+]Cc3ccc4Sc4ccccc4n3Oc2c1 is invalid
15:39:25 <WARN> "general_cleanup" filter: CC(=O)Nc1ccc2[N+]Cc3ccc4Sc4ccccc4n3Oc2c1 is invalid
15:39:25 <WARN> "general_cleanup" filter: CC(=O)Nc1ccc2[N+]Cc3ccc4Sc4ccccc4n3Oc2c1 is invalid
15:39:25 <WARN> "get_largest_fragment" filter: CCOc1ccc2c(c1)nc1ccc(O)cc21 is invalid
15:39:25 <WARN> "general_cleanup" filter: CCOc1ccc2c(c1)nc1ccc(O)cc21 is invalid
15:39:25 <WARN> "general_cleanup" filter: CCOc1ccc2c(c1)nc1ccc(O)cc21 is invalid
15:39:25 <WARN> "get_largest_fragment" filter: CC1=CNC=C(C1=O)c1csc(CCCC1)c1ccccc1 is invalid
15:39:25 <WARN> "general_cleanup" filter: CC1=CNC=C(C1=O)c1csc(CCCC1)c1ccccc1 is invalid
15:39:25 <WARN> "general_cleanup" filter: CC1=CNC=C(C1=O)c1csc(CCCC1)c1ccccc1 is invalid
15:39:25 <WARN> "get_largest_fragment" filter: COc1ccc(NS(=O)(=O)c2cc(Nc3ccnc4cc(OC)c(OC)cc34)c(C)c2)cc1 is invalid
15:39:25 <WARN> "general_cleanup" filter: COc1ccc(NS(=O)(=O)c2cc(Nc3ccnc4cc(OC)c(OC)cc34)c(C)c2)cc1 is invalid
15:39:25 <WARN> "general_cleanup" filter: COc1ccc(NS(=O)(=O)c2cc(Nc3ccnc4cc(OC)c(OC)cc34)c(C)c2)cc1 is invalid
15:39:25 <WARN> "get_largest_fragment" filter: CCc1cn(C)c2nc(NC(C)=O)c(C)nn12 is invalid
15:39:25 <WARN> "general_cleanup" filter: CCc1cn(C)c2nc(NC(C)=O)c(C)nn12 is invalid
15:39:25 <WARN> "general_cleanup" filter: CCc1cn(C)c2nc(NC(C)=O)c(C)nn12 is invalid
15:39:26 <WARN> "get_largest_fragment" filter: Fc1cc(cc1N(=O)=O)C(=O)Nc1ccccc1 is invalid
15:39:26 <WARN> "general_cleanup" filter: Fc1cc(cc1N(=O)=O)C(=O)Nc1ccccc1 is invalid
15:39:26 <WARN> "general_cleanup" filter: Fc1cc(cc1N(=O)=O)C(=O)Nc1ccccc1 is invalid
15:39:26 <WARN> "get_largest_fragment" filter: Nc1ccc(cc1F)-c1cn2cc(nc2n1)-c1ccccc1Oc1ccc(cn1)C(=N)NS(C)(=O)=O is invalid
15:39:26 <WARN> "general_cleanup" filter: Nc1ccc(cc1F)-c1cn2cc(nc2n1)-c1ccccc1Oc1ccc(cn1)C(=N)NS(C)(=O)=O is invalid
15:39:26 <WARN> "general_cleanup" filter: Nc1ccc(cc1F)-c1cn2cc(nc2n1)-c1ccccc1Oc1ccc(cn1)C(=N)NS(C)(=O)=O is invalid
15:39:26 <WARN> "get_largest_fragment" filter: COCNC(=O)CNC1=NC(=O)C2=C(Cl)N=C(c3ccccc3)c3c(N)c4cc(OCCNCC(=O)N4CCCCC5)ccc4c3N=C2N1 is invalid
15:39:26 <WARN> "general_cleanup" filter: COCNC(=O)CNC1=NC(=O)C2=C(Cl)N=C(c3ccccc3)c3c(N)c4cc(OCCNCC(=O)N4CCCCC5)ccc4c3N=C2N1 is invalid
15:39:26 <WARN> "general_cleanup" filter: COCNC(=O)CNC1=NC(=O)C2=C(Cl)N=C(c3ccccc3)c3c(N)c4cc(OCCNCC(=O)N4CCCCC5)ccc4c3N=C2N1 is invalid
15:39:26 <WARN> "get_largest_fragment" filter: CCOC(=O)N1CCCC(C1)NCC(=O)Nc1c(F)c(C)c(C)nn1-c1ccccc1 is invalid
15:39:26 <WARN> "general_cleanup" filter: CCOC(=O)N1CCCC(C1)NCC(=O)Nc1c(F)c(C)c(C)nn1-c1ccccc1 is invalid
15:39:26 <WARN> "general_cleanup" filter: CCOC(=O)N1CCCC(C1)NCC(=O)Nc1c(F)c(C)c(C)nn1-c1ccccc1 is invalid
15:39:26 <WARN> "get_largest_fragment" filter: CSCCC1NC(=O)C(CC#N)=C1NC(=O)CC1ClCN(C)CCC1N1CCOCC1 is invalid
15:39:26 <WARN> "general_cleanup" filter: CSCCC1NC(=O)C(CC#N)=C1NC(=O)CC1ClCN(C)CCC1N1CCOCC1 is invalid
15:39:26 <WARN> "general_cleanup" filter: CSCCC1NC(=O)C(CC#N)=C1NC(=O)CC1ClCN(C)CCC1N1CCOCC1 is invalid
15:39:26 <WARN> "get_largest_fragment" filter: Brc1nnc2sc(cc12)N1CC=C(C(=O)c2ccccc2)c2ccccc12 is invalid
15:39:26 <WARN> "general_cleanup" filter: Brc1nnc2sc(cc12)N1CC=C(C(=O)c2ccccc2)c2ccccc12 is invalid
15:39:26 <WARN> "general_cleanup" filter: Brc1nnc2sc(cc12)N1CC=C(C(=O)c2ccccc2)c2ccccc12 is invalid
15:39:26 <WARN> "get_largest_fragment" filter: CN1C(=O)C(CN(CC=C)c2cc(F)ccc2C)[O-]c2ccccc2-c2c(NC3CCCC3)nccc12 is invalid
15:39:26 <WARN> "general_cleanup" filter: CN1C(=O)C(CN(CC=C)c2cc(F)ccc2C)[O-]c2ccccc2-c2c(NC3CCCC3)nccc12 is invalid
15:39:26 <WARN> "general_cleanup" filter: CN1C(=O)C(CN(CC=C)c2cc(F)ccc2C)[O-]c2ccccc2-c2c(NC3CCCC3)nccc12 is invalid
15:39:26 <WARN> "get_largest_fragment" filter: CCOc1ccc2cc(C)c(-c3cccc4CCNC(=O)c4c3)n2n1 is invalid
15:39:26 <WARN> "general_cleanup" filter: CCOc1ccc2cc(C)c(-c3cccc4CCNC(=O)c4c3)n2n1 is invalid
15:39:26 <WARN> "general_cleanup" filter: CCOc1ccc2cc(C)c(-c3cccc4CCNC(=O)c4c3)n2n1 is invalid
15:39:26 <WARN> "get_largest_fragment" filter: CCCC(=O)Nc1ccc2-c3ccc(NCC(C)C)cn3CCN3CCCC(CNc4cccc(C)c-34)CCCCC12 is invalid
15:39:26 <WARN> "general_cleanup" filter: CCCC(=O)Nc1ccc2-c3ccc(NCC(C)C)cn3CCN3CCCC(CNc4cccc(C)c-34)CCCCC12 is invalid
15:39:26 <WARN> "general_cleanup" filter: CCCC(=O)Nc1ccc2-c3ccc(NCC(C)C)cn3CCN3CCCC(CNc4cccc(C)c-34)CCCCC12 is invalid
15:39:26 <WARN> "get_largest_fragment" filter: O=C(NC(Cc1ccccc1)S(=O)c1ccccn1)=Cc1ccco1 is invalid
15:39:26 <WARN> "general_cleanup" filter: O=C(NC(Cc1ccccc1)S(=O)c1ccccn1)=Cc1ccco1 is invalid
15:39:26 <WARN> "general_cleanup" filter: O=C(NC(Cc1ccccc1)S(=O)c1ccccn1)=Cc1ccco1 is invalid
15:39:26 <WARN> "get_largest_fragment" filter: Cc1cccc2nnc(-c3cc(O)c(O)c4OCCOc3c2)n1 is invalid
15:39:26 <WARN> "general_cleanup" filter: Cc1cccc2nnc(-c3cc(O)c(O)c4OCCOc3c2)n1 is invalid
15:39:26 <WARN> "general_cleanup" filter: Cc1cccc2nnc(-c3cc(O)c(O)c4OCCOc3c2)n1 is invalid
15:39:26 <WARN> "get_largest_fragment" filter: Cc1nnc(SCC(=O)N2CCC3(C2)c2ccccc2)ncc1C3=O is invalid
15:39:26 <WARN> "general_cleanup" filter: Cc1nnc(SCC(=O)N2CCC3(C2)c2ccccc2)ncc1C3=O is invalid
15:39:26 <WARN> "general_cleanup" filter: Cc1nnc(SCC(=O)N2CCC3(C2)c2ccccc2)ncc1C3=O is invalid
15:39:26 <WARN> "get_largest_fragment" filter: NC(=O)c1cc(Cl)ccc1Nc1ncnc2cnn(CCSc3nccc(NCS5c4ccccc4)cc3)c12 is invalid
15:39:26 <WARN> "general_cleanup" filter: NC(=O)c1cc(Cl)ccc1Nc1ncnc2cnn(CCSc3nccc(NCS5c4ccccc4)cc3)c12 is invalid
15:39:26 <WARN> "general_cleanup" filter: NC(=O)c1cc(Cl)ccc1Nc1ncnc2cnn(CCSc3nccc(NCS5c4ccccc4)cc3)c12 is invalid
15:39:26 <WARN> "get_largest_fragment" filter: CC(C)c1ccc(Nc2ncc3nonc23)cc1 is invalid
15:39:26 <WARN> "general_cleanup" filter: CC(C)c1ccc(Nc2ncc3nonc23)cc1 is invalid
15:39:26 <WARN> "general_cleanup" filter: CC(C)c1ccc(Nc2ncc3nonc23)cc1 is invalid
15:39:26 <WARN> "get_largest_fragment" filter: COc1ccc2C(=NC(=CNc3nc(C)c(-c3cccnc3)CC2=O)c2ncc(C)cc2)cc1 is invalid
15:39:26 <WARN> "general_cleanup" filter: COc1ccc2C(=NC(=CNc3nc(C)c(-c3cccnc3)CC2=O)c2ncc(C)cc2)cc1 is invalid
15:39:26 <WARN> "general_cleanup" filter: COc1ccc2C(=NC(=CNc3nc(C)c(-c3cccnc3)CC2=O)c2ncc(C)cc2)cc1 is invalid
15:39:26 <WARN> "get_largest_fragment" filter: Cc1c(Cc2cn(nc2C(CC(=O)N2CCN(C)CC2)N(=O)=O)C(C)(C)C)nc(n1)-c1ccc(Cl)cc1 is invalid
15:39:26 <WARN> "general_cleanup" filter: Cc1c(Cc2cn(nc2C(CC(=O)N2CCN(C)CC2)N(=O)=O)C(C)(C)C)nc(n1)-c1ccc(Cl)cc1 is invalid
15:39:26 <WARN> "general_cleanup" filter: Cc1c(Cc2cn(nc2C(CC(=O)N2CCN(C)CC2)N(=O)=O)C(C)(C)C)nc(n1)-c1ccc(Cl)cc1 is invalid
15:39:26 <WARN> "get_largest_fragment" filter: C(Sc1nnc2sccc2c1-n1nnc(NC(=O)c2ccco2)c1Cl is invalid
15:39:26 <WARN> "general_cleanup" filter: C(Sc1nnc2sccc2c1-n1nnc(NC(=O)c2ccco2)c1Cl is invalid
15:39:26 <WARN> "general_cleanup" filter: C(Sc1nnc2sccc2c1-n1nnc(NC(=O)c2ccco2)c1Cl is invalid
15:39:26 <WARN> "get_largest_fragment" filter: OC(=O)c1cn(nc1-c1cccc(CNC(=O)Nc2cccc3ccccc23)-c2ccc(F)c(F)c2)n1 is invalid
15:39:26 <WARN> "general_cleanup" filter: OC(=O)c1cn(nc1-c1cccc(CNC(=O)Nc2cccc3ccccc23)-c2ccc(F)c(F)c2)n1 is invalid
15:39:26 <WARN> "general_cleanup" filter: OC(=O)c1cn(nc1-c1cccc(CNC(=O)Nc2cccc3ccccc23)-c2ccc(F)c(F)c2)n1 is invalid
15:39:26 <WARN> "get_largest_fragment" filter: COCOC1CCN(CC1)c1ccc2n(C)c3c4c5c(CCSc4nc3-n12)C(=O)C(C)(C)C is invalid
15:39:26 <WARN> "general_cleanup" filter: COCOC1CCN(CC1)c1ccc2n(C)c3c4c5c(CCSc4nc3-n12)C(=O)C(C)(C)C is invalid
15:39:26 <WARN> "general_cleanup" filter: COCOC1CCN(CC1)c1ccc2n(C)c3c4c5c(CCSc4nc3-n12)C(=O)C(C)(C)C is invalid
15:39:26 <WARN> "get_largest_fragment" filter: CCCc1cc(NC(=O)c2cn(C)c3ccccc23)nc(C(=O)Nc2ccccc2)o1 is invalid
15:39:26 <WARN> "general_cleanup" filter: CCCc1cc(NC(=O)c2cn(C)c3ccccc23)nc(C(=O)Nc2ccccc2)o1 is invalid
15:39:26 <WARN> "general_cleanup" filter: CCCc1cc(NC(=O)c2cn(C)c3ccccc23)nc(C(=O)Nc2ccccc2)o1 is invalid
15:39:26 <WARN> "get_largest_fragment" filter: Cc1c(SCC(O)=O)sc2c3CCCCCc3nc3ccccc13 is invalid
15:39:26 <WARN> "general_cleanup" filter: Cc1c(SCC(O)=O)sc2c3CCCCCc3nc3ccccc13 is invalid
15:39:26 <WARN> "general_cleanup" filter: Cc1c(SCC(O)=O)sc2c3CCCCCc3nc3ccccc13 is invalid
15:39:26 <WARN> "get_largest_fragment" filter: CN1N=C(C=C(Oc2ccccc2C)=C1N)c1ccc(CS(=O)(=O)c2cccc(Cl)c2)cn1 is invalid
15:39:26 <WARN> "general_cleanup" filter: CN1N=C(C=C(Oc2ccccc2C)=C1N)c1ccc(CS(=O)(=O)c2cccc(Cl)c2)cn1 is invalid
15:39:26 <WARN> "general_cleanup" filter: CN1N=C(C=C(Oc2ccccc2C)=C1N)c1ccc(CS(=O)(=O)c2cccc(Cl)c2)cn1 is invalid
15:39:26 <WARN> "get_largest_fragment" filter: CCCCOC1C(O)CC(O)C(O)CC(O)C23C4OC4(CC(=C)C(=O)C=C4CC(C)(C)C(C)(C)C4CCC4(C)C3CCC12C)C=O is invalid
15:39:26 <WARN> "general_cleanup" filter: CCCCOC1C(O)CC(O)C(O)CC(O)C23C4OC4(CC(=C)C(=O)C=C4CC(C)(C)C(C)(C)C4CCC4(C)C3CCC12C)C=O is invalid
15:39:26 <WARN> "general_cleanup" filter: CCCCOC1C(O)CC(O)C(O)CC(O)C23C4OC4(CC(=C)C(=O)C=C4CC(C)(C)C(C)(C)C4CCC4(C)C3CCC12C)C=O is invalid
15:39:26 <WARN> "get_largest_fragment" filter: CC(=O)NC(Cc1ccccc1)C(=O)OC1CCC2C3CCC4(C)CCC3(C)C1(O)CCC2C1(N)CCCCC1=O is invalid
15:39:26 <WARN> "general_cleanup" filter: CC(=O)NC(Cc1ccccc1)C(=O)OC1CCC2C3CCC4(C)CCC3(C)C1(O)CCC2C1(N)CCCCC1=O is invalid
15:39:26 <WARN> "general_cleanup" filter: CC(=O)NC(Cc1ccccc1)C(=O)OC1CCC2C3CCC4(C)CCC3(C)C1(O)CCC2C1(N)CCCCC1=O is invalid
15:39:26 <WARN> "get_largest_fragment" filter: OCC1NC(=O)C2(O)CC3(C)OC(C(O)C(F)F)C1C23OO4 is invalid
15:39:26 <WARN> "general_cleanup" filter: OCC1NC(=O)C2(O)CC3(C)OC(C(O)C(F)F)C1C23OO4 is invalid
15:39:26 <WARN> "general_cleanup" filter: OCC1NC(=O)C2(O)CC3(C)OC(C(O)C(F)F)C1C23OO4 is invalid
15:39:26 <WARN> "get_largest_fragment" filter: CC(C)C1=C(OC(C)(C)C)C(=NO)c2cc3OCOc3cc2=N1 is invalid
15:39:26 <WARN> "general_cleanup" filter: CC(C)C1=C(OC(C)(C)C)C(=NO)c2cc3OCOc3cc2=N1 is invalid
15:39:26 <WARN> "general_cleanup" filter: CC(C)C1=C(OC(C)(C)C)C(=NO)c2cc3OCOc3cc2=N1 is invalid
15:39:26 <WARN> "get_largest_fragment" filter: O=S(=O)(NCc1cc2ccccc2[nH]1)C1CN1C=C1c2ccc(cc2[nH]c1cnnc2-c1ccccc1)CCc1nccs-21 is invalid
15:39:26 <WARN> "general_cleanup" filter: O=S(=O)(NCc1cc2ccccc2[nH]1)C1CN1C=C1c2ccc(cc2[nH]c1cnnc2-c1ccccc1)CCc1nccs-21 is invalid
15:39:26 <WARN> "general_cleanup" filter: O=S(=O)(NCc1cc2ccccc2[nH]1)C1CN1C=C1c2ccc(cc2[nH]c1cnnc2-c1ccccc1)CCc1nccs-21 is invalid
15:39:26 <WARN> "get_largest_fragment" filter: CN1C(==O)N(C)c2cc(ccc2O1)N(=O)=O is invalid
15:39:26 <WARN> "general_cleanup" filter: CN1C(==O)N(C)c2cc(ccc2O1)N(=O)=O is invalid
15:39:26 <WARN> "general_cleanup" filter: CN1C(==O)N(C)c2cc(ccc2O1)N(=O)=O is invalid
15:39:26 <WARN> "get_largest_fragment" filter: CCCCNc1nccc2cc(nc(n12)-c1c(Cl)cc(Cl)cc1Cl)N(=O)=O is invalid
15:39:26 <WARN> "general_cleanup" filter: CCCCNc1nccc2cc(nc(n12)-c1c(Cl)cc(Cl)cc1Cl)N(=O)=O is invalid
15:39:26 <WARN> "general_cleanup" filter: CCCCNc1nccc2cc(nc(n12)-c1c(Cl)cc(Cl)cc1Cl)N(=O)=O is invalid
15:39:26 <WARN> "get_largest_fragment" filter: Cc1nn(C)c2C3C4CCCC4(C3C(O)=O)C1OC21CCCCC1 is invalid
15:39:26 <WARN> "general_cleanup" filter: Cc1nn(C)c2C3C4CCCC4(C3C(O)=O)C1OC21CCCCC1 is invalid
15:39:26 <WARN> "general_cleanup" filter: Cc1nn(C)c2C3C4CCCC4(C3C(O)=O)C1OC21CCCCC1 is invalid
15:39:26 <WARN> "get_largest_fragment" filter: CS(=O)(=O)c1ccc(N2CCN(CC2)c2nc(N)nc3c4ccccc4ncn23)cc1Cl is invalid
15:39:26 <WARN> "general_cleanup" filter: CS(=O)(=O)c1ccc(N2CCN(CC2)c2nc(N)nc3c4ccccc4ncn23)cc1Cl is invalid
15:39:26 <WARN> "general_cleanup" filter: CS(=O)(=O)c1ccc(N2CCN(CC2)c2nc(N)nc3c4ccccc4ncn23)cc1Cl is invalid
15:39:26 <WARN> "get_largest_fragment" filter: O=C#NOC(=O)COc1cccc(c1)C#N is invalid
15:39:26 <WARN> "general_cleanup" filter: O=C#NOC(=O)COc1cccc(c1)C#N is invalid
15:39:26 <WARN> "general_cleanup" filter: O=C#NOC(=O)COc1cccc(c1)C#N is invalid
15:39:26 <WARN> "get_largest_fragment" filter: NC(Cc1cc(Oc2ccc(cc2)-c2ccccc2)cc(Oc2cccc(c2)C(O)=O)c(O)c1)c1cc(O)c(O)cc1O is invalid
15:39:26 <WARN> "general_cleanup" filter: NC(Cc1cc(Oc2ccc(cc2)-c2ccccc2)cc(Oc2cccc(c2)C(O)=O)c(O)c1)c1cc(O)c(O)cc1O is invalid
15:39:26 <WARN> "general_cleanup" filter: NC(Cc1cc(Oc2ccc(cc2)-c2ccccc2)cc(Oc2cccc(c2)C(O)=O)c(O)c1)c1cc(O)c(O)cc1O is invalid
15:39:26 <WARN> "get_largest_fragment" filter: Fc1ccc(OCC(=O)Nc2ccc3oc4CCCc4c3s2)cc1 is invalid
15:39:26 <WARN> "general_cleanup" filter: Fc1ccc(OCC(=O)Nc2ccc3oc4CCCc4c3s2)cc1 is invalid
15:39:26 <WARN> "general_cleanup" filter: Fc1ccc(OCC(=O)Nc2ccc3oc4CCCc4c3s2)cc1 is invalid
15:39:26 <WARN> "get_largest_fragment" filter: CCOc1ccc2N(CC(=O)NCCc3cncs3)c3ccccc3-n2c1 is invalid
15:39:26 <WARN> "general_cleanup" filter: CCOc1ccc2N(CC(=O)NCCc3cncs3)c3ccccc3-n2c1 is invalid
15:39:26 <WARN> "general_cleanup" filter: CCOc1ccc2N(CC(=O)NCCc3cncs3)c3ccccc3-n2c1 is invalid
15:39:26 <WARN> "get_largest_fragment" filter: COc1cc2CCCCC(C)(CC)CCc3c(C)c(C(=O)NNC(=O)N(C)C)cc-23c2ccccc12 is invalid
15:39:26 <WARN> "general_cleanup" filter: COc1cc2CCCCC(C)(CC)CCc3c(C)c(C(=O)NNC(=O)N(C)C)cc-23c2ccccc12 is invalid
15:39:26 <WARN> "general_cleanup" filter: COc1cc2CCCCC(C)(CC)CCc3c(C)c(C(=O)NNC(=O)N(C)C)cc-23c2ccccc12 is invalid
15:39:26 <WARN> "get_largest_fragment" filter: CC(CO)N1CC(C)C(CN(C)Cc2ccccc2-c2ccc3-c4cc6OCOc5cc4s3)c(CC=CCOc3ccc(cc3)C(=O)C=CC(OC)CO)ccc2O1 is invalid
15:39:26 <WARN> "general_cleanup" filter: CC(CO)N1CC(C)C(CN(C)Cc2ccccc2-c2ccc3-c4cc6OCOc5cc4s3)c(CC=CCOc3ccc(cc3)C(=O)C=CC(OC)CO)ccc2O1 is invalid
15:39:26 <WARN> "general_cleanup" filter: CC(CO)N1CC(C)C(CN(C)Cc2ccccc2-c2ccc3-c4cc6OCOc5cc4s3)c(CC=CCOc3ccc(cc3)C(=O)C=CC(OC)CO)ccc2O1 is invalid
15:39:26 <WARN> "get_largest_fragment" filter: COc1ccc2nc(NC(=O)c3ccc(OC)cc3)nc2c1 is invalid
15:39:26 <WARN> "general_cleanup" filter: COc1ccc2nc(NC(=O)c3ccc(OC)cc3)nc2c1 is invalid
15:39:26 <WARN> "general_cleanup" filter: COc1ccc2nc(NC(=O)c3ccc(OC)cc3)nc2c1 is invalid
15:39:26 <WARN> "get_largest_fragment" filter: CCCCCCCCCCCCCCC1(CCn2c1nnc(NC(C)=O)c2C=O)c1ccc(OC)cc1 is invalid
15:39:26 <WARN> "general_cleanup" filter: CCCCCCCCCCCCCCC1(CCn2c1nnc(NC(C)=O)c2C=O)c1ccc(OC)cc1 is invalid
15:39:26 <WARN> "general_cleanup" filter: CCCCCCCCCCCCCCC1(CCn2c1nnc(NC(C)=O)c2C=O)c1ccc(OC)cc1 is invalid
15:39:26 <WARN> "get_largest_fragment" filter: Cc1cc(C)c(c(C)c1)S(=O)(=O)(CCC#N)c1ccccc1 is invalid
15:39:26 <WARN> "general_cleanup" filter: Cc1cc(C)c(c(C)c1)S(=O)(=O)(CCC#N)c1ccccc1 is invalid
15:39:26 <WARN> "general_cleanup" filter: Cc1cc(C)c(c(C)c1)S(=O)(=O)(CCC#N)c1ccccc1 is invalid
15:39:26 <WARN> "get_largest_fragment" filter: Cc1c2CCCN(c2cc1C(=O)Nc1snc(-c2ccc(OC)c(OS(O)(=O)=O)c2)c1C#N)C1=NCCCC1 is invalid
15:39:26 <WARN> "general_cleanup" filter: Cc1c2CCCN(c2cc1C(=O)Nc1snc(-c2ccc(OC)c(OS(O)(=O)=O)c2)c1C#N)C1=NCCCC1 is invalid
15:39:26 <WARN> "general_cleanup" filter: Cc1c2CCCN(c2cc1C(=O)Nc1snc(-c2ccc(OC)c(OS(O)(=O)=O)c2)c1C#N)C1=NCCCC1 is invalid
15:39:26 <WARN> "get_largest_fragment" filter: CCOC(=O)OC1CC2CC1C(CC2N1CCc2c(C1)c[nH]c1ccccc21)S(=O)(=O)c1ccccc1Cl is invalid
15:39:26 <WARN> "general_cleanup" filter: CCOC(=O)OC1CC2CC1C(CC2N1CCc2c(C1)c[nH]c1ccccc21)S(=O)(=O)c1ccccc1Cl is invalid
15:39:26 <WARN> "general_cleanup" filter: CCOC(=O)OC1CC2CC1C(CC2N1CCc2c(C1)c[nH]c1ccccc21)S(=O)(=O)c1ccccc1Cl is invalid
15:39:26 <WARN> "get_largest_fragment" filter: Nc1ncnc2n(CC(=O)NCCN3CCOCC3)ncn12 is invalid
15:39:26 <WARN> "general_cleanup" filter: Nc1ncnc2n(CC(=O)NCCN3CCOCC3)ncn12 is invalid
15:39:26 <WARN> "general_cleanup" filter: Nc1ncnc2n(CC(=O)NCCN3CCOCC3)ncn12 is invalid
15:39:26 <WARN> "get_largest_fragment" filter: Cc1ccccc1C(=O)c1c(-c2ccccc2)c2c(NC(=O)C=Cc3ccc(Cl)cc3)c3ccccc3n2n1 is invalid
15:39:26 <WARN> "general_cleanup" filter: Cc1ccccc1C(=O)c1c(-c2ccccc2)c2c(NC(=O)C=Cc3ccc(Cl)cc3)c3ccccc3n2n1 is invalid
15:39:26 <WARN> "general_cleanup" filter: Cc1ccccc1C(=O)c1c(-c2ccccc2)c2c(NC(=O)C=Cc3ccc(Cl)cc3)c3ccccc3n2n1 is invalid
15:39:26 <WARN> "get_largest_fragment" filter: CC(=O)N1CCCC1COc1cccc(C)c2cccn12 is invalid
15:39:26 <WARN> "general_cleanup" filter: CC(=O)N1CCCC1COc1cccc(C)c2cccn12 is invalid
15:39:26 <WARN> "general_cleanup" filter: CC(=O)N1CCCC1COc1cccc(C)c2cccn12 is invalid
15:39:26 <WARN> "get_largest_fragment" filter: CCCC1(C(=O)Nc2ccc(Oc3ccccc3)cc2)C1c1ccc2c(CC(O)=O)c4CCCc4ccc2n14 is invalid
15:39:26 <WARN> "general_cleanup" filter: CCCC1(C(=O)Nc2ccc(Oc3ccccc3)cc2)C1c1ccc2c(CC(O)=O)c4CCCc4ccc2n14 is invalid
15:39:26 <WARN> "general_cleanup" filter: CCCC1(C(=O)Nc2ccc(Oc3ccccc3)cc2)C1c1ccc2c(CC(O)=O)c4CCCc4ccc2n14 is invalid
15:39:26 <WARN> "get_largest_fragment" filter: O=C1Oc2ccc(OCC#Cc3ccccc3OCC(=O)NCCNC(=O)c3cn(n4ccccc44)C#N)c(c12)-c1ccccc1 is invalid
15:39:26 <WARN> "general_cleanup" filter: O=C1Oc2ccc(OCC#Cc3ccccc3OCC(=O)NCCNC(=O)c3cn(n4ccccc44)C#N)c(c12)-c1ccccc1 is invalid
15:39:26 <WARN> "general_cleanup" filter: O=C1Oc2ccc(OCC#Cc3ccccc3OCC(=O)NCCNC(=O)c3cn(n4ccccc44)C#N)c(c12)-c1ccccc1 is invalid
15:39:26 <WARN> "get_largest_fragment" filter: COc1ccc2[n+]([O-])c([nH]c2c1)-c1c[nH]c2ccc(NC(=O)C3CCN(CC3)C(C)C)c(c1)C#N is invalid
15:39:26 <WARN> "general_cleanup" filter: COc1ccc2[n+]([O-])c([nH]c2c1)-c1c[nH]c2ccc(NC(=O)C3CCN(CC3)C(C)C)c(c1)C#N is invalid
15:39:26 <WARN> "general_cleanup" filter: COc1ccc2[n+]([O-])c([nH]c2c1)-c1c[nH]c2ccc(NC(=O)C3CCN(CC3)C(C)C)c(c1)C#N is invalid
15:39:26 <WARN> "get_largest_fragment" filter: CC(C)(C)c1cc2OC(=O)C(=Cc2cc1O)c1cc(C(=O)OCC2CC2)Oc2ccccc2S(=O)(=O)c1ncc(C)cc1Cl is invalid
15:39:26 <WARN> "general_cleanup" filter: CC(C)(C)c1cc2OC(=O)C(=Cc2cc1O)c1cc(C(=O)OCC2CC2)Oc2ccccc2S(=O)(=O)c1ncc(C)cc1Cl is invalid
15:39:26 <WARN> "general_cleanup" filter: CC(C)(C)c1cc2OC(=O)C(=Cc2cc1O)c1cc(C(=O)OCC2CC2)Oc2ccccc2S(=O)(=O)c1ncc(C)cc1Cl is invalid
15:39:26 <WARN> "get_largest_fragment" filter: CCOc1cccc(c1)-n1c(nc2c(Nc3ccc(cc3)C(F)(F)F)nc(N)c12)C(C)OC is invalid
15:39:26 <WARN> "general_cleanup" filter: CCOc1cccc(c1)-n1c(nc2c(Nc3ccc(cc3)C(F)(F)F)nc(N)c12)C(C)OC is invalid
15:39:26 <WARN> "general_cleanup" filter: CCOc1cccc(c1)-n1c(nc2c(Nc3ccc(cc3)C(F)(F)F)nc(N)c12)C(C)OC is invalid
15:39:26 <WARN> "get_largest_fragment" filter: C(c1c2ccccc2o1)c1ccc(cc1)N1CCCC1 is invalid
15:39:26 <WARN> "general_cleanup" filter: C(c1c2ccccc2o1)c1ccc(cc1)N1CCCC1 is invalid
15:39:26 <WARN> "general_cleanup" filter: C(c1c2ccccc2o1)c1ccc(cc1)N1CCCC1 is invalid
15:39:26 <WARN> "get_largest_fragment" filter: CCCCS(=O)C=C(COC(=O)c1cccc(c1)N(=O)=O)=NCCNc1ncnc2[nH]c(cc12)C(F)(F)F is invalid
15:39:26 <WARN> "general_cleanup" filter: CCCCS(=O)C=C(COC(=O)c1cccc(c1)N(=O)=O)=NCCNc1ncnc2[nH]c(cc12)C(F)(F)F is invalid
15:39:26 <WARN> "general_cleanup" filter: CCCCS(=O)C=C(COC(=O)c1cccc(c1)N(=O)=O)=NCCNc1ncnc2[nH]c(cc12)C(F)(F)F is invalid
15:39:26 <WARN> "get_largest_fragment" filter: CCCCCCOC(=O)c1c(OC)ccc2c3CCCCc3sc2n1 is invalid
15:39:26 <WARN> "general_cleanup" filter: CCCCCCOC(=O)c1c(OC)ccc2c3CCCCc3sc2n1 is invalid
15:39:26 <WARN> "general_cleanup" filter: CCCCCCOC(=O)c1c(OC)ccc2c3CCCCc3sc2n1 is invalid
15:39:26 <WARN> "get_largest_fragment" filter: Cc1ccc-2c(c1)S(=O)(=O)C(CNc1ccc(Oc4cccc(C)c4)CCC3c2c1)C(=O)NN is invalid
15:39:26 <WARN> "general_cleanup" filter: Cc1ccc-2c(c1)S(=O)(=O)C(CNc1ccc(Oc4cccc(C)c4)CCC3c2c1)C(=O)NN is invalid
15:39:26 <WARN> "general_cleanup" filter: Cc1ccc-2c(c1)S(=O)(=O)C(CNc1ccc(Oc4cccc(C)c4)CCC3c2c1)C(=O)NN is invalid
15:39:26 <WARN> "get_largest_fragment" filter: COc1cccc2C(Nc3ccn(Cc4ccccc4)cn3)CCc12 is invalid
15:39:26 <WARN> "general_cleanup" filter: COc1cccc2C(Nc3ccn(Cc4ccccc4)cn3)CCc12 is invalid
15:39:26 <WARN> "general_cleanup" filter: COc1cccc2C(Nc3ccn(Cc4ccccc4)cn3)CCc12 is invalid
15:39:26 <WARN> "get_largest_fragment" filter: Cc1c(CC2=NNC(=O)CC2=Nc2cccc(Cl)c2)co1 is invalid
15:39:26 <WARN> "general_cleanup" filter: Cc1c(CC2=NNC(=O)CC2=Nc2cccc(Cl)c2)co1 is invalid
15:39:26 <WARN> "general_cleanup" filter: Cc1c(CC2=NNC(=O)CC2=Nc2cccc(Cl)c2)co1 is invalid
15:39:26 <WARN> "get_largest_fragment" filter: Nc1ncnc2c1sc1c(COC2=O)c2c(cn12)C(O)=O is invalid
15:39:26 <WARN> "general_cleanup" filter: Nc1ncnc2c1sc1c(COC2=O)c2c(cn12)C(O)=O is invalid
15:39:26 <WARN> "general_cleanup" filter: Nc1ncnc2c1sc1c(COC2=O)c2c(cn12)C(O)=O is invalid
15:39:26 <WARN> "get_largest_fragment" filter: NS(=O)(=O)c1cccc2oc(C(=O)CCc3ccccc3C#N)c12 is invalid
15:39:26 <WARN> "general_cleanup" filter: NS(=O)(=O)c1cccc2oc(C(=O)CCc3ccccc3C#N)c12 is invalid
15:39:26 <WARN> "general_cleanup" filter: NS(=O)(=O)c1cccc2oc(C(=O)CCc3ccccc3C#N)c12 is invalid
15:39:26 <WARN> "get_largest_fragment" filter: COc1ccc2cc3ccc4cc5ccccc4cc3c(N2)c1 is invalid
15:39:26 <WARN> "general_cleanup" filter: COc1ccc2cc3ccc4cc5ccccc4cc3c(N2)c1 is invalid
15:39:26 <WARN> "general_cleanup" filter: COc1ccc2cc3ccc4cc5ccccc4cc3c(N2)c1 is invalid
15:39:26 <WARN> "get_largest_fragment" filter: CC1=CC(=O)Oc2c3C(CC(C)C)C(C)(C)Oc3cc2C(CCC1=O)c1c[nH]c2ccccc12 is invalid
15:39:26 <WARN> "general_cleanup" filter: CC1=CC(=O)Oc2c3C(CC(C)C)C(C)(C)Oc3cc2C(CCC1=O)c1c[nH]c2ccccc12 is invalid
15:39:26 <WARN> "general_cleanup" filter: CC1=CC(=O)Oc2c3C(CC(C)C)C(C)(C)Oc3cc2C(CCC1=O)c1c[nH]c2ccccc12 is invalid
15:39:26 <WARN> "get_largest_fragment" filter: CN(C)C(=O)c1c-2c(SC(c3ccccc-23)n2c(C)cc(C)n2N)c2ccncc12 is invalid
15:39:26 <WARN> "general_cleanup" filter: CN(C)C(=O)c1c-2c(SC(c3ccccc-23)n2c(C)cc(C)n2N)c2ccncc12 is invalid
15:39:26 <WARN> "general_cleanup" filter: CN(C)C(=O)c1c-2c(SC(c3ccccc-23)n2c(C)cc(C)n2N)c2ccncc12 is invalid
15:39:26 <WARN> "get_largest_fragment" filter: COC1=C2C3C(CC4(CC[N+](C)(C)CCC4(C)C)CCC23O)C2(O)C(OC(C)=O)C(=O)OC(C)(OC1=O)C(N)=O is invalid
15:39:26 <WARN> "general_cleanup" filter: COC1=C2C3C(CC4(CC[N+](C)(C)CCC4(C)C)CCC23O)C2(O)C(OC(C)=O)C(=O)OC(C)(OC1=O)C(N)=O is invalid
15:39:26 <WARN> "general_cleanup" filter: COC1=C2C3C(CC4(CC[N+](C)(C)CCC4(C)C)CCC23O)C2(O)C(OC(C)=O)C(=O)OC(C)(OC1=O)C(N)=O is invalid
15:39:26 <WARN> "get_largest_fragment" filter: CCCCCCOc1cccc(c1)-c1nc(C)cc(-c2c[nH]c3ccc(F)cc23)c(C)n1 is invalid
15:39:26 <WARN> "general_cleanup" filter: CCCCCCOc1cccc(c1)-c1nc(C)cc(-c2c[nH]c3ccc(F)cc23)c(C)n1 is invalid
15:39:26 <WARN> "general_cleanup" filter: CCCCCCOc1cccc(c1)-c1nc(C)cc(-c2c[nH]c3ccc(F)cc23)c(C)n1 is invalid
15:39:26 <WARN> "get_largest_fragment" filter: Clc1ccc(N2CCN(CCc3nc4ccc(NCCC4CCCCC4)cc3)CC2)c2ncnn12 is invalid
15:39:26 <WARN> "general_cleanup" filter: Clc1ccc(N2CCN(CCc3nc4ccc(NCCC4CCCCC4)cc3)CC2)c2ncnn12 is invalid
15:39:26 <WARN> "general_cleanup" filter: Clc1ccc(N2CCN(CCc3nc4ccc(NCCC4CCCCC4)cc3)CC2)c2ncnn12 is invalid
15:39:26 <WARN> "get_largest_fragment" filter: Clc1ccc(Cn2c(CCN3CCn4cncn-44)c3C(=O)N(CCNc3ccccc3)CC2=O)cc1 is invalid
15:39:26 <WARN> "general_cleanup" filter: Clc1ccc(Cn2c(CCN3CCn4cncn-44)c3C(=O)N(CCNc3ccccc3)CC2=O)cc1 is invalid
15:39:26 <WARN> "general_cleanup" filter: Clc1ccc(Cn2c(CCN3CCn4cncn-44)c3C(=O)N(CCNc3ccccc3)CC2=O)cc1 is invalid
15:39:26 <WARN> "get_largest_fragment" filter: COc1ccc(cc1)-c1cc2CCN3CCc4cc6OCOc5cc4CC3(C)c2cc1OC is invalid
15:39:26 <WARN> "general_cleanup" filter: COc1ccc(cc1)-c1cc2CCN3CCc4cc6OCOc5cc4CC3(C)c2cc1OC is invalid
15:39:26 <WARN> "general_cleanup" filter: COc1ccc(cc1)-c1cc2CCN3CCc4cc6OCOc5cc4CC3(C)c2cc1OC is invalid
15:39:26 <WARN> "get_largest_fragment" filter: OC(=O)c1ccc(CNc2cc(nc(n2)N2CCOCC2)N2CCCC24)cc1 is invalid
15:39:26 <WARN> "general_cleanup" filter: OC(=O)c1ccc(CNc2cc(nc(n2)N2CCOCC2)N2CCCC24)cc1 is invalid
15:39:26 <WARN> "general_cleanup" filter: OC(=O)c1ccc(CNc2cc(nc(n2)N2CCOCC2)N2CCCC24)cc1 is invalid
15:39:26 <WARN> "get_largest_fragment" filter: CC(C)(C)C1(CCC2CC3CC(C)(CCCC5)C4(CC=C(C)C(=O)CCCC4(C)C3CCC21)C(=O)N1CCCC1)C(O)=O is invalid
15:39:26 <WARN> "general_cleanup" filter: CC(C)(C)C1(CCC2CC3CC(C)(CCCC5)C4(CC=C(C)C(=O)CCCC4(C)C3CCC21)C(=O)N1CCCC1)C(O)=O is invalid
15:39:26 <WARN> "general_cleanup" filter: CC(C)(C)C1(CCC2CC3CC(C)(CCCC5)C4(CC=C(C)C(=O)CCCC4(C)C3CCC21)C(=O)N1CCCC1)C(O)=O is invalid
15:39:26 <WARN> "get_largest_fragment" filter: OCC1OC(C(O)C1O)n1c(cc2c(NC(=O)Cn3ccnc3)nnc12)N(=O)=O is invalid
15:39:26 <WARN> "general_cleanup" filter: OCC1OC(C(O)C1O)n1c(cc2c(NC(=O)Cn3ccnc3)nnc12)N(=O)=O is invalid
15:39:26 <WARN> "general_cleanup" filter: OCC1OC(C(O)C1O)n1c(cc2c(NC(=O)Cn3ccnc3)nnc12)N(=O)=O is invalid
15:39:26 <WARN> "get_largest_fragment" filter: CN(Cc1ccc2CCN(C(=O)CCS(C)(=O)=O)CCC(=O)c2c1)=Cc1ccc2ccccc2c1 is invalid
15:39:26 <WARN> "general_cleanup" filter: CN(Cc1ccc2CCN(C(=O)CCS(C)(=O)=O)CCC(=O)c2c1)=Cc1ccc2ccccc2c1 is invalid
15:39:26 <WARN> "general_cleanup" filter: CN(Cc1ccc2CCN(C(=O)CCS(C)(=O)=O)CCC(=O)c2c1)=Cc1ccc2ccccc2c1 is invalid
15:39:26 <WARN> "get_largest_fragment" filter: COCCCNc1nc(NC(=O)c2cncc(c2)C(F)(F)F)sc2CCCCc12 is invalid
15:39:26 <WARN> "general_cleanup" filter: COCCCNc1nc(NC(=O)c2cncc(c2)C(F)(F)F)sc2CCCCc12 is invalid
15:39:26 <WARN> "general_cleanup" filter: COCCCNc1nc(NC(=O)c2cncc(c2)C(F)(F)F)sc2CCCCc12 is invalid
15:39:26 <WARN> "get_largest_fragment" filter: CC(=O)OC1CCC2(C)C3CCC4CC(CC(OC(=O)c5c(C)cccc7O)C(C)C5C(CCC4(C)C)C3CCc3nonc3C)C12 is invalid
15:39:26 <WARN> "general_cleanup" filter: CC(=O)OC1CCC2(C)C3CCC4CC(CC(OC(=O)c5c(C)cccc7O)C(C)C5C(CCC4(C)C)C3CCc3nonc3C)C12 is invalid
15:39:26 <WARN> "general_cleanup" filter: CC(=O)OC1CCC2(C)C3CCC4CC(CC(OC(=O)c5c(C)cccc7O)C(C)C5C(CCC4(C)C)C3CCc3nonc3C)C12 is invalid
15:39:26 <WARN> "get_largest_fragment" filter: CCOC(=O)C(C)NC(=O)C(CSCCN=C(N)NC(=O)c1cc(F)cc2cn([nH]c12)-c1cccc(C)c1)=Cc1ccc(OC)c(OC)c1 is invalid
15:39:26 <WARN> "general_cleanup" filter: CCOC(=O)C(C)NC(=O)C(CSCCN=C(N)NC(=O)c1cc(F)cc2cn([nH]c12)-c1cccc(C)c1)=Cc1ccc(OC)c(OC)c1 is invalid
15:39:26 <WARN> "general_cleanup" filter: CCOC(=O)C(C)NC(=O)C(CSCCN=C(N)NC(=O)c1cc(F)cc2cn([nH]c12)-c1cccc(C)c1)=Cc1ccc(OC)c(OC)c1 is invalid
15:39:26 <WARN> "get_largest_fragment" filter: COc1ccc(CNc2c3nc(c(s3)C(C)(C)NC(=O)c3c3CCCCCn23)C(F)(F)F)cc1OC is invalid
15:39:26 <WARN> "general_cleanup" filter: COc1ccc(CNc2c3nc(c(s3)C(C)(C)NC(=O)c3c3CCCCCn23)C(F)(F)F)cc1OC is invalid
15:39:26 <WARN> "general_cleanup" filter: COc1ccc(CNc2c3nc(c(s3)C(C)(C)NC(=O)c3c3CCCCCn23)C(F)(F)F)cc1OC is invalid
15:39:26 <WARN> "get_largest_fragment" filter: CC12CCC3C(CCC4C=CC(=O)C3CCC12C)C1CC(=O)OCc2ccccc2O1 is invalid
15:39:26 <WARN> "general_cleanup" filter: CC12CCC3C(CCC4C=CC(=O)C3CCC12C)C1CC(=O)OCc2ccccc2O1 is invalid
15:39:26 <WARN> "general_cleanup" filter: CC12CCC3C(CCC4C=CC(=O)C3CCC12C)C1CC(=O)OCc2ccccc2O1 is invalid
15:39:26 <WARN> "get_largest_fragment" filter: CC1(C)Cc2cnc(nc2N1)-c1ccnc(Nc2ccc3ccc(NC(=O)Cn4c5)ccc4nc3c2)c1)C(F)(F)F is invalid
15:39:26 <WARN> "general_cleanup" filter: CC1(C)Cc2cnc(nc2N1)-c1ccnc(Nc2ccc3ccc(NC(=O)Cn4c5)ccc4nc3c2)c1)C(F)(F)F is invalid
15:39:26 <WARN> "general_cleanup" filter: CC1(C)Cc2cnc(nc2N1)-c1ccnc(Nc2ccc3ccc(NC(=O)Cn4c5)ccc4nc3c2)c1)C(F)(F)F is invalid
15:39:26 <WARN> "get_largest_fragment" filter: CCN1CCC2(CC1)CCN(Cc11cc(Cl)ccc1C2)C(=O)c1ccc(F)cc1 is invalid
15:39:26 <WARN> "general_cleanup" filter: CCN1CCC2(CC1)CCN(Cc11cc(Cl)ccc1C2)C(=O)c1ccc(F)cc1 is invalid
15:39:26 <WARN> "general_cleanup" filter: CCN1CCC2(CC1)CCN(Cc11cc(Cl)ccc1C2)C(=O)c1ccc(F)cc1 is invalid
15:39:26 <WARN> "get_largest_fragment" filter: Cc1ccc(C)c(Nc2nnc(-c3ccc(Oc4ccc(O)cc4)nn3)n2)c1 is invalid
15:39:26 <WARN> "general_cleanup" filter: Cc1ccc(C)c(Nc2nnc(-c3ccc(Oc4ccc(O)cc4)nn3)n2)c1 is invalid
15:39:26 <WARN> "general_cleanup" filter: Cc1ccc(C)c(Nc2nnc(-c3ccc(Oc4ccc(O)cc4)nn3)n2)c1 is invalid
15:39:26 <WARN> "get_largest_fragment" filter: C1CN2C(C1)c1nc3ccccc3c2[nH]1 is invalid
15:39:26 <WARN> "general_cleanup" filter: C1CN2C(C1)c1nc3ccccc3c2[nH]1 is invalid
15:39:26 <WARN> "general_cleanup" filter: C1CN2C(C1)c1nc3ccccc3c2[nH]1 is invalid
15:39:26 <WARN> "get_largest_fragment" filter: CCc1cc(C)[n+]([O-])c2cc3CC(CCn3cc12)N1CCOCC1 is invalid
15:39:26 <WARN> "general_cleanup" filter: CCc1cc(C)[n+]([O-])c2cc3CC(CCn3cc12)N1CCOCC1 is invalid
15:39:26 <WARN> "general_cleanup" filter: CCc1cc(C)[n+]([O-])c2cc3CC(CCn3cc12)N1CCOCC1 is invalid
15:39:26 <WARN> "get_largest_fragment" filter: CC(C)CC1CC2(ON=Nc3cccNC(=O)c4ccccc4)cc2C3CCN1CC#C is invalid
15:39:26 <WARN> "general_cleanup" filter: CC(C)CC1CC2(ON=Nc3cccNC(=O)c4ccccc4)cc2C3CCN1CC#C is invalid
15:39:26 <WARN> "general_cleanup" filter: CC(C)CC1CC2(ON=Nc3cccNC(=O)c4ccccc4)cc2C3CCN1CC#C is invalid
15:39:26 <WARN> "get_largest_fragment" filter: Cn1cc(cn1)-c1noc(n1)-c1ccc2nc(Sc3ccc(NC(=O)N4CCCC4CC(C)(C)NC4)nn3)c2c1 is invalid
15:39:26 <WARN> "general_cleanup" filter: Cn1cc(cn1)-c1noc(n1)-c1ccc2nc(Sc3ccc(NC(=O)N4CCCC4CC(C)(C)NC4)nn3)c2c1 is invalid
15:39:26 <WARN> "general_cleanup" filter: Cn1cc(cn1)-c1noc(n1)-c1ccc2nc(Sc3ccc(NC(=O)N4CCCC4CC(C)(C)NC4)nn3)c2c1 is invalid
15:39:26 <WARN> "get_largest_fragment" filter: COc1cc(CNc2c(C)nc3ncn(C4CCC(CN(C)C)c4nncn3)cn2)cc1 is invalid
15:39:26 <WARN> "general_cleanup" filter: COc1cc(CNc2c(C)nc3ncn(C4CCC(CN(C)C)c4nncn3)cn2)cc1 is invalid
15:39:26 <WARN> "general_cleanup" filter: COc1cc(CNc2c(C)nc3ncn(C4CCC(CN(C)C)c4nncn3)cn2)cc1 is invalid
15:39:26 <WARN> "get_largest_fragment" filter: Cc1ccc(NS(=O)(=O)c2ccc3C(=O)SC(CN4CCNCC3)=NC(=O)c2c1)N(=O)=O is invalid
15:39:26 <WARN> "general_cleanup" filter: Cc1ccc(NS(=O)(=O)c2ccc3C(=O)SC(CN4CCNCC3)=NC(=O)c2c1)N(=O)=O is invalid
15:39:26 <WARN> "general_cleanup" filter: Cc1ccc(NS(=O)(=O)c2ccc3C(=O)SC(CN4CCNCC3)=NC(=O)c2c1)N(=O)=O is invalid
15:39:26 <WARN> "get_largest_fragment" filter: Cc1cccc(CN2c3ccc(cc3C(=O)N3CCOCC3)C(=O)Nc2c1)N(=O)=O is invalid
15:39:26 <WARN> "general_cleanup" filter: Cc1cccc(CN2c3ccc(cc3C(=O)N3CCOCC3)C(=O)Nc2c1)N(=O)=O is invalid
15:39:26 <WARN> "general_cleanup" filter: Cc1cccc(CN2c3ccc(cc3C(=O)N3CCOCC3)C(=O)Nc2c1)N(=O)=O is invalid
15:39:26 <WARN> "get_largest_fragment" filter: Nc1c(nn1CC(=O)Nc1ncc(C2OC(CO)C(O)C(O)C2O)c2sc3CCCCc3c12)N(=O)=O is invalid
15:39:26 <WARN> "general_cleanup" filter: Nc1c(nn1CC(=O)Nc1ncc(C2OC(CO)C(O)C(O)C2O)c2sc3CCCCc3c12)N(=O)=O is invalid
15:39:26 <WARN> "general_cleanup" filter: Nc1c(nn1CC(=O)Nc1ncc(C2OC(CO)C(O)C(O)C2O)c2sc3CCCCc3c12)N(=O)=O is invalid
15:39:26 <WARN> "get_largest_fragment" filter: CNC(=O)CCn1cc2c(SC(C)(C)C12O)n1cc(C)cn1 is invalid
15:39:26 <WARN> "general_cleanup" filter: CNC(=O)CCn1cc2c(SC(C)(C)C12O)n1cc(C)cn1 is invalid
15:39:26 <WARN> "general_cleanup" filter: CNC(=O)CCn1cc2c(SC(C)(C)C12O)n1cc(C)cn1 is invalid
15:39:26 <WARN> "get_largest_fragment" filter: Cc1ccc(C=CC(=O)OCC(=O)NCc2ccccc2)n(n1)-c1ccccc1 is invalid
15:39:26 <WARN> "general_cleanup" filter: Cc1ccc(C=CC(=O)OCC(=O)NCc2ccccc2)n(n1)-c1ccccc1 is invalid
15:39:26 <WARN> "general_cleanup" filter: Cc1ccc(C=CC(=O)OCC(=O)NCc2ccccc2)n(n1)-c1ccccc1 is invalid
15:39:26 <WARN> "get_largest_fragment" filter: OC1(COC(=O)c2ccccc2)CC(OC2OC(CCC(=O)OC3CC(C=C)CNC34ONC(=O)c3cccs3)=CC3=CC4=CC(=O)CCC4(C)C3CCC2(C)O1)O is invalid
15:39:26 <WARN> "general_cleanup" filter: OC1(COC(=O)c2ccccc2)CC(OC2OC(CCC(=O)OC3CC(C=C)CNC34ONC(=O)c3cccs3)=CC3=CC4=CC(=O)CCC4(C)C3CCC2(C)O1)O is invalid
15:39:26 <WARN> "general_cleanup" filter: OC1(COC(=O)c2ccccc2)CC(OC2OC(CCC(=O)OC3CC(C=C)CNC34ONC(=O)c3cccs3)=CC3=CC4=CC(=O)CCC4(C)C3CCC2(C)O1)O is invalid
15:39:26 <WARN> "get_largest_fragment" filter: CCCC(=O)C1(C)CCCC2(C)C1CCC(C(C)(C)C)C22 is invalid
15:39:26 <WARN> "general_cleanup" filter: CCCC(=O)C1(C)CCCC2(C)C1CCC(C(C)(C)C)C22 is invalid
15:39:26 <WARN> "general_cleanup" filter: CCCC(=O)C1(C)CCCC2(C)C1CCC(C(C)(C)C)C22 is invalid
15:39:26 <WARN> "get_largest_fragment" filter: COc1ccc2c(Oc3c(CSc4ccc(Cl)cc4C)cccc3)C(C)=CC(=O)c2c1C is invalid
15:39:26 <WARN> "general_cleanup" filter: COc1ccc2c(Oc3c(CSc4ccc(Cl)cc4C)cccc3)C(C)=CC(=O)c2c1C is invalid
15:39:26 <WARN> "general_cleanup" filter: COc1ccc2c(Oc3c(CSc4ccc(Cl)cc4C)cccc3)C(C)=CC(=O)c2c1C is invalid
15:39:26 <WARN> "get_largest_fragment" filter: O=C(N1CCC2(CCC1)C2(CO)C1CC1)N1CCCCC1 is invalid
15:39:26 <WARN> "general_cleanup" filter: O=C(N1CCC2(CCC1)C2(CO)C1CC1)N1CCCCC1 is invalid
15:39:26 <WARN> "general_cleanup" filter: O=C(N1CCC2(CCC1)C2(CO)C1CC1)N1CCCCC1 is invalid
15:39:26 <WARN> "get_largest_fragment" filter: Cc1ccc2CC3N(C)CCc4cc(Br)c(C)cc4-c3c2c1 is invalid
15:39:26 <WARN> "general_cleanup" filter: Cc1ccc2CC3N(C)CCc4cc(Br)c(C)cc4-c3c2c1 is invalid
15:39:26 <WARN> "general_cleanup" filter: Cc1ccc2CC3N(C)CCc4cc(Br)c(C)cc4-c3c2c1 is invalid
15:39:26 <WARN> "get_largest_fragment" filter: Cc1c2ncn3CCCCN(C(=O)c2cc1C)C3=S is invalid
15:39:26 <WARN> "general_cleanup" filter: Cc1c2ncn3CCCCN(C(=O)c2cc1C)C3=S is invalid
15:39:26 <WARN> "general_cleanup" filter: Cc1c2ncn3CCCCN(C(=O)c2cc1C)C3=S is invalid
15:39:26 <WARN> "get_largest_fragment" filter: CC(C)(C)c1c(CCSC(=O)c2ccccc2)n[nH]1 is invalid
15:39:26 <WARN> "general_cleanup" filter: CC(C)(C)c1c(CCSC(=O)c2ccccc2)n[nH]1 is invalid
15:39:26 <WARN> "general_cleanup" filter: CC(C)(C)c1c(CCSC(=O)c2ccccc2)n[nH]1 is invalid
15:39:26 <WARN> "get_largest_fragment" filter: CCC12C3(C1)OC1C(CC21C1(O=O)C(c2[nH]nc(-c4ccccn4)C(C)C(O)=O)c3C(O)C2F)C(=O)OC2=C(C(C)(O)C1O2)C(C)=O is invalid
15:39:26 <WARN> "general_cleanup" filter: CCC12C3(C1)OC1C(CC21C1(O=O)C(c2[nH]nc(-c4ccccn4)C(C)C(O)=O)c3C(O)C2F)C(=O)OC2=C(C(C)(O)C1O2)C(C)=O is invalid
15:39:26 <WARN> "general_cleanup" filter: CCC12C3(C1)OC1C(CC21C1(O=O)C(c2[nH]nc(-c4ccccn4)C(C)C(O)=O)c3C(O)C2F)C(=O)OC2=C(C(C)(O)C1O2)C(C)=O is invalid
15:39:26 <WARN> "get_largest_fragment" filter: Cc1ccc(CN2c4ccccc3nc3ccccc23)cc1 is invalid
15:39:26 <WARN> "general_cleanup" filter: Cc1ccc(CN2c4ccccc3nc3ccccc23)cc1 is invalid
15:39:26 <WARN> "general_cleanup" filter: Cc1ccc(CN2c4ccccc3nc3ccccc23)cc1 is invalid
15:39:26 <WARN> "get_largest_fragment" filter: C=CCN1C(=O)N=C2C=CC=CO2)C(=O)c2ccccc12 is invalid
15:39:26 <WARN> "general_cleanup" filter: C=CCN1C(=O)N=C2C=CC=CO2)C(=O)c2ccccc12 is invalid
15:39:26 <WARN> "general_cleanup" filter: C=CCN1C(=O)N=C2C=CC=CO2)C(=O)c2ccccc12 is invalid
15:39:26 <WARN> "get_largest_fragment" filter: CC1CC(C)(O)C(O)C2C3C=C4CC(C)(CC=C5C)C3Cc3ccccc4C3CC12C is invalid
15:39:26 <WARN> "general_cleanup" filter: CC1CC(C)(O)C(O)C2C3C=C4CC(C)(CC=C5C)C3Cc3ccccc4C3CC12C is invalid
15:39:26 <WARN> "general_cleanup" filter: CC1CC(C)(O)C(O)C2C3C=C4CC(C)(CC=C5C)C3Cc3ccccc4C3CC12C is invalid
15:39:26 <WARN> "get_largest_fragment" filter: CCCCc1ccc(NCc2c(-c3ccc(o3)-c3cc(ccc3-c3nnnn3-c3cccnc3)C(C)C)ncn2)cc1 is invalid
15:39:26 <WARN> "general_cleanup" filter: CCCCc1ccc(NCc2c(-c3ccc(o3)-c3cc(ccc3-c3nnnn3-c3cccnc3)C(C)C)ncn2)cc1 is invalid
15:39:26 <WARN> "general_cleanup" filter: CCCCc1ccc(NCc2c(-c3ccc(o3)-c3cc(ccc3-c3nnnn3-c3cccnc3)C(C)C)ncn2)cc1 is invalid
15:39:26 <WARN> "get_largest_fragment" filter: CCOCC1N(CCCNC(=O)Cn2ccnc2)=CCSC1=NO is invalid
15:39:26 <WARN> "general_cleanup" filter: CCOCC1N(CCCNC(=O)Cn2ccnc2)=CCSC1=NO is invalid
15:39:26 <WARN> "general_cleanup" filter: CCOCC1N(CCCNC(=O)Cn2ccnc2)=CCSC1=NO is invalid
15:39:26 <WARN> "get_largest_fragment" filter: COC1N(CC(O)C(=O)Nc2ccc(Cl)c(Cl)c2)c2c([nH]c2C1=O)-c1cc(F)c(OC)cc1Cl is invalid
15:39:26 <WARN> "general_cleanup" filter: COC1N(CC(O)C(=O)Nc2ccc(Cl)c(Cl)c2)c2c([nH]c2C1=O)-c1cc(F)c(OC)cc1Cl is invalid
15:39:26 <WARN> "general_cleanup" filter: COC1N(CC(O)C(=O)Nc2ccc(Cl)c(Cl)c2)c2c([nH]c2C1=O)-c1cc(F)c(OC)cc1Cl is invalid
15:39:26 <WARN> "get_largest_fragment" filter: O=C(N1CCN(CC1)C(=S)c1nc-2cc(Cl)cc12)c1cccnc1 is invalid
15:39:26 <WARN> "general_cleanup" filter: O=C(N1CCN(CC1)C(=S)c1nc-2cc(Cl)cc12)c1cccnc1 is invalid
15:39:26 <WARN> "general_cleanup" filter: O=C(N1CCN(CC1)C(=S)c1nc-2cc(Cl)cc12)c1cccnc1 is invalid
15:39:26 <WARN> "get_largest_fragment" filter: [O-][n+]1nc(c(NCc2ccccc2)n1)-c1ccccc1 is invalid
15:39:26 <WARN> "general_cleanup" filter: [O-][n+]1nc(c(NCc2ccccc2)n1)-c1ccccc1 is invalid
15:39:26 <WARN> "general_cleanup" filter: [O-][n+]1nc(c(NCc2ccccc2)n1)-c1ccccc1 is invalid
15:39:26 <WARN> "get_largest_fragment" filter: CC(=C)C1CCC2C3=C(CCN2C1=O)ccc-3c2ccccc3-c2o1 is invalid
15:39:26 <WARN> "general_cleanup" filter: CC(=C)C1CCC2C3=C(CCN2C1=O)ccc-3c2ccccc3-c2o1 is invalid
15:39:26 <WARN> "general_cleanup" filter: CC(=C)C1CCC2C3=C(CCN2C1=O)ccc-3c2ccccc3-c2o1 is invalid
15:39:26 <WARN> "get_largest_fragment" filter: CCC(=O)Nc1sc2ccc3C(C)CCCc3c21 is invalid
15:39:26 <WARN> "general_cleanup" filter: CCC(=O)Nc1sc2ccc3C(C)CCCc3c21 is invalid
15:39:26 <WARN> "general_cleanup" filter: CCC(=O)Nc1sc2ccc3C(C)CCCc3c21 is invalid
15:39:26 <WARN> "get_largest_fragment" filter: COc1ccc2oc3CCN(CCc3nc2c1)C1CCS(=O)(=O)C1 is invalid
15:39:26 <WARN> "general_cleanup" filter: COc1ccc2oc3CCN(CCc3nc2c1)C1CCS(=O)(=O)C1 is invalid
15:39:26 <WARN> "general_cleanup" filter: COc1ccc2oc3CCN(CCc3nc2c1)C1CCS(=O)(=O)C1 is invalid
15:39:26 <WARN> "get_largest_fragment" filter: Cc1ccc2c(c([nH]c2s1)-c1ccc(F)cc1)-c1ccccc1 is invalid
15:39:26 <WARN> "general_cleanup" filter: Cc1ccc2c(c([nH]c2s1)-c1ccc(F)cc1)-c1ccccc1 is invalid
15:39:26 <WARN> "general_cleanup" filter: Cc1ccc2c(c([nH]c2s1)-c1ccc(F)cc1)-c1ccccc1 is invalid
15:39:26 <WARN> "get_largest_fragment" filter: COc1c(Cl)cc(C2=Cc3c(OC1=O)ccc(OC)c23)ccc1C(=N)Oc2cc(OC)ccc12 is invalid
15:39:26 <WARN> "general_cleanup" filter: COc1c(Cl)cc(C2=Cc3c(OC1=O)ccc(OC)c23)ccc1C(=N)Oc2cc(OC)ccc12 is invalid
15:39:26 <WARN> "general_cleanup" filter: COc1c(Cl)cc(C2=Cc3c(OC1=O)ccc(OC)c23)ccc1C(=N)Oc2cc(OC)ccc12 is invalid
15:39:26 <WARN> "get_largest_fragment" filter: NN1C(=O)C23CC(C=Cc2c1OC(C)(C)C)ccs3)c1ccccc1 is invalid
15:39:26 <WARN> "general_cleanup" filter: NN1C(=O)C23CC(C=Cc2c1OC(C)(C)C)ccs3)c1ccccc1 is invalid
15:39:26 <WARN> "general_cleanup" filter: NN1C(=O)C23CC(C=Cc2c1OC(C)(C)C)ccs3)c1ccccc1 is invalid
15:39:26 <WARN> "get_largest_fragment" filter: COc1ccc2C(=O)C=Cc3ccn(-c4cnc(o5)-c4ccccc4)c3c2c1 is invalid
15:39:26 <WARN> "general_cleanup" filter: COc1ccc2C(=O)C=Cc3ccn(-c4cnc(o5)-c4ccccc4)c3c2c1 is invalid
15:39:26 <WARN> "general_cleanup" filter: COc1ccc2C(=O)C=Cc3ccn(-c4cnc(o5)-c4ccccc4)c3c2c1 is invalid
15:39:26 <WARN> "get_largest_fragment" filter: Cn1cnnc1SN1C(=O)N=C2C=CC(CC(=O)Nc3ccccc3F)=N12 is invalid
15:39:26 <WARN> "general_cleanup" filter: Cn1cnnc1SN1C(=O)N=C2C=CC(CC(=O)Nc3ccccc3F)=N12 is invalid
15:39:26 <WARN> "general_cleanup" filter: Cn1cnnc1SN1C(=O)N=C2C=CC(CC(=O)Nc3ccccc3F)=N12 is invalid
15:39:26 <WARN> "get_largest_fragment" filter: Clc1cccc(c1)-n1nc(c2CN(CCCn12)C(=O)c1ccccc1)-c1cccs1 is invalid
15:39:26 <WARN> "general_cleanup" filter: Clc1cccc(c1)-n1nc(c2CN(CCCn12)C(=O)c1ccccc1)-c1cccs1 is invalid
15:39:26 <WARN> "general_cleanup" filter: Clc1cccc(c1)-n1nc(c2CN(CCCn12)C(=O)c1ccccc1)-c1cccs1 is invalid
15:39:26 <WARN> "get_largest_fragment" filter: Nc1ccc(cn1)-c1ccnc2ccc(cn12)-c1ncccn1 is invalid
15:39:26 <WARN> "general_cleanup" filter: Nc1ccc(cn1)-c1ccnc2ccc(cn12)-c1ncccn1 is invalid
15:39:26 <WARN> "general_cleanup" filter: Nc1ccc(cn1)-c1ccnc2ccc(cn12)-c1ncccn1 is invalid
15:39:26 <WARN> "get_largest_fragment" filter: O=C1NC(=O)C(=CNc2ccccc2N(=O)=O)=C1C#N is invalid
15:39:26 <WARN> "general_cleanup" filter: O=C1NC(=O)C(=CNc2ccccc2N(=O)=O)=C1C#N is invalid
15:39:26 <WARN> "general_cleanup" filter: O=C1NC(=O)C(=CNc2ccccc2N(=O)=O)=C1C#N is invalid
15:39:26 <WARN> "get_largest_fragment" filter: CC1(C)C2CC3N(C)C4CCC3(C)C(O)CC21 is invalid
15:39:26 <WARN> "general_cleanup" filter: CC1(C)C2CC3N(C)C4CCC3(C)C(O)CC21 is invalid
15:39:26 <WARN> "general_cleanup" filter: CC1(C)C2CC3N(C)C4CCC3(C)C(O)CC21 is invalid
15:39:26 <WARN> "get_largest_fragment" filter: Nc1cc(Br)cc(F)c1C(=O)c1cn(Cc2nc(co2)C2CC2)on1 is invalid
15:39:26 <WARN> "general_cleanup" filter: Nc1cc(Br)cc(F)c1C(=O)c1cn(Cc2nc(co2)C2CC2)on1 is invalid
15:39:26 <WARN> "general_cleanup" filter: Nc1cc(Br)cc(F)c1C(=O)c1cn(Cc2nc(co2)C2CC2)on1 is invalid
15:39:26 <WARN> "get_largest_fragment" filter: OCCNCC1COc2ccccc2C2C3Cc4cc5OCOc5c1C234 is invalid
15:39:26 <WARN> "general_cleanup" filter: OCCNCC1COc2ccccc2C2C3Cc4cc5OCOc5c1C234 is invalid
15:39:26 <WARN> "general_cleanup" filter: OCCNCC1COc2ccccc2C2C3Cc4cc5OCOc5c1C234 is invalid
15:39:26 <WARN> "get_largest_fragment" filter: Cc1sc2c(NC(=O)Cc3ccc(OC(=O)c4ccccc4)cc(C(=O)Nc4nc[nH]n4)c(C)c3)cc2-c2nonc2Oc1ccc(F)cc1F is invalid
15:39:26 <WARN> "general_cleanup" filter: Cc1sc2c(NC(=O)Cc3ccc(OC(=O)c4ccccc4)cc(C(=O)Nc4nc[nH]n4)c(C)c3)cc2-c2nonc2Oc1ccc(F)cc1F is invalid
15:39:26 <WARN> "general_cleanup" filter: Cc1sc2c(NC(=O)Cc3ccc(OC(=O)c4ccccc4)cc(C(=O)Nc4nc[nH]n4)c(C)c3)cc2-c2nonc2Oc1ccc(F)cc1F is invalid
15:39:26 <WARN> "get_largest_fragment" filter: CSc1nc2-c3ccccc3-c3ccccc3C22CN(C=Cc3ccc(F)cc3)C(=O)N(C)c2n1 is invalid
15:39:26 <WARN> "general_cleanup" filter: CSc1nc2-c3ccccc3-c3ccccc3C22CN(C=Cc3ccc(F)cc3)C(=O)N(C)c2n1 is invalid
15:39:26 <WARN> "general_cleanup" filter: CSc1nc2-c3ccccc3-c3ccccc3C22CN(C=Cc3ccc(F)cc3)C(=O)N(C)c2n1 is invalid
15:39:26 <WARN> "get_largest_fragment" filter: Cc1ccc(cc1)S(=O)(=O)Nc1ccc2BrCCCc2c1 is invalid
15:39:26 <WARN> "general_cleanup" filter: Cc1ccc(cc1)S(=O)(=O)Nc1ccc2BrCCCc2c1 is invalid
15:39:26 <WARN> "general_cleanup" filter: Cc1ccc(cc1)S(=O)(=O)Nc1ccc2BrCCCc2c1 is invalid
15:39:26 <WARN> "get_largest_fragment" filter: COc1ccc2c(C(=O)c3ccc3C(=O)N(C(=O)c3c2C)c2ccc(OC)cc2)c1 is invalid
15:39:26 <WARN> "general_cleanup" filter: COc1ccc2c(C(=O)c3ccc3C(=O)N(C(=O)c3c2C)c2ccc(OC)cc2)c1 is invalid
15:39:26 <WARN> "general_cleanup" filter: COc1ccc2c(C(=O)c3ccc3C(=O)N(C(=O)c3c2C)c2ccc(OC)cc2)c1 is invalid
15:39:26 <WARN> "get_largest_fragment" filter: C1CC23C4Oc5c2oc2c1c2c4-c1ccccc1C35OO4 is invalid
15:39:26 <WARN> "general_cleanup" filter: C1CC23C4Oc5c2oc2c1c2c4-c1ccccc1C35OO4 is invalid
15:39:26 <WARN> "general_cleanup" filter: C1CC23C4Oc5c2oc2c1c2c4-c1ccccc1C35OO4 is invalid
15:39:26 <WARN> "get_largest_fragment" filter: Clc1cccc(NC(=O)Clc2ccc3OCC(=O)Nc3c2)c1O is invalid
15:39:26 <WARN> "general_cleanup" filter: Clc1cccc(NC(=O)Clc2ccc3OCC(=O)Nc3c2)c1O is invalid
15:39:26 <WARN> "general_cleanup" filter: Clc1cccc(NC(=O)Clc2ccc3OCC(=O)Nc3c2)c1O is invalid
15:39:26 <WARN> "get_largest_fragment" filter: Clc1ccc2c(Nc3cccc(Br)c3)c3c(sc12)N(=O)=O is invalid
15:39:26 <WARN> "general_cleanup" filter: Clc1ccc2c(Nc3cccc(Br)c3)c3c(sc12)N(=O)=O is invalid
15:39:26 <WARN> "general_cleanup" filter: Clc1ccc2c(Nc3cccc(Br)c3)c3c(sc12)N(=O)=O is invalid
15:39:26 <WARN> "get_largest_fragment" filter: ONC(=O)C12Cc3cn(c4ccccc4c3CC1Cc1ccccc21)N1C=CC=CC1=O is invalid
15:39:26 <WARN> "general_cleanup" filter: ONC(=O)C12Cc3cn(c4ccccc4c3CC1Cc1ccccc21)N1C=CC=CC1=O is invalid
15:39:26 <WARN> "general_cleanup" filter: ONC(=O)C12Cc3cn(c4ccccc4c3CC1Cc1ccccc21)N1C=CC=CC1=O is invalid
15:39:26 <WARN> "get_largest_fragment" filter: COc1cccc(C=Cc2ccccc2OC)Sc1ncccc1C(O)=O is invalid
15:39:26 <WARN> "general_cleanup" filter: COc1cccc(C=Cc2ccccc2OC)Sc1ncccc1C(O)=O is invalid
15:39:26 <WARN> "general_cleanup" filter: COc1cccc(C=Cc2ccccc2OC)Sc1ncccc1C(O)=O is invalid
15:39:26 <WARN> "get_largest_fragment" filter: COC(=O)C1C2CCC(Oc3cc4NC(=O)Nc4cc34)CC1(C)C2CC(=O)N(C)C is invalid
15:39:26 <WARN> "general_cleanup" filter: COC(=O)C1C2CCC(Oc3cc4NC(=O)Nc4cc34)CC1(C)C2CC(=O)N(C)C is invalid
15:39:26 <WARN> "general_cleanup" filter: COC(=O)C1C2CCC(Oc3cc4NC(=O)Nc4cc34)CC1(C)C2CC(=O)N(C)C is invalid
15:39:26 <WARN> "get_largest_fragment" filter: CC(C)Oc1cc(CN2C(=O)c3cccc(C=C)c3C2=O)cc(NC(=O)CSc2nnc(C)n2C)s1 is invalid
15:39:26 <WARN> "general_cleanup" filter: CC(C)Oc1cc(CN2C(=O)c3cccc(C=C)c3C2=O)cc(NC(=O)CSc2nnc(C)n2C)s1 is invalid
15:39:26 <WARN> "general_cleanup" filter: CC(C)Oc1cc(CN2C(=O)c3cccc(C=C)c3C2=O)cc(NC(=O)CSc2nnc(C)n2C)s1 is invalid
15:39:26 <WARN> "get_largest_fragment" filter: CCC1Cn2c(CC2(C)C)c2ccc(cc2SC1)C(=O)N(C)c1ccccc1 is invalid
15:39:26 <WARN> "general_cleanup" filter: CCC1Cn2c(CC2(C)C)c2ccc(cc2SC1)C(=O)N(C)c1ccccc1 is invalid
15:39:26 <WARN> "general_cleanup" filter: CCC1Cn2c(CC2(C)C)c2ccc(cc2SC1)C(=O)N(C)c1ccccc1 is invalid
15:39:26 <WARN> "get_largest_fragment" filter: CCOC(=O)COc1ccc2N(CC(O)COc2c1)=Nc1ccc(cc1)C(C)C is invalid
15:39:26 <WARN> "general_cleanup" filter: CCOC(=O)COc1ccc2N(CC(O)COc2c1)=Nc1ccc(cc1)C(C)C is invalid
15:39:26 <WARN> "general_cleanup" filter: CCOC(=O)COc1ccc2N(CC(O)COc2c1)=Nc1ccc(cc1)C(C)C is invalid
15:39:26 <WARN> "get_largest_fragment" filter: Fc1ccc(cc1)C(=O)Nc1cc(nc2c(OCc3ccccc3)ccc12)N1CCCC1 is invalid
15:39:26 <WARN> "general_cleanup" filter: Fc1ccc(cc1)C(=O)Nc1cc(nc2c(OCc3ccccc3)ccc12)N1CCCC1 is invalid
15:39:26 <WARN> "general_cleanup" filter: Fc1ccc(cc1)C(=O)Nc1cc(nc2c(OCc3ccccc3)ccc12)N1CCCC1 is invalid
15:39:26 <WARN> "get_largest_fragment" filter: CNC(=O)c1cccc(NS(=O)(=O)c2ccc3N(C)C(=O)c4c(C)c3s2)c1 is invalid
15:39:26 <WARN> "general_cleanup" filter: CNC(=O)c1cccc(NS(=O)(=O)c2ccc3N(C)C(=O)c4c(C)c3s2)c1 is invalid
15:39:26 <WARN> "general_cleanup" filter: CNC(=O)c1cccc(NS(=O)(=O)c2ccc3N(C)C(=O)c4c(C)c3s2)c1 is invalid
15:39:26 <WARN> "get_largest_fragment" filter: COc1ccc(OC)c(c1)-n1[nH]nc2c(OC)nc(-c3cnnn3)c(C)n(C)c12 is invalid
15:39:26 <WARN> "general_cleanup" filter: COc1ccc(OC)c(c1)-n1[nH]nc2c(OC)nc(-c3cnnn3)c(C)n(C)c12 is invalid
15:39:26 <WARN> "general_cleanup" filter: COc1ccc(OC)c(c1)-n1[nH]nc2c(OC)nc(-c3cnnn3)c(C)n(C)c12 is invalid
15:39:26 <WARN> "get_largest_fragment" filter: CCCCN1C2=C(Cn3c2-c2ccccc2)C(=O)c2c(O)cccc3c2C1=O is invalid
15:39:26 <WARN> "general_cleanup" filter: CCCCN1C2=C(Cn3c2-c2ccccc2)C(=O)c2c(O)cccc3c2C1=O is invalid
15:39:26 <WARN> "general_cleanup" filter: CCCCN1C2=C(Cn3c2-c2ccccc2)C(=O)c2c(O)cccc3c2C1=O is invalid
15:39:26 <WARN> "get_largest_fragment" filter: CCOC(=O)Cc1ccc(OC)nc1C(O1C(C)CCC1=O)C(O)c1ccc(cc1)-c1sc(C)nc1C is invalid
15:39:26 <WARN> "general_cleanup" filter: CCOC(=O)Cc1ccc(OC)nc1C(O1C(C)CCC1=O)C(O)c1ccc(cc1)-c1sc(C)nc1C is invalid
15:39:26 <WARN> "general_cleanup" filter: CCOC(=O)Cc1ccc(OC)nc1C(O1C(C)CCC1=O)C(O)c1ccc(cc1)-c1sc(C)nc1C is invalid
15:39:26 <WARN> "get_largest_fragment" filter: CCOC(=O)c1c(C(=O)CSc2c(Cl)cccc2C(O)=Cc2cc(N)ncc2C2CCCOC2)c(N)c2C(=O)C(c3ccccc3)SCOc12 is invalid
15:39:26 <WARN> "general_cleanup" filter: CCOC(=O)c1c(C(=O)CSc2c(Cl)cccc2C(O)=Cc2cc(N)ncc2C2CCCOC2)c(N)c2C(=O)C(c3ccccc3)SCOc12 is invalid
15:39:26 <WARN> "general_cleanup" filter: CCOC(=O)c1c(C(=O)CSc2c(Cl)cccc2C(O)=Cc2cc(N)ncc2C2CCCOC2)c(N)c2C(=O)C(c3ccccc3)SCOc12 is invalid
15:39:26 <WARN> "get_largest_fragment" filter: O=N(CCCn1cncc1)c1ccnc2ccccc12 is invalid
15:39:26 <WARN> "general_cleanup" filter: O=N(CCCn1cncc1)c1ccnc2ccccc12 is invalid
15:39:26 <WARN> "general_cleanup" filter: O=N(CCCn1cncc1)c1ccnc2ccccc12 is invalid
15:39:26 <WARN> "get_largest_fragment" filter: Cn1cc(CN2c3ccc(cc3CC2=O)-s2)c2c1ncc(NCC1CCNCC1)c1ccccc21 is invalid
15:39:26 <WARN> "general_cleanup" filter: Cn1cc(CN2c3ccc(cc3CC2=O)-s2)c2c1ncc(NCC1CCNCC1)c1ccccc21 is invalid
15:39:26 <WARN> "general_cleanup" filter: Cn1cc(CN2c3ccc(cc3CC2=O)-s2)c2c1ncc(NCC1CCNCC1)c1ccccc21 is invalid
15:39:26 <WARN> "get_largest_fragment" filter: CCCNC1=Nc2cc(Br)cc3c(C)cc(C)c(c23)C2(C(C)C(=O)OC2(C)C)=C1C is invalid
15:39:26 <WARN> "general_cleanup" filter: CCCNC1=Nc2cc(Br)cc3c(C)cc(C)c(c23)C2(C(C)C(=O)OC2(C)C)=C1C is invalid
15:39:26 <WARN> "general_cleanup" filter: CCCNC1=Nc2cc(Br)cc3c(C)cc(C)c(c23)C2(C(C)C(=O)OC2(C)C)=C1C is invalid
15:39:26 <WARN> "get_largest_fragment" filter: Cn1cccc1C(=O)N1CCN(CC1)c1occ-2c1CN(CC3(CCCC1Cc3ccc(Cl)cc3)CC1)c1ccccc21 is invalid
15:39:26 <WARN> "general_cleanup" filter: Cn1cccc1C(=O)N1CCN(CC1)c1occ-2c1CN(CC3(CCCC1Cc3ccc(Cl)cc3)CC1)c1ccccc21 is invalid
15:39:26 <WARN> "general_cleanup" filter: Cn1cccc1C(=O)N1CCN(CC1)c1occ-2c1CN(CC3(CCCC1Cc3ccc(Cl)cc3)CC1)c1ccccc21 is invalid
15:39:26 <WARN> "get_largest_fragment" filter: O=C(COc1ccc(C=C#N)c(Br)c1)N(CC1CCCCN(Cc2ccccc2)C1)c1cccs1 is invalid
15:39:26 <WARN> "general_cleanup" filter: O=C(COc1ccc(C=C#N)c(Br)c1)N(CC1CCCCN(Cc2ccccc2)C1)c1cccs1 is invalid
15:39:26 <WARN> "general_cleanup" filter: O=C(COc1ccc(C=C#N)c(Br)c1)N(CC1CCCCN(Cc2ccccc2)C1)c1cccs1 is invalid
15:39:26 <WARN> "get_largest_fragment" filter: Nc1ncnc2ccc(cn12)-c1cccc(CCNC(=O)c2ccncc2)c1 is invalid
15:39:26 <WARN> "general_cleanup" filter: Nc1ncnc2ccc(cn12)-c1cccc(CCNC(=O)c2ccncc2)c1 is invalid
15:39:26 <WARN> "general_cleanup" filter: Nc1ncnc2ccc(cn12)-c1cccc(CCNC(=O)c2ccncc2)c1 is invalid
15:39:26 <WARN> "get_largest_fragment" filter: CCCCCCCCCCCC(=O)c1cccc(c1)-c1nccc2[nH]ccn12 is invalid
15:39:26 <WARN> "general_cleanup" filter: CCCCCCCCCCCC(=O)c1cccc(c1)-c1nccc2[nH]ccn12 is invalid
15:39:26 <WARN> "general_cleanup" filter: CCCCCCCCCCCC(=O)c1cccc(c1)-c1nccc2[nH]ccn12 is invalid
15:39:26 <WARN> "get_largest_fragment" filter: COCC(C)NC(=O)C(CC(=O)NO)C(=O)NC(Cc1ccc(CNC(=O)c2cccc3ccccc23)c2ccccc2)c1 is invalid
15:39:26 <WARN> "general_cleanup" filter: COCC(C)NC(=O)C(CC(=O)NO)C(=O)NC(Cc1ccc(CNC(=O)c2cccc3ccccc23)c2ccccc2)c1 is invalid
15:39:26 <WARN> "general_cleanup" filter: COCC(C)NC(=O)C(CC(=O)NO)C(=O)NC(Cc1ccc(CNC(=O)c2cccc3ccccc23)c2ccccc2)c1 is invalid
15:39:26 <WARN> "get_largest_fragment" filter: CSc1cccc2OC(CC(=O)NCCN(C)C)c3cccc1c23 is invalid
15:39:26 <WARN> "general_cleanup" filter: CSc1cccc2OC(CC(=O)NCCN(C)C)c3cccc1c23 is invalid
15:39:26 <WARN> "general_cleanup" filter: CSc1cccc2OC(CC(=O)NCCN(C)C)c3cccc1c23 is invalid
15:39:26 <WARN> "get_largest_fragment" filter: CCCC1=C(O)C(=O)c2ccc(O)c3ccc1c23 is invalid
15:39:26 <WARN> "general_cleanup" filter: CCCC1=C(O)C(=O)c2ccc(O)c3ccc1c23 is invalid
15:39:26 <WARN> "general_cleanup" filter: CCCC1=C(O)C(=O)c2ccc(O)c3ccc1c23 is invalid
15:39:26 <WARN> "get_largest_fragment" filter: CCOC(=O)c1c(C)[nH]c2c(C)c(C)c3C4=O)C(=O)Oc4c(OC)c(OC)c(OC)c4C(=O)c5c(O)c(OC7=O)ccc5C(=O)c4c4c5OC(OC)(C=NNC4=CC(=O)C(=O)c1c6cc5CCC245 is invalid
15:39:26 <WARN> "general_cleanup" filter: CCOC(=O)c1c(C)[nH]c2c(C)c(C)c3C4=O)C(=O)Oc4c(OC)c(OC)c(OC)c4C(=O)c5c(O)c(OC7=O)ccc5C(=O)c4c4c5OC(OC)(C=NNC4=CC(=O)C(=O)c1c6cc5CCC245 is invalid
15:39:26 <WARN> "general_cleanup" filter: CCOC(=O)c1c(C)[nH]c2c(C)c(C)c3C4=O)C(=O)Oc4c(OC)c(OC)c(OC)c4C(=O)c5c(O)c(OC7=O)ccc5C(=O)c4c4c5OC(OC)(C=NNC4=CC(=O)C(=O)c1c6cc5CCC245 is invalid
15:39:26 <WARN> "get_largest_fragment" filter: CC(O)CNc1nnc(SCCCN)c2ncnc(N4CCOCC3)c12 is invalid
15:39:26 <WARN> "general_cleanup" filter: CC(O)CNc1nnc(SCCCN)c2ncnc(N4CCOCC3)c12 is invalid
15:39:26 <WARN> "general_cleanup" filter: CC(O)CNc1nnc(SCCCN)c2ncnc(N4CCOCC3)c12 is invalid
15:39:26 <WARN> "get_largest_fragment" filter: Fc1ccc(cc1)-c1c(C2CC3CCC2C2C3C4c5c([nH]cnc45)C3C(=O)c3ccccc4C2=O)c2ccccc2c3CCCc2ccc(cc12)C(F)(F)F is invalid
15:39:26 <WARN> "general_cleanup" filter: Fc1ccc(cc1)-c1c(C2CC3CCC2C2C3C4c5c([nH]cnc45)C3C(=O)c3ccccc4C2=O)c2ccccc2c3CCCc2ccc(cc12)C(F)(F)F is invalid
15:39:26 <WARN> "general_cleanup" filter: Fc1ccc(cc1)-c1c(C2CC3CCC2C2C3C4c5c([nH]cnc45)C3C(=O)c3ccccc4C2=O)c2ccccc2c3CCCc2ccc(cc12)C(F)(F)F is invalid
15:39:26 <WARN> "get_largest_fragment" filter: CC1CCCC(=O)N(c2cccc=C3CCCCC23C(=O)OCC)c2ccccc12 is invalid
15:39:26 <WARN> "general_cleanup" filter: CC1CCCC(=O)N(c2cccc=C3CCCCC23C(=O)OCC)c2ccccc12 is invalid
15:39:26 <WARN> "general_cleanup" filter: CC1CCCC(=O)N(c2cccc=C3CCCCC23C(=O)OCC)c2ccccc12 is invalid
15:39:26 <WARN> "get_largest_fragment" filter: CCSc1cc(OCC(=O)OCC)c2C(=O)c3ccccc3-n2c1 is invalid
15:39:26 <WARN> "general_cleanup" filter: CCSc1cc(OCC(=O)OCC)c2C(=O)c3ccccc3-n2c1 is invalid
15:39:26 <WARN> "general_cleanup" filter: CCSc1cc(OCC(=O)OCC)c2C(=O)c3ccccc3-n2c1 is invalid
15:39:26 <WARN> "get_largest_fragment" filter: COc1cc(nnn1)N1CCc2cc(NC(=O)NC(C)c3ccc(C)c3)scc2C1=O is invalid
15:39:26 <WARN> "general_cleanup" filter: COc1cc(nnn1)N1CCc2cc(NC(=O)NC(C)c3ccc(C)c3)scc2C1=O is invalid
15:39:26 <WARN> "general_cleanup" filter: COc1cc(nnn1)N1CCc2cc(NC(=O)NC(C)c3ccc(C)c3)scc2C1=O is invalid
15:39:26 <WARN> "get_largest_fragment" filter: CCCCCC=CCC1CCC2C3CCC4=C(CCC4(C)C(CCC4=O)NC3=O)C12C is invalid
15:39:26 <WARN> "general_cleanup" filter: CCCCCC=CCC1CCC2C3CCC4=C(CCC4(C)C(CCC4=O)NC3=O)C12C is invalid
15:39:26 <WARN> "general_cleanup" filter: CCCCCC=CCC1CCC2C3CCC4=C(CCC4(C)C(CCC4=O)NC3=O)C12C is invalid
15:39:26 <WARN> "get_largest_fragment" filter: NS(=O)(=O)c1cccc(OCC(=O)Nc2c(Oc3cccc(c3)-c3ccc(Cl)cc3)ncn2)c(C)c1 is invalid
15:39:26 <WARN> "general_cleanup" filter: NS(=O)(=O)c1cccc(OCC(=O)Nc2c(Oc3cccc(c3)-c3ccc(Cl)cc3)ncn2)c(C)c1 is invalid
15:39:26 <WARN> "general_cleanup" filter: NS(=O)(=O)c1cccc(OCC(=O)Nc2c(Oc3cccc(c3)-c3ccc(Cl)cc3)ncn2)c(C)c1 is invalid
15:39:26 <WARN> "get_largest_fragment" filter: CCCN(CCCC)S(=O)(=O)c1ccc(COc2ccc3n(CCc4ccc(OC)cc4)cc3c2)cc1 is invalid
15:39:26 <WARN> "general_cleanup" filter: CCCN(CCCC)S(=O)(=O)c1ccc(COc2ccc3n(CCc4ccc(OC)cc4)cc3c2)cc1 is invalid
15:39:26 <WARN> "general_cleanup" filter: CCCN(CCCC)S(=O)(=O)c1ccc(COc2ccc3n(CCc4ccc(OC)cc4)cc3c2)cc1 is invalid
15:39:26 <WARN> "get_largest_fragment" filter: COc1ccc2[n+]([O-])c3CCC4C(C)(C)OCc4c(OC)c34 is invalid
15:39:26 <WARN> "general_cleanup" filter: COc1ccc2[n+]([O-])c3CCC4C(C)(C)OCc4c(OC)c34 is invalid
15:39:26 <WARN> "general_cleanup" filter: COc1ccc2[n+]([O-])c3CCC4C(C)(C)OCc4c(OC)c34 is invalid
15:39:26 <WARN> "get_largest_fragment" filter: Cn1cc(Br)c(c1)C(=O)NC1=C(NC(=O)N(Cc2ccc(NC(=O)c3cc(ccc3-c3cccs3)C(O)=O)c3c[nH]c4ccccc23)C(N)=O)C(=O)NC1=O is invalid
15:39:26 <WARN> "general_cleanup" filter: Cn1cc(Br)c(c1)C(=O)NC1=C(NC(=O)N(Cc2ccc(NC(=O)c3cc(ccc3-c3cccs3)C(O)=O)c3c[nH]c4ccccc23)C(N)=O)C(=O)NC1=O is invalid
15:39:26 <WARN> "general_cleanup" filter: Cn1cc(Br)c(c1)C(=O)NC1=C(NC(=O)N(Cc2ccc(NC(=O)c3cc(ccc3-c3cccs3)C(O)=O)c3c[nH]c4ccccc23)C(N)=O)C(=O)NC1=O is invalid
15:39:26 <WARN> "get_largest_fragment" filter: CCC(C)CCN(C(C)C)C(=O)Nc1ccc2N=C3C=C(C)CC(=O)O3)c(Nc3ccc(NC(=O)C=C)cc3-c2c1 is invalid
15:39:26 <WARN> "general_cleanup" filter: CCC(C)CCN(C(C)C)C(=O)Nc1ccc2N=C3C=C(C)CC(=O)O3)c(Nc3ccc(NC(=O)C=C)cc3-c2c1 is invalid
15:39:26 <WARN> "general_cleanup" filter: CCC(C)CCN(C(C)C)C(=O)Nc1ccc2N=C3C=C(C)CC(=O)O3)c(Nc3ccc(NC(=O)C=C)cc3-c2c1 is invalid
15:39:26 <WARN> "get_largest_fragment" filter: Clc1ccc2nc(NC3CC[N+](C4)c4ncccn4)n(-c4ccc(F)cc4F)c3c2c1 is invalid
15:39:26 <WARN> "general_cleanup" filter: Clc1ccc2nc(NC3CC[N+](C4)c4ncccn4)n(-c4ccc(F)cc4F)c3c2c1 is invalid
15:39:26 <WARN> "general_cleanup" filter: Clc1ccc2nc(NC3CC[N+](C4)c4ncccn4)n(-c4ccc(F)cc4F)c3c2c1 is invalid
15:39:26 <WARN> "get_largest_fragment" filter: CC(C)=CCCC(=O)C1CC23CC(=O)C4OC4(C)CCC(O)C(C)(C)C4CCC3(C)C2(O)C(=O)C1 is invalid
15:39:26 <WARN> "general_cleanup" filter: CC(C)=CCCC(=O)C1CC23CC(=O)C4OC4(C)CCC(O)C(C)(C)C4CCC3(C)C2(O)C(=O)C1 is invalid
15:39:26 <WARN> "general_cleanup" filter: CC(C)=CCCC(=O)C1CC23CC(=O)C4OC4(C)CCC(O)C(C)(C)C4CCC3(C)C2(O)C(=O)C1 is invalid
15:39:26 <WARN> "get_largest_fragment" filter: O=C(NC1=NC(=S)N(NNc2ccccc2)c2ccc(OCCNCCc3ccccc3)cc2)=Nc2ccccc2C1=O is invalid
15:39:26 <WARN> "general_cleanup" filter: O=C(NC1=NC(=S)N(NNc2ccccc2)c2ccc(OCCNCCc3ccccc3)cc2)=Nc2ccccc2C1=O is invalid
15:39:26 <WARN> "general_cleanup" filter: O=C(NC1=NC(=S)N(NNc2ccccc2)c2ccc(OCCNCCc3ccccc3)cc2)=Nc2ccccc2C1=O is invalid
15:39:26 <WARN> "get_largest_fragment" filter: CC12CC3CC(=CCC3C4=CC(=O)CC3C1CCC1C(Cc3cc(CCCC(O)=O)ccc3)C1C=NNC2=O)C=NO is invalid
15:39:26 <WARN> "general_cleanup" filter: CC12CC3CC(=CCC3C4=CC(=O)CC3C1CCC1C(Cc3cc(CCCC(O)=O)ccc3)C1C=NNC2=O)C=NO is invalid
15:39:26 <WARN> "general_cleanup" filter: CC12CC3CC(=CCC3C4=CC(=O)CC3C1CCC1C(Cc3cc(CCCC(O)=O)ccc3)C1C=NNC2=O)C=NO is invalid
15:39:26 <WARN> "get_largest_fragment" filter: CCN(CC)CCOc1ccc(OC)c(NC(=O)Cn2c3CCCCc3c2C)c1 is invalid
15:39:26 <WARN> "general_cleanup" filter: CCN(CC)CCOc1ccc(OC)c(NC(=O)Cn2c3CCCCc3c2C)c1 is invalid
15:39:26 <WARN> "general_cleanup" filter: CCN(CC)CCOc1ccc(OC)c(NC(=O)Cn2c3CCCCc3c2C)c1 is invalid
15:39:26 <WARN> "get_largest_fragment" filter: CC(=O)N1CCCN2c2c(ccc12)-c1ccc(CN2CCCCC2=O)cc1 is invalid
15:39:26 <WARN> "general_cleanup" filter: CC(=O)N1CCCN2c2c(ccc12)-c1ccc(CN2CCCCC2=O)cc1 is invalid
15:39:26 <WARN> "general_cleanup" filter: CC(=O)N1CCCN2c2c(ccc12)-c1ccc(CN2CCCCC2=O)cc1 is invalid
15:39:26 <WARN> "get_largest_fragment" filter: Clc1c[nH]c(NC(=O)N2CCN(CC2)c2ccccc2)nn1 is invalid
15:39:26 <WARN> "general_cleanup" filter: Clc1c[nH]c(NC(=O)N2CCN(CC2)c2ccccc2)nn1 is invalid
15:39:26 <WARN> "general_cleanup" filter: Clc1c[nH]c(NC(=O)N2CCN(CC2)c2ccccc2)nn1 is invalid
15:39:26 <WARN> "get_largest_fragment" filter: COC1C(OC(C)=O)C23OO(OC3OC12C)OC is invalid
15:39:26 <WARN> "general_cleanup" filter: COC1C(OC(C)=O)C23OO(OC3OC12C)OC is invalid
15:39:26 <WARN> "general_cleanup" filter: COC1C(OC(C)=O)C23OO(OC3OC12C)OC is invalid
15:39:26 <WARN> "get_largest_fragment" filter: Cc1ccc(OCC(=O)NN=C2C=NNC(=O)c2cc1C)N(=O)=O is invalid
15:39:26 <WARN> "general_cleanup" filter: Cc1ccc(OCC(=O)NN=C2C=NNC(=O)c2cc1C)N(=O)=O is invalid
15:39:26 <WARN> "general_cleanup" filter: Cc1ccc(OCC(=O)NN=C2C=NNC(=O)c2cc1C)N(=O)=O is invalid
15:39:26 <WARN> "get_largest_fragment" filter: COC(=O)Nc1sc2nc3CCCCc3c(nc2c1C(=O)NC)N(CCC)CCNC1CCCCC1 is invalid
15:39:26 <WARN> "general_cleanup" filter: COC(=O)Nc1sc2nc3CCCCc3c(nc2c1C(=O)NC)N(CCC)CCNC1CCCCC1 is invalid
15:39:26 <WARN> "general_cleanup" filter: COC(=O)Nc1sc2nc3CCCCc3c(nc2c1C(=O)NC)N(CCC)CCNC1CCCCC1 is invalid
15:39:26 <WARN> "get_largest_fragment" filter: OCC1OC2(OC3CC4CC2(C4)C2(O2)C(O)C1OC34O is invalid
15:39:26 <WARN> "general_cleanup" filter: OCC1OC2(OC3CC4CC2(C4)C2(O2)C(O)C1OC34O is invalid
15:39:26 <WARN> "general_cleanup" filter: OCC1OC2(OC3CC4CC2(C4)C2(O2)C(O)C1OC34O is invalid
15:39:26 <WARN> "get_largest_fragment" filter: Cc1cn(cn1)-c1cc2c(NC(=O)NC3CC3)nnc2cc1Cl is invalid
15:39:26 <WARN> "general_cleanup" filter: Cc1cn(cn1)-c1cc2c(NC(=O)NC3CC3)nnc2cc1Cl is invalid
15:39:26 <WARN> "general_cleanup" filter: Cc1cn(cn1)-c1cc2c(NC(=O)NC3CC3)nnc2cc1Cl is invalid
15:39:26 <WARN> "get_largest_fragment" filter: CC(C)=CCN1C(=O)C2(OC(C=C(CF)(c3ccc(Cl)s3)c3ccc(C)cc23)n2cccc2)C1=O is invalid
15:39:26 <WARN> "general_cleanup" filter: CC(C)=CCN1C(=O)C2(OC(C=C(CF)(c3ccc(Cl)s3)c3ccc(C)cc23)n2cccc2)C1=O is invalid
15:39:26 <WARN> "general_cleanup" filter: CC(C)=CCN1C(=O)C2(OC(C=C(CF)(c3ccc(Cl)s3)c3ccc(C)cc23)n2cccc2)C1=O is invalid
15:39:26 <WARN> "get_largest_fragment" filter: COc1ccc2[nH]cc(CCCN3CCOCC3)nc2c1 is invalid
15:39:26 <WARN> "general_cleanup" filter: COc1ccc2[nH]cc(CCCN3CCOCC3)nc2c1 is invalid
15:39:26 <WARN> "general_cleanup" filter: COc1ccc2[nH]cc(CCCN3CCOCC3)nc2c1 is invalid
15:39:26 <WARN> "get_largest_fragment" filter: Oc1ccc2c(C(=O)NCc3ccc(o3)C(=O)NCc3ccc(F)cc3)ncc2c1 is invalid
15:39:26 <WARN> "general_cleanup" filter: Oc1ccc2c(C(=O)NCc3ccc(o3)C(=O)NCc3ccc(F)cc3)ncc2c1 is invalid
15:39:26 <WARN> "general_cleanup" filter: Oc1ccc2c(C(=O)NCc3ccc(o3)C(=O)NCc3ccc(F)cc3)ncc2c1 is invalid
15:39:26 <WARN> "get_largest_fragment" filter: COc1ccc(CCN2CC3Cc4nc(SCC(O)=O)c[n+](C)c4c3-c3ncn[nH]3)ccnc2c1 is invalid
15:39:26 <WARN> "general_cleanup" filter: COc1ccc(CCN2CC3Cc4nc(SCC(O)=O)c[n+](C)c4c3-c3ncn[nH]3)ccnc2c1 is invalid
15:39:26 <WARN> "general_cleanup" filter: COc1ccc(CCN2CC3Cc4nc(SCC(O)=O)c[n+](C)c4c3-c3ncn[nH]3)ccnc2c1 is invalid
15:39:26 <WARN> "get_largest_fragment" filter: COC12CC3CC(C)(CC=C3C21)c1cc(on1)-c1cc2c(nn(c2c1)C(O)=O)-c1ccccc1 is invalid
15:39:26 <WARN> "general_cleanup" filter: COC12CC3CC(C)(CC=C3C21)c1cc(on1)-c1cc2c(nn(c2c1)C(O)=O)-c1ccccc1 is invalid
15:39:26 <WARN> "general_cleanup" filter: COC12CC3CC(C)(CC=C3C21)c1cc(on1)-c1cc2c(nn(c2c1)C(O)=O)-c1ccccc1 is invalid
15:39:26 <WARN> "get_largest_fragment" filter: CC12CC3C4=C(C#NOCCN4C(=O)CCC3C4)C(=O)CN#Cc3ccc(O)cc3CC1C2(C)CCCC is invalid
15:39:26 <WARN> "general_cleanup" filter: CC12CC3C4=C(C#NOCCN4C(=O)CCC3C4)C(=O)CN#Cc3ccc(O)cc3CC1C2(C)CCCC is invalid
15:39:26 <WARN> "general_cleanup" filter: CC12CC3C4=C(C#NOCCN4C(=O)CCC3C4)C(=O)CN#Cc3ccc(O)cc3CC1C2(C)CCCC is invalid
15:39:26 <WARN> "get_largest_fragment" filter: C(NCC1CCCO1)c1cc2cccc(OCc3ccccc3)c2n1 is invalid
15:39:26 <WARN> "general_cleanup" filter: C(NCC1CCCO1)c1cc2cccc(OCc3ccccc3)c2n1 is invalid
15:39:26 <WARN> "general_cleanup" filter: C(NCC1CCCO1)c1cc2cccc(OCc3ccccc3)c2n1 is invalid
15:39:26 <WARN> "get_largest_fragment" filter: CC1CN(Cc2cnc3cn(-c4ccccc4)c(c23)-c2cccc(NC(C)=O)c2F)C(=O)C(CCSC)NC(=O)CCCCNC(=O)CCCCCOc2ccc(Cl)cc2N(=O)=O)C1=O is invalid
15:39:26 <WARN> "general_cleanup" filter: CC1CN(Cc2cnc3cn(-c4ccccc4)c(c23)-c2cccc(NC(C)=O)c2F)C(=O)C(CCSC)NC(=O)CCCCNC(=O)CCCCCOc2ccc(Cl)cc2N(=O)=O)C1=O is invalid
15:39:26 <WARN> "general_cleanup" filter: CC1CN(Cc2cnc3cn(-c4ccccc4)c(c23)-c2cccc(NC(C)=O)c2F)C(=O)C(CCSC)NC(=O)CCCCNC(=O)CCCCCOc2ccc(Cl)cc2N(=O)=O)C1=O is invalid
15:39:26 <WARN> "get_largest_fragment" filter: COc1cc(C=CCO)cc(c1)-c1cn2nc(nn2c1)-c1cc(Cl)c(OC)c(OC)c1 is invalid
15:39:26 <WARN> "general_cleanup" filter: COc1cc(C=CCO)cc(c1)-c1cn2nc(nn2c1)-c1cc(Cl)c(OC)c(OC)c1 is invalid
15:39:26 <WARN> "general_cleanup" filter: COc1cc(C=CCO)cc(c1)-c1cn2nc(nn2c1)-c1cc(Cl)c(OC)c(OC)c1 is invalid
15:39:26 <WARN> "get_largest_fragment" filter: CC(C)c1c(CC(O)=O)cc3ccccc1c1Oc2cc(OC)c(O)cc3c2OCC1O is invalid
15:39:26 <WARN> "general_cleanup" filter: CC(C)c1c(CC(O)=O)cc3ccccc1c1Oc2cc(OC)c(O)cc3c2OCC1O is invalid
15:39:26 <WARN> "general_cleanup" filter: CC(C)c1c(CC(O)=O)cc3ccccc1c1Oc2cc(OC)c(O)cc3c2OCC1O is invalid
15:39:26 <WARN> "get_largest_fragment" filter: COc1ccc(Oc2ccc3NC(=NO)C=C(c3n2C)C(=O)N2CCC(C)CC2)cc1 is invalid
15:39:26 <WARN> "general_cleanup" filter: COc1ccc(Oc2ccc3NC(=NO)C=C(c3n2C)C(=O)N2CCC(C)CC2)cc1 is invalid
15:39:26 <WARN> "general_cleanup" filter: COc1ccc(Oc2ccc3NC(=NO)C=C(c3n2C)C(=O)N2CCC(C)CC2)cc1 is invalid
15:39:26 <WARN> "get_largest_fragment" filter: COc1c2OCN(CCCc3ccccc3)C(=Nc2cc1OC)c1ccccc1 is invalid
15:39:26 <WARN> "general_cleanup" filter: COc1c2OCN(CCCc3ccccc3)C(=Nc2cc1OC)c1ccccc1 is invalid
15:39:26 <WARN> "general_cleanup" filter: COc1c2OCN(CCCc3ccccc3)C(=Nc2cc1OC)c1ccccc1 is invalid
15:39:26 <WARN> "get_largest_fragment" filter: NS(=O)(=O)c1cc2c(NC(=O)c3ccccc3)sc3ccccc3-n2c1 is invalid
15:39:26 <WARN> "general_cleanup" filter: NS(=O)(=O)c1cc2c(NC(=O)c3ccccc3)sc3ccccc3-n2c1 is invalid
15:39:26 <WARN> "general_cleanup" filter: NS(=O)(=O)c1cc2c(NC(=O)c3ccccc3)sc3ccccc3-n2c1 is invalid
15:39:26 <WARN> "get_largest_fragment" filter: CCSC1=Nc2c(sc4ccccc23)NC(C2CC(=O)NC12)C(O)=O is invalid
15:39:26 <WARN> "general_cleanup" filter: CCSC1=Nc2c(sc4ccccc23)NC(C2CC(=O)NC12)C(O)=O is invalid
15:39:26 <WARN> "general_cleanup" filter: CCSC1=Nc2c(sc4ccccc23)NC(C2CC(=O)NC12)C(O)=O is invalid
15:39:26 <WARN> "get_largest_fragment" filter: COc1ccc(cc1)-n1c(C)nc2ccc(NC(=O)C3CC4CC3CC3C3)cc12 is invalid
15:39:26 <WARN> "general_cleanup" filter: COc1ccc(cc1)-n1c(C)nc2ccc(NC(=O)C3CC4CC3CC3C3)cc12 is invalid
15:39:26 <WARN> "general_cleanup" filter: COc1ccc(cc1)-n1c(C)nc2ccc(NC(=O)C3CC4CC3CC3C3)cc12 is invalid
15:39:26 <WARN> "get_largest_fragment" filter: NC(=O)c1cn(C2CCN(Cc3nc(n[nH]3)-c3ccc(F)cc3)CC2)co1 is invalid
15:39:26 <WARN> "general_cleanup" filter: NC(=O)c1cn(C2CCN(Cc3nc(n[nH]3)-c3ccc(F)cc3)CC2)co1 is invalid
15:39:26 <WARN> "general_cleanup" filter: NC(=O)c1cn(C2CCN(Cc3nc(n[nH]3)-c3ccc(F)cc3)CC2)co1 is invalid
15:39:26 <WARN> "get_largest_fragment" filter: COc1ccc(F)cc1CCNC(=O)C1CCC2(CC1)OCl is invalid
15:39:26 <WARN> "general_cleanup" filter: COc1ccc(F)cc1CCNC(=O)C1CCC2(CC1)OCl is invalid
15:39:26 <WARN> "general_cleanup" filter: COc1ccc(F)cc1CCNC(=O)C1CCC2(CC1)OCl is invalid
15:39:26 <WARN> "get_largest_fragment" filter: OC(=O)c1c(C#N)cc(C=C#N)cc1Cl is invalid
15:39:26 <WARN> "general_cleanup" filter: OC(=O)c1c(C#N)cc(C=C#N)cc1Cl is invalid
15:39:26 <WARN> "general_cleanup" filter: OC(=O)c1c(C#N)cc(C=C#N)cc1Cl is invalid
15:39:26 <WARN> "get_largest_fragment" filter: CCCCCCCCCCC(=O)OCC1COC2OC(C)(O)C3N(C)C(OC)C4OC5(C)CCC13Oc1c(O)c(OC)cc(C)c1C2=O is invalid
15:39:26 <WARN> "general_cleanup" filter: CCCCCCCCCCC(=O)OCC1COC2OC(C)(O)C3N(C)C(OC)C4OC5(C)CCC13Oc1c(O)c(OC)cc(C)c1C2=O is invalid
15:39:26 <WARN> "general_cleanup" filter: CCCCCCCCCCC(=O)OCC1COC2OC(C)(O)C3N(C)C(OC)C4OC5(C)CCC13Oc1c(O)c(OC)cc(C)c1C2=O is invalid
15:39:26 <WARN> "get_largest_fragment" filter: FC(F)(F)c1ccc2c(NN=Cc3ccc4OCOc4c3)c(nc2c1)-c1cc(C=NNC2=NNC(=O)CN2)ccc1Cl is invalid
15:39:26 <WARN> "general_cleanup" filter: FC(F)(F)c1ccc2c(NN=Cc3ccc4OCOc4c3)c(nc2c1)-c1cc(C=NNC2=NNC(=O)CN2)ccc1Cl is invalid
15:39:26 <WARN> "general_cleanup" filter: FC(F)(F)c1ccc2c(NN=Cc3ccc4OCOc4c3)c(nc2c1)-c1cc(C=NNC2=NNC(=O)CN2)ccc1Cl is invalid
15:39:26 <WARN> "get_largest_fragment" filter: Cc1nn(C2CC(CCO2)C(=C)c2cnco2)c2ccc(cc2n1)N1CCC(CC1)C(=O)N1CCN(CC1)c1ccccc1 is invalid
15:39:26 <WARN> "general_cleanup" filter: Cc1nn(C2CC(CCO2)C(=C)c2cnco2)c2ccc(cc2n1)N1CCC(CC1)C(=O)N1CCN(CC1)c1ccccc1 is invalid
15:39:26 <WARN> "general_cleanup" filter: Cc1nn(C2CC(CCO2)C(=C)c2cnco2)c2ccc(cc2n1)N1CCC(CC1)C(=O)N1CCN(CC1)c1ccccc1 is invalid
15:39:26 <WARN> "get_largest_fragment" filter: COC(=O)CN1C(=O)C2Cc3nonc3CSc2c1ccnc1C is invalid
15:39:26 <WARN> "general_cleanup" filter: COC(=O)CN1C(=O)C2Cc3nonc3CSc2c1ccnc1C is invalid
15:39:26 <WARN> "general_cleanup" filter: COC(=O)CN1C(=O)C2Cc3nonc3CSc2c1ccnc1C is invalid
15:39:26 <WARN> "get_largest_fragment" filter: O=C1Nc2ccccn2c1N1CCOCC1 is invalid
15:39:26 <WARN> "general_cleanup" filter: O=C1Nc2ccccn2c1N1CCOCC1 is invalid
15:39:26 <WARN> "general_cleanup" filter: O=C1Nc2ccccn2c1N1CCOCC1 is invalid
15:39:26 <WARN> "get_largest_fragment" filter: COc1ccc(C=C(c2nc3cc(OC)c(OC)c(OC)c3OC)cn2)cc1O is invalid
15:39:26 <WARN> "general_cleanup" filter: COc1ccc(C=C(c2nc3cc(OC)c(OC)c(OC)c3OC)cn2)cc1O is invalid
15:39:26 <WARN> "general_cleanup" filter: COc1ccc(C=C(c2nc3cc(OC)c(OC)c(OC)c3OC)cn2)cc1O is invalid
15:39:26 <WARN> "get_largest_fragment" filter: CNc1ncc2c(nnn12)C1COCCC1O is invalid
15:39:26 <WARN> "general_cleanup" filter: CNc1ncc2c(nnn12)C1COCCC1O is invalid
15:39:26 <WARN> "general_cleanup" filter: CNc1ncc2c(nnn12)C1COCCC1O is invalid
15:39:26 <WARN> "get_largest_fragment" filter: Cc1ccc2Oc3cccc4OC4Cc4cc(cc4Sc4c1)c(c1ccc(NC(=O)c5ccc5CC2)ccc34)c1C is invalid
15:39:26 <WARN> "general_cleanup" filter: Cc1ccc2Oc3cccc4OC4Cc4cc(cc4Sc4c1)c(c1ccc(NC(=O)c5ccc5CC2)ccc34)c1C is invalid
15:39:26 <WARN> "general_cleanup" filter: Cc1ccc2Oc3cccc4OC4Cc4cc(cc4Sc4c1)c(c1ccc(NC(=O)c5ccc5CC2)ccc34)c1C is invalid
15:39:26 <WARN> "get_largest_fragment" filter: COc1cccc(OC)c1C(=O)Nc1ccc(cc1)-c1cccnc1C2CC1(C)S(=O)(=O)c1ccccc21 is invalid
15:39:26 <WARN> "general_cleanup" filter: COc1cccc(OC)c1C(=O)Nc1ccc(cc1)-c1cccnc1C2CC1(C)S(=O)(=O)c1ccccc21 is invalid
15:39:26 <WARN> "general_cleanup" filter: COc1cccc(OC)c1C(=O)Nc1ccc(cc1)-c1cccnc1C2CC1(C)S(=O)(=O)c1ccccc21 is invalid
15:39:26 <WARN> "get_largest_fragment" filter: FC(F)(F)c1ccc(NS(=O)(=O)c2cc3c(Nc4nc[nH]c4C(=O)c4cc(F)ccc34)cc(F)c2F)cc1 is invalid
15:39:26 <WARN> "general_cleanup" filter: FC(F)(F)c1ccc(NS(=O)(=O)c2cc3c(Nc4nc[nH]c4C(=O)c4cc(F)ccc34)cc(F)c2F)cc1 is invalid
15:39:26 <WARN> "general_cleanup" filter: FC(F)(F)c1ccc(NS(=O)(=O)c2cc3c(Nc4nc[nH]c4C(=O)c4cc(F)ccc34)cc(F)c2F)cc1 is invalid
15:39:26 <WARN> "get_largest_fragment" filter: CC1=C(Cc2ccccc2)N(CCc2ccccc2)S(=O)(=O)CCCC(=O)N2CCOCC2=O1 is invalid
15:39:26 <WARN> "general_cleanup" filter: CC1=C(Cc2ccccc2)N(CCc2ccccc2)S(=O)(=O)CCCC(=O)N2CCOCC2=O1 is invalid
15:39:26 <WARN> "general_cleanup" filter: CC1=C(Cc2ccccc2)N(CCc2ccccc2)S(=O)(=O)CCCC(=O)N2CCOCC2=O1 is invalid
15:39:26 <WARN> "get_largest_fragment" filter: C1Cc2ccccc2C2CCCN(CC2c1ccnc2ccccc12)-c1ccccc1 is invalid
15:39:26 <WARN> "general_cleanup" filter: C1Cc2ccccc2C2CCCN(CC2c1ccnc2ccccc12)-c1ccccc1 is invalid
15:39:26 <WARN> "general_cleanup" filter: C1Cc2ccccc2C2CCCN(CC2c1ccnc2ccccc12)-c1ccccc1 is invalid
15:39:26 <WARN> "get_largest_fragment" filter: N#NN=C1C(=N)Nc2ccccc12 is invalid
15:39:26 <WARN> "general_cleanup" filter: N#NN=C1C(=N)Nc2ccccc12 is invalid
15:39:26 <WARN> "general_cleanup" filter: N#NN=C1C(=N)Nc2ccccc12 is invalid
15:39:26 <WARN> "get_largest_fragment" filter: CCCCN1CC(CC1=O)c1nc2c(Cl)ccc(Cl)c2c(C)n11 is invalid
15:39:26 <WARN> "general_cleanup" filter: CCCCN1CC(CC1=O)c1nc2c(Cl)ccc(Cl)c2c(C)n11 is invalid
15:39:26 <WARN> "general_cleanup" filter: CCCCN1CC(CC1=O)c1nc2c(Cl)ccc(Cl)c2c(C)n11 is invalid
15:39:26 <WARN> "get_largest_fragment" filter: CCN1CCN(CC1)C1=Nc2scc(C(=O)Nc4ccccc3C(=O)N(C)C)c2NC1=O is invalid
15:39:26 <WARN> "general_cleanup" filter: CCN1CCN(CC1)C1=Nc2scc(C(=O)Nc4ccccc3C(=O)N(C)C)c2NC1=O is invalid
15:39:26 <WARN> "general_cleanup" filter: CCN1CCN(CC1)C1=Nc2scc(C(=O)Nc4ccccc3C(=O)N(C)C)c2NC1=O is invalid
15:39:26 <WARN> "get_largest_fragment" filter: FC(F)(F)c1cc(NC2CCOC2(Cc2ccccn2)C2CCCCC2)cc1 is invalid
15:39:26 <WARN> "general_cleanup" filter: FC(F)(F)c1cc(NC2CCOC2(Cc2ccccn2)C2CCCCC2)cc1 is invalid
15:39:26 <WARN> "general_cleanup" filter: FC(F)(F)c1cc(NC2CCOC2(Cc2ccccn2)C2CCCCC2)cc1 is invalid
15:39:26 <WARN> "get_largest_fragment" filter: NC(CO)c1ccc(Nc2nc(-c3ccncc3)n3nc(cc23)-c2nc3ccccc3o2)cc1 is invalid
15:39:26 <WARN> "general_cleanup" filter: NC(CO)c1ccc(Nc2nc(-c3ccncc3)n3nc(cc23)-c2nc3ccccc3o2)cc1 is invalid
15:39:26 <WARN> "general_cleanup" filter: NC(CO)c1ccc(Nc2nc(-c3ccncc3)n3nc(cc23)-c2nc3ccccc3o2)cc1 is invalid
15:39:26 <WARN> "get_largest_fragment" filter: COc1ccc2NC(=O)C(CCCN(C)C(=O)CCNC(=O)Nc4ccccc3F)c3cc(Br)ccc3-c2c1 is invalid
15:39:26 <WARN> "general_cleanup" filter: COc1ccc2NC(=O)C(CCCN(C)C(=O)CCNC(=O)Nc4ccccc3F)c3cc(Br)ccc3-c2c1 is invalid
15:39:26 <WARN> "general_cleanup" filter: COc1ccc2NC(=O)C(CCCN(C)C(=O)CCNC(=O)Nc4ccccc3F)c3cc(Br)ccc3-c2c1 is invalid
15:39:26 <WARN> "get_largest_fragment" filter: CCn1c(COc2ccc(cc2)-c2ccccc2)oc1CCCCOc1ccccc1F is invalid
15:39:26 <WARN> "general_cleanup" filter: CCn1c(COc2ccc(cc2)-c2ccccc2)oc1CCCCOc1ccccc1F is invalid
15:39:26 <WARN> "general_cleanup" filter: CCn1c(COc2ccc(cc2)-c2ccccc2)oc1CCCCOc1ccccc1F is invalid
15:39:26 <WARN> "get_largest_fragment" filter: COc1cc(Br)c(cc1F)C1=Nc2cc(C=C(O)c3cccc(n3)C(F)(F)F)cc2C(=O)O1 is invalid
15:39:26 <WARN> "general_cleanup" filter: COc1cc(Br)c(cc1F)C1=Nc2cc(C=C(O)c3cccc(n3)C(F)(F)F)cc2C(=O)O1 is invalid
15:39:26 <WARN> "general_cleanup" filter: COc1cc(Br)c(cc1F)C1=Nc2cc(C=C(O)c3cccc(n3)C(F)(F)F)cc2C(=O)O1 is invalid
15:39:26 <WARN> "get_largest_fragment" filter: Clc1cc2NC(=O)C=C(C(=O)Nc3nccs3)c2n1 is invalid
15:39:26 <WARN> "general_cleanup" filter: Clc1cc2NC(=O)C=C(C(=O)Nc3nccs3)c2n1 is invalid
15:39:26 <WARN> "general_cleanup" filter: Clc1cc2NC(=O)C=C(C(=O)Nc3nccs3)c2n1 is invalid
15:39:26 <WARN> "get_largest_fragment" filter: O=C#CC1=CC(=O)N2C(Sc3ccc(OCCc4ccccc4)c(Cl)c3)=CC(=O)N12 is invalid
15:39:26 <WARN> "general_cleanup" filter: O=C#CC1=CC(=O)N2C(Sc3ccc(OCCc4ccccc4)c(Cl)c3)=CC(=O)N12 is invalid
15:39:26 <WARN> "general_cleanup" filter: O=C#CC1=CC(=O)N2C(Sc3ccc(OCCc4ccccc4)c(Cl)c3)=CC(=O)N12 is invalid
15:39:26 <WARN> "get_largest_fragment" filter: CN1CCN(CC1)c1cc2nnc(C)n2n1 is invalid
15:39:26 <WARN> "general_cleanup" filter: CN1CCN(CC1)c1cc2nnc(C)n2n1 is invalid
15:39:26 <WARN> "general_cleanup" filter: CN1CCN(CC1)c1cc2nnc(C)n2n1 is invalid
15:39:26 <WARN> "get_largest_fragment" filter: CC(=O)C(C1=C2OCCC1N2c1cccc(O)c1)C12COC(=O)C(CC(O)=O)C(OC(C)=O)C1C1C(O)C3(C)CCC(O)C2C1(C)C4=CCC=C4C5(C)C is invalid
15:39:26 <WARN> "general_cleanup" filter: CC(=O)C(C1=C2OCCC1N2c1cccc(O)c1)C12COC(=O)C(CC(O)=O)C(OC(C)=O)C1C1C(O)C3(C)CCC(O)C2C1(C)C4=CCC=C4C5(C)C is invalid
15:39:26 <WARN> "general_cleanup" filter: CC(=O)C(C1=C2OCCC1N2c1cccc(O)c1)C12COC(=O)C(CC(O)=O)C(OC(C)=O)C1C1C(O)C3(C)CCC(O)C2C1(C)C4=CCC=C4C5(C)C is invalid
15:39:26 <WARN> "get_largest_fragment" filter: CNCCCCCCC(=O)N(CCc1c(C(=O)OC)C(=O)Nc2ccccc2C)c(C)c1-c1c(C)c(C(O)=O)c(O)c(O)c1CO is invalid
15:39:26 <WARN> "general_cleanup" filter: CNCCCCCCC(=O)N(CCc1c(C(=O)OC)C(=O)Nc2ccccc2C)c(C)c1-c1c(C)c(C(O)=O)c(O)c(O)c1CO is invalid
15:39:26 <WARN> "general_cleanup" filter: CNCCCCCCC(=O)N(CCc1c(C(=O)OC)C(=O)Nc2ccccc2C)c(C)c1-c1c(C)c(C(O)=O)c(O)c(O)c1CO is invalid
15:39:26 <WARN> "get_largest_fragment" filter: CCC(=O)NC1CCN(C1)C(=O)c1cc2cccsc2c(N)c1C#CC is invalid
15:39:26 <WARN> "general_cleanup" filter: CCC(=O)NC1CCN(C1)C(=O)c1cc2cccsc2c(N)c1C#CC is invalid
15:39:26 <WARN> "general_cleanup" filter: CCC(=O)NC1CCN(C1)C(=O)c1cc2cccsc2c(N)c1C#CC is invalid
15:39:26 <WARN> "get_largest_fragment" filter: COc1cccc(NC(=O)c2cc3c(Oc4cc(F)cc(F)c4C(=O)Nc4nc3O)c(CC(=O)N3CC(C)NC(C)N3)c3ccn(C4OC(=O)CSC4=C(C)C#N)c3F)ccc2c1 is invalid
15:39:26 <WARN> "general_cleanup" filter: COc1cccc(NC(=O)c2cc3c(Oc4cc(F)cc(F)c4C(=O)Nc4nc3O)c(CC(=O)N3CC(C)NC(C)N3)c3ccn(C4OC(=O)CSC4=C(C)C#N)c3F)ccc2c1 is invalid
15:39:26 <WARN> "general_cleanup" filter: COc1cccc(NC(=O)c2cc3c(Oc4cc(F)cc(F)c4C(=O)Nc4nc3O)c(CC(=O)N3CC(C)NC(C)N3)c3ccn(C4OC(=O)CSC4=C(C)C#N)c3F)ccc2c1 is invalid
15:39:26 <WARN> "get_largest_fragment" filter: CC1=COC2(O)C3C(C1)OC(=O)C=Cc1c(O)c4OC(=O)C(=Cc5ccc(Cl)c(O)c6)C(CC8C(C)(O)CCC34C)C2CCC1 is invalid
15:39:26 <WARN> "general_cleanup" filter: CC1=COC2(O)C3C(C1)OC(=O)C=Cc1c(O)c4OC(=O)C(=Cc5ccc(Cl)c(O)c6)C(CC8C(C)(O)CCC34C)C2CCC1 is invalid
15:39:26 <WARN> "general_cleanup" filter: CC1=COC2(O)C3C(C1)OC(=O)C=Cc1c(O)c4OC(=O)C(=Cc5ccc(Cl)c(O)c6)C(CC8C(C)(O)CCC34C)C2CCC1 is invalid
15:39:26 <WARN> "get_largest_fragment" filter: Cc1nn(C=C(C(O)=O)c2nccs2)c1C is invalid
15:39:26 <WARN> "general_cleanup" filter: Cc1nn(C=C(C(O)=O)c2nccs2)c1C is invalid
15:39:26 <WARN> "general_cleanup" filter: Cc1nn(C=C(C(O)=O)c2nccs2)c1C is invalid
15:39:26 <WARN> "get_largest_fragment" filter: O=C(N=C1Cc2ccccc2C1=O)c1ccc2c(CC3CCCCNS3(=O)=O)sc2c1 is invalid
15:39:26 <WARN> "general_cleanup" filter: O=C(N=C1Cc2ccccc2C1=O)c1ccc2c(CC3CCCCNS3(=O)=O)sc2c1 is invalid
15:39:26 <WARN> "general_cleanup" filter: O=C(N=C1Cc2ccccc2C1=O)c1ccc2c(CC3CCCCNS3(=O)=O)sc2c1 is invalid
15:39:26 <WARN> "get_largest_fragment" filter: COCc1cccc2c1Oc1ccc3OCOc3c(SCOC(=O)CN(C)C)c12 is invalid
15:39:26 <WARN> "general_cleanup" filter: COCc1cccc2c1Oc1ccc3OCOc3c(SCOC(=O)CN(C)C)c12 is invalid
15:39:26 <WARN> "general_cleanup" filter: COCc1cccc2c1Oc1ccc3OCOc3c(SCOC(=O)CN(C)C)c12 is invalid
15:39:26 <WARN> "get_largest_fragment" filter: CC1CN(CCC1N)c1cc2CCN(CCc2nc2ccccc2Cl)c(O)c1 is invalid
15:39:26 <WARN> "general_cleanup" filter: CC1CN(CCC1N)c1cc2CCN(CCc2nc2ccccc2Cl)c(O)c1 is invalid
15:39:26 <WARN> "general_cleanup" filter: CC1CN(CCC1N)c1cc2CCN(CCc2nc2ccccc2Cl)c(O)c1 is invalid
15:39:26 <WARN> "get_largest_fragment" filter: CCOC(=O)c1ccc(SC2=NC(=O)c3sccc3C2=O)n1 is invalid
15:39:26 <WARN> "general_cleanup" filter: CCOC(=O)c1ccc(SC2=NC(=O)c3sccc3C2=O)n1 is invalid
15:39:26 <WARN> "general_cleanup" filter: CCOC(=O)c1ccc(SC2=NC(=O)c3sccc3C2=O)n1 is invalid
15:39:27 <WARN> "get_largest_fragment" filter: COc1cc(C)cc2cc3OC(=CC(=O)Oc3ccc12)C(O)=O is invalid
15:39:27 <WARN> "general_cleanup" filter: COc1cc(C)cc2cc3OC(=CC(=O)Oc3ccc12)C(O)=O is invalid
15:39:27 <WARN> "general_cleanup" filter: COc1cc(C)cc2cc3OC(=CC(=O)Oc3ccc12)C(O)=O is invalid
15:39:27 <WARN> "get_largest_fragment" filter: CCOC(=O)CCCCC(=O)OC1C2C(O)C3(C)OC4C1(C)CC1C1CCC2(C)C1OC(=O)C1(O3)C(O)=O is invalid
15:39:27 <WARN> "general_cleanup" filter: CCOC(=O)CCCCC(=O)OC1C2C(O)C3(C)OC4C1(C)CC1C1CCC2(C)C1OC(=O)C1(O3)C(O)=O is invalid
15:39:27 <WARN> "general_cleanup" filter: CCOC(=O)CCCCC(=O)OC1C2C(O)C3(C)OC4C1(C)CC1C1CCC2(C)C1OC(=O)C1(O3)C(O)=O is invalid
15:39:27 <WARN> "get_largest_fragment" filter: COc1c2COC(=O)c2cc(n1Cc1ccc(Oc2ccc(C)cc2)cc1)C(F)(F)F is invalid
15:39:27 <WARN> "general_cleanup" filter: COc1c2COC(=O)c2cc(n1Cc1ccc(Oc2ccc(C)cc2)cc1)C(F)(F)F is invalid
15:39:27 <WARN> "general_cleanup" filter: COc1c2COC(=O)c2cc(n1Cc1ccc(Oc2ccc(C)cc2)cc1)C(F)(F)F is invalid
15:39:27 <WARN> "get_largest_fragment" filter: CC1CN(CC(C)(C)N1)c1ccc(cc1)N(N1C(=O)SC(=Cc2cccs2)=C1C)S(O)(=O)=O is invalid
15:39:27 <WARN> "general_cleanup" filter: CC1CN(CC(C)(C)N1)c1ccc(cc1)N(N1C(=O)SC(=Cc2cccs2)=C1C)S(O)(=O)=O is invalid
15:39:27 <WARN> "general_cleanup" filter: CC1CN(CC(C)(C)N1)c1ccc(cc1)N(N1C(=O)SC(=Cc2cccs2)=C1C)S(O)(=O)=O is invalid
15:39:27 <WARN> "get_largest_fragment" filter: CCN(C1CC2CC1CN(CN1CCCCC1)C3=O)CCO2 is invalid
15:39:27 <WARN> "general_cleanup" filter: CCN(C1CC2CC1CN(CN1CCCCC1)C3=O)CCO2 is invalid
15:39:27 <WARN> "general_cleanup" filter: CCN(C1CC2CC1CN(CN1CCCCC1)C3=O)CCO2 is invalid
15:39:27 <WARN> "get_largest_fragment" filter: FC(F)C(=O)N1CCCC2(CCCN3CCN(CC3C4=NCCN2)C1=O)c1ccccc1F is invalid
15:39:27 <WARN> "general_cleanup" filter: FC(F)C(=O)N1CCCC2(CCCN3CCN(CC3C4=NCCN2)C1=O)c1ccccc1F is invalid
15:39:27 <WARN> "general_cleanup" filter: FC(F)C(=O)N1CCCC2(CCCN3CCN(CC3C4=NCCN2)C1=O)c1ccccc1F is invalid
15:39:27 <WARN> "get_largest_fragment" filter: O=C1N(N[N-]=C1c1ccccc1)C(=S)Nc1ccccc1 is invalid
15:39:27 <WARN> "general_cleanup" filter: O=C1N(N[N-]=C1c1ccccc1)C(=S)Nc1ccccc1 is invalid
15:39:27 <WARN> "general_cleanup" filter: O=C1N(N[N-]=C1c1ccccc1)C(=S)Nc1ccccc1 is invalid
15:39:27 <WARN> "get_largest_fragment" filter: C1Oc2ccc3c4ccccc4n(C1)c23 is invalid
15:39:27 <WARN> "general_cleanup" filter: C1Oc2ccc3c4ccccc4n(C1)c23 is invalid
15:39:27 <WARN> "general_cleanup" filter: C1Oc2ccc3c4ccccc4n(C1)c23 is invalid
15:39:27 <WARN> "get_largest_fragment" filter: Cc1ccc2n(C)c3c(Cl)c2cc1OC(C)=O is invalid
15:39:27 <WARN> "general_cleanup" filter: Cc1ccc2n(C)c3c(Cl)c2cc1OC(C)=O is invalid
15:39:27 <WARN> "general_cleanup" filter: Cc1ccc2n(C)c3c(Cl)c2cc1OC(C)=O is invalid
15:39:27 <WARN> "get_largest_fragment" filter: Cc1nc(CCC(=O)Nc2ccc(c3)S(=O)(=O)N(C)S(C)(=O)=O)nc2sc1NC(C)=O is invalid
15:39:27 <WARN> "general_cleanup" filter: Cc1nc(CCC(=O)Nc2ccc(c3)S(=O)(=O)N(C)S(C)(=O)=O)nc2sc1NC(C)=O is invalid
15:39:27 <WARN> "general_cleanup" filter: Cc1nc(CCC(=O)Nc2ccc(c3)S(=O)(=O)N(C)S(C)(=O)=O)nc2sc1NC(C)=O is invalid
15:39:27 <WARN> "get_largest_fragment" filter: CC1CCC2N(CCc3c2[nH]c2cc(ccc32)-c2cn(Cc3cc4OCOc4cc3C(=O)N(C)C)C3=O)C(=O)c2c1)(N=O is invalid
15:39:27 <WARN> "general_cleanup" filter: CC1CCC2N(CCc3c2[nH]c2cc(ccc32)-c2cn(Cc3cc4OCOc4cc3C(=O)N(C)C)C3=O)C(=O)c2c1)(N=O is invalid
15:39:27 <WARN> "general_cleanup" filter: CC1CCC2N(CCc3c2[nH]c2cc(ccc32)-c2cn(Cc3cc4OCOc4cc3C(=O)N(C)C)C3=O)C(=O)c2c1)(N=O is invalid
15:39:27 <WARN> "get_largest_fragment" filter: O=C1N(Cc2ccc3OCn4c4cnn(-c4ccccc4)c(CN4CCCC4)c3)nc2N1 is invalid
15:39:27 <WARN> "general_cleanup" filter: O=C1N(Cc2ccc3OCn4c4cnn(-c4ccccc4)c(CN4CCCC4)c3)nc2N1 is invalid
15:39:27 <WARN> "general_cleanup" filter: O=C1N(Cc2ccc3OCn4c4cnn(-c4ccccc4)c(CN4CCCC4)c3)nc2N1 is invalid
15:39:27 <WARN> "get_largest_fragment" filter: CN(C)CCC(O)(c1ccc(cc1)C#N)C1=C(N)N(Cc2ccc3nc(ccn3c2)C(F)(F)F)S(=O)(=O)c2ccccc12 is invalid
15:39:27 <WARN> "general_cleanup" filter: CN(C)CCC(O)(c1ccc(cc1)C#N)C1=C(N)N(Cc2ccc3nc(ccn3c2)C(F)(F)F)S(=O)(=O)c2ccccc12 is invalid
15:39:27 <WARN> "general_cleanup" filter: CN(C)CCC(O)(c1ccc(cc1)C#N)C1=C(N)N(Cc2ccc3nc(ccn3c2)C(F)(F)F)S(=O)(=O)c2ccccc12 is invalid
15:39:27 <WARN> "get_largest_fragment" filter: Oc1ccc2CCC3C(CCCN2c2ccccc12)c35 is invalid
15:39:27 <WARN> "general_cleanup" filter: Oc1ccc2CCC3C(CCCN2c2ccccc12)c35 is invalid
15:39:27 <WARN> "general_cleanup" filter: Oc1ccc2CCC3C(CCCN2c2ccccc12)c35 is invalid
15:39:27 <WARN> "get_largest_fragment" filter: O=C1NN=C(CN2SC(Nc3ccccc3)=C(N2C2CCCC2)C1)=NNC(=O)c1cccnc1 is invalid
15:39:27 <WARN> "general_cleanup" filter: O=C1NN=C(CN2SC(Nc3ccccc3)=C(N2C2CCCC2)C1)=NNC(=O)c1cccnc1 is invalid
15:39:27 <WARN> "general_cleanup" filter: O=C1NN=C(CN2SC(Nc3ccccc3)=C(N2C2CCCC2)C1)=NNC(=O)c1cccnc1 is invalid
15:39:27 <WARN> "get_largest_fragment" filter: CN(CCc1ccc(cc1)C1CC(=O)N=C2N=C3SC(=Nc3cc2C1)-c1ccc(cc1)N(C)C)c1cccc2ccccc12 is invalid
15:39:27 <WARN> "general_cleanup" filter: CN(CCc1ccc(cc1)C1CC(=O)N=C2N=C3SC(=Nc3cc2C1)-c1ccc(cc1)N(C)C)c1cccc2ccccc12 is invalid
15:39:27 <WARN> "general_cleanup" filter: CN(CCc1ccc(cc1)C1CC(=O)N=C2N=C3SC(=Nc3cc2C1)-c1ccc(cc1)N(C)C)c1cccc2ccccc12 is invalid
15:39:27 <WARN> "get_largest_fragment" filter: Cc1cc(Cl)cc(NC(=O)NCCNC(=O)c2cc(nc3c(ccc4ccccc23)S(N)(=O)=O)C(F)(F)F)n1 is invalid
15:39:27 <WARN> "general_cleanup" filter: Cc1cc(Cl)cc(NC(=O)NCCNC(=O)c2cc(nc3c(ccc4ccccc23)S(N)(=O)=O)C(F)(F)F)n1 is invalid
15:39:27 <WARN> "general_cleanup" filter: Cc1cc(Cl)cc(NC(=O)NCCNC(=O)c2cc(nc3c(ccc4ccccc23)S(N)(=O)=O)C(F)(F)F)n1 is invalid
15:39:27 <WARN> "get_largest_fragment" filter: Cc1ncc(C(=O)N2CC3CC(CN(C2)c3ncnc(C)c2NC(=O)NC3CCCO3)o2)n1 is invalid
15:39:27 <WARN> "general_cleanup" filter: Cc1ncc(C(=O)N2CC3CC(CN(C2)c3ncnc(C)c2NC(=O)NC3CCCO3)o2)n1 is invalid
15:39:27 <WARN> "general_cleanup" filter: Cc1ncc(C(=O)N2CC3CC(CN(C2)c3ncnc(C)c2NC(=O)NC3CCCO3)o2)n1 is invalid
15:39:27 <WARN> "get_largest_fragment" filter: Cc1ccc(CC2=C(C)NC(C)(C)Cn3cnnn3)c2cc1OCC1CCCCC1 is invalid
15:39:27 <WARN> "general_cleanup" filter: Cc1ccc(CC2=C(C)NC(C)(C)Cn3cnnn3)c2cc1OCC1CCCCC1 is invalid
15:39:27 <WARN> "general_cleanup" filter: Cc1ccc(CC2=C(C)NC(C)(C)Cn3cnnn3)c2cc1OCC1CCCCC1 is invalid
15:39:27 <WARN> "get_largest_fragment" filter: CCn1nc(cc1CNC(=O)C1OC(C(O)C1O)n1cc(C(O)=O)c1NCc1cccc(Cl)c1)C(O)=O is invalid
15:39:27 <WARN> "general_cleanup" filter: CCn1nc(cc1CNC(=O)C1OC(C(O)C1O)n1cc(C(O)=O)c1NCc1cccc(Cl)c1)C(O)=O is invalid
15:39:27 <WARN> "general_cleanup" filter: CCn1nc(cc1CNC(=O)C1OC(C(O)C1O)n1cc(C(O)=O)c1NCc1cccc(Cl)c1)C(O)=O is invalid
15:39:27 <WARN> "get_largest_fragment" filter: CC1(C)Cc2cc(-c3ccc(F)cc3)n(CCNC(=O)CN3N4CCC4(CNC(=O)C3)C4)c2C1 is invalid
15:39:27 <WARN> "general_cleanup" filter: CC1(C)Cc2cc(-c3ccc(F)cc3)n(CCNC(=O)CN3N4CCC4(CNC(=O)C3)C4)c2C1 is invalid
15:39:27 <WARN> "general_cleanup" filter: CC1(C)Cc2cc(-c3ccc(F)cc3)n(CCNC(=O)CN3N4CCC4(CNC(=O)C3)C4)c2C1 is invalid
15:39:27 <WARN> "get_largest_fragment" filter: Clc1ccc(NC(=O)OCC23CC4CC3CCC4(CC(C2)C=C4 is invalid
15:39:27 <WARN> "general_cleanup" filter: Clc1ccc(NC(=O)OCC23CC4CC3CCC4(CC(C2)C=C4 is invalid
15:39:27 <WARN> "general_cleanup" filter: Clc1ccc(NC(=O)OCC23CC4CC3CCC4(CC(C2)C=C4 is invalid
15:39:27 <WARN> "get_largest_fragment" filter: Clc1cc(OCC(=O)Nc2ncc3nccnc32)ccn1 is invalid
15:39:27 <WARN> "general_cleanup" filter: Clc1cc(OCC(=O)Nc2ncc3nccnc32)ccn1 is invalid
15:39:27 <WARN> "general_cleanup" filter: Clc1cc(OCC(=O)Nc2ncc3nccnc32)ccn1 is invalid
15:39:27 <WARN> "get_largest_fragment" filter: Oc1cccc2c(c(N=Cc3ccccn3)nnc2c1)-c1ccccc1 is invalid
15:39:27 <WARN> "general_cleanup" filter: Oc1cccc2c(c(N=Cc3ccccn3)nnc2c1)-c1ccccc1 is invalid
15:39:27 <WARN> "general_cleanup" filter: Oc1cccc2c(c(N=Cc3ccccn3)nnc2c1)-c1ccccc1 is invalid
15:39:27 <WARN> "get_largest_fragment" filter: CN1N=C(CC2=C(OC)C(=O)N=C(N)N2)C(=O)NS1(=O)(=O)Nc1ccc(Cc2ccco2)cc1 is invalid
15:39:27 <WARN> "general_cleanup" filter: CN1N=C(CC2=C(OC)C(=O)N=C(N)N2)C(=O)NS1(=O)(=O)Nc1ccc(Cc2ccco2)cc1 is invalid
15:39:27 <WARN> "general_cleanup" filter: CN1N=C(CC2=C(OC)C(=O)N=C(N)N2)C(=O)NS1(=O)(=O)Nc1ccc(Cc2ccco2)cc1 is invalid
15:39:27 <WARN> "get_largest_fragment" filter: CC1CCC2(C)C(CCC3C4CCC4CC(O)CCC4(C)C3CCC12C)OC(=O)C=CCF is invalid
15:39:27 <WARN> "general_cleanup" filter: CC1CCC2(C)C(CCC3C4CCC4CC(O)CCC4(C)C3CCC12C)OC(=O)C=CCF is invalid
15:39:27 <WARN> "general_cleanup" filter: CC1CCC2(C)C(CCC3C4CCC4CC(O)CCC4(C)C3CCC12C)OC(=O)C=CCF is invalid
15:39:27 <WARN> "get_largest_fragment" filter: CC(C)(CF)COc1ncc(cc1F)-c1cnc(SCCCCCCCCCN)c(C#N)(F)c1 is invalid
15:39:27 <WARN> "general_cleanup" filter: CC(C)(CF)COc1ncc(cc1F)-c1cnc(SCCCCCCCCCN)c(C#N)(F)c1 is invalid
15:39:27 <WARN> "general_cleanup" filter: CC(C)(CF)COc1ncc(cc1F)-c1cnc(SCCCCCCCCCN)c(C#N)(F)c1 is invalid
15:39:27 <WARN> "get_largest_fragment" filter: CC12Cc3c(Br)c(OC1=O)ccc3-c1ccccc1C1=CC(C)=CC(=O)O2 is invalid
15:39:27 <WARN> "general_cleanup" filter: CC12Cc3c(Br)c(OC1=O)ccc3-c1ccccc1C1=CC(C)=CC(=O)O2 is invalid
15:39:27 <WARN> "general_cleanup" filter: CC12Cc3c(Br)c(OC1=O)ccc3-c1ccccc1C1=CC(C)=CC(=O)O2 is invalid
15:39:27 <WARN> "get_largest_fragment" filter: OC(=O)C1CCC(CC1)c1sc(NC(=O)NN=Cc2ccco2)s1 is invalid
15:39:27 <WARN> "general_cleanup" filter: OC(=O)C1CCC(CC1)c1sc(NC(=O)NN=Cc2ccco2)s1 is invalid
15:39:27 <WARN> "general_cleanup" filter: OC(=O)C1CCC(CC1)c1sc(NC(=O)NN=Cc2ccco2)s1 is invalid
15:39:27 <WARN> "get_largest_fragment" filter: CC1OC2CC1C1C1Cc3cc(O)ccc3-n21 is invalid
15:39:27 <WARN> "general_cleanup" filter: CC1OC2CC1C1C1Cc3cc(O)ccc3-n21 is invalid
15:39:27 <WARN> "general_cleanup" filter: CC1OC2CC1C1C1Cc3cc(O)ccc3-n21 is invalid
15:39:27 <WARN> "get_largest_fragment" filter: Cc1ccc2c(cCN3CCN(CC3)C3CCCS(=O)(=O)C3)nc(Br)c2c1 is invalid
15:39:27 <WARN> "general_cleanup" filter: Cc1ccc2c(cCN3CCN(CC3)C3CCCS(=O)(=O)C3)nc(Br)c2c1 is invalid
15:39:27 <WARN> "general_cleanup" filter: Cc1ccc2c(cCN3CCN(CC3)C3CCCS(=O)(=O)C3)nc(Br)c2c1 is invalid
15:39:27 <WARN> "get_largest_fragment" filter: CC(C)C1ON=C(N(c2ccc(C)cc2)c2ccnn2C)C3(C4CCCCC3)C1=O is invalid
15:39:27 <WARN> "general_cleanup" filter: CC(C)C1ON=C(N(c2ccc(C)cc2)c2ccnn2C)C3(C4CCCCC3)C1=O is invalid
15:39:27 <WARN> "general_cleanup" filter: CC(C)C1ON=C(N(c2ccc(C)cc2)c2ccnn2C)C3(C4CCCCC3)C1=O is invalid
15:39:27 <WARN> "get_largest_fragment" filter: CCOC(=O)c1ccccc1Nc1c2ccccc2c2ccccc12 is invalid
15:39:27 <WARN> "general_cleanup" filter: CCOC(=O)c1ccccc1Nc1c2ccccc2c2ccccc12 is invalid
15:39:27 <WARN> "general_cleanup" filter: CCOC(=O)c1ccccc1Nc1c2ccccc2c2ccccc12 is invalid
15:39:27 <WARN> "get_largest_fragment" filter: O=C1Sc2cc(OCc3ccccc3Oc3ccccc3)ccn21 is invalid
15:39:27 <WARN> "general_cleanup" filter: O=C1Sc2cc(OCc3ccccc3Oc3ccccc3)ccn21 is invalid
15:39:27 <WARN> "general_cleanup" filter: O=C1Sc2cc(OCc3ccccc3Oc3ccccc3)ccn21 is invalid
15:39:27 <WARN> "get_largest_fragment" filter: Cc1cc(C(O)=O)c2c([nH]c3ccccc23)c2nc(nn12)-c1ccco1 is invalid
15:39:27 <WARN> "general_cleanup" filter: Cc1cc(C(O)=O)c2c([nH]c3ccccc23)c2nc(nn12)-c1ccco1 is invalid
15:39:27 <WARN> "general_cleanup" filter: Cc1cc(C(O)=O)c2c([nH]c3ccccc23)c2nc(nn12)-c1ccco1 is invalid
15:39:27 <WARN> "get_largest_fragment" filter: Fc1ccc(cc1)-c1nc2C(=O)N(CC(=O)N(CC(=O)NCCc3ccccc3)Cc3ccccc3)c2cn1-c1ccc(Cl)cc1 is invalid
15:39:27 <WARN> "general_cleanup" filter: Fc1ccc(cc1)-c1nc2C(=O)N(CC(=O)N(CC(=O)NCCc3ccccc3)Cc3ccccc3)c2cn1-c1ccc(Cl)cc1 is invalid
15:39:27 <WARN> "general_cleanup" filter: Fc1ccc(cc1)-c1nc2C(=O)N(CC(=O)N(CC(=O)NCCc3ccccc3)Cc3ccccc3)c2cn1-c1ccc(Cl)cc1 is invalid
15:39:27 <WARN> "get_largest_fragment" filter: CNc1nc(N)c2nc(ns22)c1CN1CCOc2ccccc2C1 is invalid
15:39:27 <WARN> "general_cleanup" filter: CNc1nc(N)c2nc(ns22)c1CN1CCOc2ccccc2C1 is invalid
15:39:27 <WARN> "general_cleanup" filter: CNc1nc(N)c2nc(ns22)c1CN1CCOc2ccccc2C1 is invalid
15:39:27 <WARN> "get_largest_fragment" filter: COc1ccc(cc1)-c1cn2nc(c(Cc3cccc(Br)c3)c2n1)C(C)(C)C is invalid
15:39:27 <WARN> "general_cleanup" filter: COc1ccc(cc1)-c1cn2nc(c(Cc3cccc(Br)c3)c2n1)C(C)(C)C is invalid
15:39:27 <WARN> "general_cleanup" filter: COc1ccc(cc1)-c1cn2nc(c(Cc3cccc(Br)c3)c2n1)C(C)(C)C is invalid
15:39:27 <WARN> "get_largest_fragment" filter: CCCCNC(=O)c1ccc2c(CCNC(=O)NC(CCC(O)CN)c3ccc(O)cc3)[nH]c3cccc1c23 is invalid
15:39:27 <WARN> "general_cleanup" filter: CCCCNC(=O)c1ccc2c(CCNC(=O)NC(CCC(O)CN)c3ccc(O)cc3)[nH]c3cccc1c23 is invalid
15:39:27 <WARN> "general_cleanup" filter: CCCCNC(=O)c1ccc2c(CCNC(=O)NC(CCC(O)CN)c3ccc(O)cc3)[nH]c3cccc1c23 is invalid
15:39:27 <WARN> "get_largest_fragment" filter: COc1ccc(CC2C2N(C)C(=O)c2ccc3OCOc3c2)cc1OC is invalid
15:39:27 <WARN> "general_cleanup" filter: COc1ccc(CC2C2N(C)C(=O)c2ccc3OCOc3c2)cc1OC is invalid
15:39:27 <WARN> "general_cleanup" filter: COc1ccc(CC2C2N(C)C(=O)c2ccc3OCOc3c2)cc1OC is invalid
15:39:27 <WARN> "get_largest_fragment" filter: CC(C)NC(=O)NC(=O)c1cc2c(ONC(=O)Nc3c(Br)nc4ccncc4[nH]3)ccc2[nH]1 is invalid
15:39:27 <WARN> "general_cleanup" filter: CC(C)NC(=O)NC(=O)c1cc2c(ONC(=O)Nc3c(Br)nc4ccncc4[nH]3)ccc2[nH]1 is invalid
15:39:27 <WARN> "general_cleanup" filter: CC(C)NC(=O)NC(=O)c1cc2c(ONC(=O)Nc3c(Br)nc4ccncc4[nH]3)ccc2[nH]1 is invalid
15:39:27 <WARN> "get_largest_fragment" filter: CC(C)c1c(NC(=O)c2ccc(CO)s2)c(C)cc1o1CCc2ccccc12 is invalid
15:39:27 <WARN> "general_cleanup" filter: CC(C)c1c(NC(=O)c2ccc(CO)s2)c(C)cc1o1CCc2ccccc12 is invalid
15:39:27 <WARN> "general_cleanup" filter: CC(C)c1c(NC(=O)c2ccc(CO)s2)c(C)cc1o1CCc2ccccc12 is invalid
15:39:27 <WARN> "get_largest_fragment" filter: Cc1cccc(N2CC(N2)c2cccnc2)c2c(cccc12)-c1cccs1 is invalid
15:39:27 <WARN> "general_cleanup" filter: Cc1cccc(N2CC(N2)c2cccnc2)c2c(cccc12)-c1cccs1 is invalid
15:39:27 <WARN> "general_cleanup" filter: Cc1cccc(N2CC(N2)c2cccnc2)c2c(cccc12)-c1cccs1 is invalid
15:39:27 <WARN> "get_largest_fragment" filter: Clc1cccc(c1)C1=Nc2ccccn2C(C1c1ccsc1)c1ccc(Cl)cc1Cl is invalid
15:39:27 <WARN> "general_cleanup" filter: Clc1cccc(c1)C1=Nc2ccccn2C(C1c1ccsc1)c1ccc(Cl)cc1Cl is invalid
15:39:27 <WARN> "general_cleanup" filter: Clc1cccc(c1)C1=Nc2ccccn2C(C1c1ccsc1)c1ccc(Cl)cc1Cl is invalid
15:39:27 <WARN> "get_largest_fragment" filter: Cc1nc(cc2c3OCCOc3cc12)C1C(Cn2ccnc2)OCc2cc(ccc12)S(N)(=O)=O is invalid
15:39:27 <WARN> "general_cleanup" filter: Cc1nc(cc2c3OCCOc3cc12)C1C(Cn2ccnc2)OCc2cc(ccc12)S(N)(=O)=O is invalid
15:39:27 <WARN> "general_cleanup" filter: Cc1nc(cc2c3OCCOc3cc12)C1C(Cn2ccnc2)OCc2cc(ccc12)S(N)(=O)=O is invalid
15:39:27 <WARN> "get_largest_fragment" filter: CC(=O)OC1CC(O)C2C(C)(C)C(=O)C3CCC1C23C(O)C1(C)C=C(COC1=O)C(C)(C)C(OC(=O)c1c(F)cccc1Br)N3 is invalid
15:39:27 <WARN> "general_cleanup" filter: CC(=O)OC1CC(O)C2C(C)(C)C(=O)C3CCC1C23C(O)C1(C)C=C(COC1=O)C(C)(C)C(OC(=O)c1c(F)cccc1Br)N3 is invalid
15:39:27 <WARN> "general_cleanup" filter: CC(=O)OC1CC(O)C2C(C)(C)C(=O)C3CCC1C23C(O)C1(C)C=C(COC1=O)C(C)(C)C(OC(=O)c1c(F)cccc1Br)N3 is invalid
15:39:27 <WARN> "get_largest_fragment" filter: O=C(OCc1ccccc1)c1ccccc1-c1nc2cccc3ccnc(Nc4cccnc4)c2s1)c3 is invalid
15:39:27 <WARN> "general_cleanup" filter: O=C(OCc1ccccc1)c1ccccc1-c1nc2cccc3ccnc(Nc4cccnc4)c2s1)c3 is invalid
15:39:27 <WARN> "general_cleanup" filter: O=C(OCc1ccccc1)c1ccccc1-c1nc2cccc3ccnc(Nc4cccnc4)c2s1)c3 is invalid
15:39:27 <WARN> "get_largest_fragment" filter: Cc1cn2ncc3cccc(C=O)c2n1 is invalid
15:39:27 <WARN> "general_cleanup" filter: Cc1cn2ncc3cccc(C=O)c2n1 is invalid
15:39:27 <WARN> "general_cleanup" filter: Cc1cn2ncc3cccc(C=O)c2n1 is invalid
15:39:27 <WARN> "get_largest_fragment" filter: COc1ccc(cc1OC)-c1nnc2C3CCn4c(nc1c23)N(C)C is invalid
15:39:27 <WARN> "general_cleanup" filter: COc1ccc(cc1OC)-c1nnc2C3CCn4c(nc1c23)N(C)C is invalid
15:39:27 <WARN> "general_cleanup" filter: COc1ccc(cc1OC)-c1nnc2C3CCn4c(nc1c23)N(C)C is invalid
15:39:27 <WARN> "get_largest_fragment" filter: COc1c(CN(c2cccc(F)c2)n2ccnc2NC(=O)NC(N)=O)c2ccccc2n1 is invalid
15:39:27 <WARN> "general_cleanup" filter: COc1c(CN(c2cccc(F)c2)n2ccnc2NC(=O)NC(N)=O)c2ccccc2n1 is invalid
15:39:27 <WARN> "general_cleanup" filter: COc1c(CN(c2cccc(F)c2)n2ccnc2NC(=O)NC(N)=O)c2ccccc2n1 is invalid
15:39:27 <WARN> "get_largest_fragment" filter: CCC(=O)OC1CC(C)CC(C)C2C1OC(=O)C1=C2C(=O)C23C3C1(C)C2 is invalid
15:39:27 <WARN> "general_cleanup" filter: CCC(=O)OC1CC(C)CC(C)C2C1OC(=O)C1=C2C(=O)C23C3C1(C)C2 is invalid
15:39:27 <WARN> "general_cleanup" filter: CCC(=O)OC1CC(C)CC(C)C2C1OC(=O)C1=C2C(=O)C23C3C1(C)C2 is invalid
15:39:27 <WARN> "get_largest_fragment" filter: CCNCc1c2cnccc2o1 is invalid
15:39:27 <WARN> "general_cleanup" filter: CCNCc1c2cnccc2o1 is invalid
15:39:27 <WARN> "general_cleanup" filter: CCNCc1c2cnccc2o1 is invalid
15:39:27 <WARN> "get_largest_fragment" filter: OC(COc1ccc2ncc3c(Nc4ccccc4Oc3c2C(F)(F)F)c1)C1CCNCC1 is invalid
15:39:27 <WARN> "general_cleanup" filter: OC(COc1ccc2ncc3c(Nc4ccccc4Oc3c2C(F)(F)F)c1)C1CCNCC1 is invalid
15:39:27 <WARN> "general_cleanup" filter: OC(COc1ccc2ncc3c(Nc4ccccc4Oc3c2C(F)(F)F)c1)C1CCNCC1 is invalid
15:39:27 <WARN> "get_largest_fragment" filter: CC(C)(C)c1ccc(CNC(=O)OC2CC(CSc3nc4ccccc4o3)N=C3CCCCCCCCC(=O)OCCOCCOCCO)CO23 is invalid
15:39:27 <WARN> "general_cleanup" filter: CC(C)(C)c1ccc(CNC(=O)OC2CC(CSc3nc4ccccc4o3)N=C3CCCCCCCCC(=O)OCCOCCOCCO)CO23 is invalid
15:39:27 <WARN> "general_cleanup" filter: CC(C)(C)c1ccc(CNC(=O)OC2CC(CSc3nc4ccccc4o3)N=C3CCCCCCCCC(=O)OCCOCCOCCO)CO23 is invalid
15:39:27 <WARN> "get_largest_fragment" filter: CC1CCC2CC2N(C1)c1ccc2C(=O)Nc3ccc(cc3-n3cnc4ccccc34)C(=O)c12 is invalid
15:39:27 <WARN> "general_cleanup" filter: CC1CCC2CC2N(C1)c1ccc2C(=O)Nc3ccc(cc3-n3cnc4ccccc34)C(=O)c12 is invalid
15:39:27 <WARN> "general_cleanup" filter: CC1CCC2CC2N(C1)c1ccc2C(=O)Nc3ccc(cc3-n3cnc4ccccc34)C(=O)c12 is invalid
15:39:27 <WARN> "get_largest_fragment" filter: COc1cc2CCN(Cc2cc1OC)C(=O)c1cncc2c1sc1csc(N)nc21 is invalid
15:39:27 <WARN> "general_cleanup" filter: COc1cc2CCN(Cc2cc1OC)C(=O)c1cncc2c1sc1csc(N)nc21 is invalid
15:39:27 <WARN> "general_cleanup" filter: COc1cc2CCN(Cc2cc1OC)C(=O)c1cncc2c1sc1csc(N)nc21 is invalid
15:39:27 <WARN> "get_largest_fragment" filter: COc1cc2c(Nc3ccc(Br)cc3)c3cc(C)c(O)cc3sc2cc1OC(C)C is invalid
15:39:27 <WARN> "general_cleanup" filter: COc1cc2c(Nc3ccc(Br)cc3)c3cc(C)c(O)cc3sc2cc1OC(C)C is invalid
15:39:27 <WARN> "general_cleanup" filter: COc1cc2c(Nc3ccc(Br)cc3)c3cc(C)c(O)cc3sc2cc1OC(C)C is invalid
15:39:27 <WARN> "get_largest_fragment" filter: CCC(CCC)N1CCC(CC1)OC1c2ccccc2C2=C(C)CC(=O)Oc3cc(OC)c(OC)cc13 is invalid
15:39:27 <WARN> "general_cleanup" filter: CCC(CCC)N1CCC(CC1)OC1c2ccccc2C2=C(C)CC(=O)Oc3cc(OC)c(OC)cc13 is invalid
15:39:27 <WARN> "general_cleanup" filter: CCC(CCC)N1CCC(CC1)OC1c2ccccc2C2=C(C)CC(=O)Oc3cc(OC)c(OC)cc13 is invalid
15:39:27 <WARN> "get_largest_fragment" filter: CCC1(O)C(=O)OCC2=C1C=C1N(Cc3c1[nH]c1ccnc-21)C(=O)N(C)C is invalid
15:39:27 <WARN> "general_cleanup" filter: CCC1(O)C(=O)OCC2=C1C=C1N(Cc3c1[nH]c1ccnc-21)C(=O)N(C)C is invalid
15:39:27 <WARN> "general_cleanup" filter: CCC1(O)C(=O)OCC2=C1C=C1N(Cc3c1[nH]c1ccnc-21)C(=O)N(C)C is invalid
15:39:27 <WARN> "get_largest_fragment" filter: Cn1c(CN2CCN(CC(=O)Nc3ccc(C=CC(=O)N5O)ccc34)c3ccccc23)nnc1S(=O)(=O)c1ccccc1 is invalid
15:39:27 <WARN> "general_cleanup" filter: Cn1c(CN2CCN(CC(=O)Nc3ccc(C=CC(=O)N5O)ccc34)c3ccccc23)nnc1S(=O)(=O)c1ccccc1 is invalid
15:39:27 <WARN> "general_cleanup" filter: Cn1c(CN2CCN(CC(=O)Nc3ccc(C=CC(=O)N5O)ccc34)c3ccccc23)nnc1S(=O)(=O)c1ccccc1 is invalid
15:39:27 <WARN> "get_largest_fragment" filter: Nc1nc(N)nc(SC2C3CCC4C(C3)C2C(=O)C4=C)c1C12CC3(CC(C4)CC(C3)C1)C2 is invalid
15:39:27 <WARN> "general_cleanup" filter: Nc1nc(N)nc(SC2C3CCC4C(C3)C2C(=O)C4=C)c1C12CC3(CC(C4)CC(C3)C1)C2 is invalid
15:39:27 <WARN> "general_cleanup" filter: Nc1nc(N)nc(SC2C3CCC4C(C3)C2C(=O)C4=C)c1C12CC3(CC(C4)CC(C3)C1)C2 is invalid
15:39:27 <WARN> "get_largest_fragment" filter: CC1(C)CC2C(CC3C4=C(Br)C(=O)C=C(N4C(=O)C(C)(C)C)C(CC=C(C)C)C4(C)C31)C2CCC2=CC(=O)O2 is invalid
15:39:27 <WARN> "general_cleanup" filter: CC1(C)CC2C(CC3C4=C(Br)C(=O)C=C(N4C(=O)C(C)(C)C)C(CC=C(C)C)C4(C)C31)C2CCC2=CC(=O)O2 is invalid
15:39:27 <WARN> "general_cleanup" filter: CC1(C)CC2C(CC3C4=C(Br)C(=O)C=C(N4C(=O)C(C)(C)C)C(CC=C(C)C)C4(C)C31)C2CCC2=CC(=O)O2 is invalid
15:39:27 <WARN> "get_largest_fragment" filter: COc1ccc2C3CC(Cc4c([nH]c2-c2n1)-c3cc(OC)ccc4[nH]cc(C)c34)Cc1ccccc21 is invalid
15:39:27 <WARN> "general_cleanup" filter: COc1ccc2C3CC(Cc4c([nH]c2-c2n1)-c3cc(OC)ccc4[nH]cc(C)c34)Cc1ccccc21 is invalid
15:39:27 <WARN> "general_cleanup" filter: COc1ccc2C3CC(Cc4c([nH]c2-c2n1)-c3cc(OC)ccc4[nH]cc(C)c34)Cc1ccccc21 is invalid
15:39:27 <WARN> "get_largest_fragment" filter: ClC1=NN(C(=O)C(NC(=O)C2CC2)c2ccccn2)=CC1=O is invalid
15:39:27 <WARN> "general_cleanup" filter: ClC1=NN(C(=O)C(NC(=O)C2CC2)c2ccccn2)=CC1=O is invalid
15:39:27 <WARN> "general_cleanup" filter: ClC1=NN(C(=O)C(NC(=O)C2CC2)c2ccccn2)=CC1=O is invalid
15:39:27 <WARN> "get_largest_fragment" filter: Cc1cc(C)c2c(C)nn(CCO)c(C#Cc3ccc(CO)cc3)c2n1 is invalid
15:39:27 <WARN> "general_cleanup" filter: Cc1cc(C)c2c(C)nn(CCO)c(C#Cc3ccc(CO)cc3)c2n1 is invalid
15:39:27 <WARN> "general_cleanup" filter: Cc1cc(C)c2c(C)nn(CCO)c(C#Cc3ccc(CO)cc3)c2n1 is invalid
15:39:27 <WARN> "get_largest_fragment" filter: COc1cc2c(C=CC3=C(O)C(=O)c5ccccc5CC34C)o2)cc1C(C)=O is invalid
15:39:27 <WARN> "general_cleanup" filter: COc1cc2c(C=CC3=C(O)C(=O)c5ccccc5CC34C)o2)cc1C(C)=O is invalid
15:39:27 <WARN> "general_cleanup" filter: COc1cc2c(C=CC3=C(O)C(=O)c5ccccc5CC34C)o2)cc1C(C)=O is invalid
15:39:27 <WARN> "get_largest_fragment" filter: COc1cc2-c3nc(nn3-c3ccc(NC(=O)Nc4cccc(c4)N(C)C)cc3F)cc2OCC(C)Oc2ccc(cc12)C(=O)NCCC(C)(C)C is invalid
15:39:27 <WARN> "general_cleanup" filter: COc1cc2-c3nc(nn3-c3ccc(NC(=O)Nc4cccc(c4)N(C)C)cc3F)cc2OCC(C)Oc2ccc(cc12)C(=O)NCCC(C)(C)C is invalid
15:39:27 <WARN> "general_cleanup" filter: COc1cc2-c3nc(nn3-c3ccc(NC(=O)Nc4cccc(c4)N(C)C)cc3F)cc2OCC(C)Oc2ccc(cc12)C(=O)NCCC(C)(C)C is invalid
15:39:27 <WARN> "get_largest_fragment" filter: Clc1ccc2c(Oc3ccc(NC(=O)C4=CC(=O)Oc5cc(nc(N5CCOc5ccccc5OC5)cn3)c3cc(O)ccc3)c3ccccc3-c2c1)-c1ncnn1C1=CC(=O)N=C1 is invalid
15:39:27 <WARN> "general_cleanup" filter: Clc1ccc2c(Oc3ccc(NC(=O)C4=CC(=O)Oc5cc(nc(N5CCOc5ccccc5OC5)cn3)c3cc(O)ccc3)c3ccccc3-c2c1)-c1ncnn1C1=CC(=O)N=C1 is invalid
15:39:27 <WARN> "general_cleanup" filter: Clc1ccc2c(Oc3ccc(NC(=O)C4=CC(=O)Oc5cc(nc(N5CCOc5ccccc5OC5)cn3)c3cc(O)ccc3)c3ccccc3-c2c1)-c1ncnn1C1=CC(=O)N=C1 is invalid
15:39:27 <WARN> "get_largest_fragment" filter: COc1cc2CCN3C(=O)CCc4cccc(-c4ccc(OC)c(O)c7O)c4c(O)c3c(O)c2c1O is invalid
15:39:27 <WARN> "general_cleanup" filter: COc1cc2CCN3C(=O)CCc4cccc(-c4ccc(OC)c(O)c7O)c4c(O)c3c(O)c2c1O is invalid
15:39:27 <WARN> "general_cleanup" filter: COc1cc2CCN3C(=O)CCc4cccc(-c4ccc(OC)c(O)c7O)c4c(O)c3c(O)c2c1O is invalid
15:39:27 <WARN> "get_largest_fragment" filter: CCOc1ccc(Nc2nc3c(n[nH]c3n2)-c2ccccc2)cc1 is invalid
15:39:27 <WARN> "general_cleanup" filter: CCOc1ccc(Nc2nc3c(n[nH]c3n2)-c2ccccc2)cc1 is invalid
15:39:27 <WARN> "general_cleanup" filter: CCOc1ccc(Nc2nc3c(n[nH]c3n2)-c2ccccc2)cc1 is invalid
15:39:27 <WARN> "get_largest_fragment" filter: CCN(CC(=O)NC(C)c1c2CCCc2[nH]c2ccccc12)c1ccccc1 is invalid
15:39:27 <WARN> "general_cleanup" filter: CCN(CC(=O)NC(C)c1c2CCCc2[nH]c2ccccc12)c1ccccc1 is invalid
15:39:27 <WARN> "general_cleanup" filter: CCN(CC(=O)NC(C)c1c2CCCc2[nH]c2ccccc12)c1ccccc1 is invalid
15:39:27 <WARN> "get_largest_fragment" filter: CC(C(C)=c1[nH]nc2C(=O)N(Cc3ccccc3)c12)C(C)C is invalid
15:39:27 <WARN> "general_cleanup" filter: CC(C(C)=c1[nH]nc2C(=O)N(Cc3ccccc3)c12)C(C)C is invalid
15:39:27 <WARN> "general_cleanup" filter: CC(C(C)=c1[nH]nc2C(=O)N(Cc3ccccc3)c12)C(C)C is invalid
15:39:27 <WARN> "get_largest_fragment" filter: Fc1ccc2c(cc(SCCSC3=NC4CCCC3)c4NC(=O)Nc23)n1 is invalid
15:39:27 <WARN> "general_cleanup" filter: Fc1ccc2c(cc(SCCSC3=NC4CCCC3)c4NC(=O)Nc23)n1 is invalid
15:39:27 <WARN> "general_cleanup" filter: Fc1ccc2c(cc(SCCSC3=NC4CCCC3)c4NC(=O)Nc23)n1 is invalid
15:39:27 <WARN> "get_largest_fragment" filter: CC1C2C(C3OC3C2C1=O)C1CCC2C4OC(=O)C=CS(=O)(=O)C1O2 is invalid
15:39:27 <WARN> "general_cleanup" filter: CC1C2C(C3OC3C2C1=O)C1CCC2C4OC(=O)C=CS(=O)(=O)C1O2 is invalid
15:39:27 <WARN> "general_cleanup" filter: CC1C2C(C3OC3C2C1=O)C1CCC2C4OC(=O)C=CS(=O)(=O)C1O2 is invalid
15:39:27 <WARN> "get_largest_fragment" filter: Oc1c(C(=O)NN=Cc2ccccc2)c(N)c2C(=O)c3ccccc3C(=O)c12 is invalid
15:39:27 <WARN> "general_cleanup" filter: Oc1c(C(=O)NN=Cc2ccccc2)c(N)c2C(=O)c3ccccc3C(=O)c12 is invalid
15:39:27 <WARN> "general_cleanup" filter: Oc1c(C(=O)NN=Cc2ccccc2)c(N)c2C(=O)c3ccccc3C(=O)c12 is invalid
15:39:27 <WARN> "get_largest_fragment" filter: FCc1n(Cc2ccsc2)nc2nc3CCCCNC(=O)c3c12 is invalid
15:39:27 <WARN> "general_cleanup" filter: FCc1n(Cc2ccsc2)nc2nc3CCCCNC(=O)c3c12 is invalid
15:39:27 <WARN> "general_cleanup" filter: FCc1n(Cc2ccsc2)nc2nc3CCCCNC(=O)c3c12 is invalid
15:39:27 <WARN> "get_largest_fragment" filter: C1CN2CCCCC2(Cc2ccc(cc2)C=Cc1ccccc1)c1ccco1 is invalid
15:39:27 <WARN> "general_cleanup" filter: C1CN2CCCCC2(Cc2ccc(cc2)C=Cc1ccccc1)c1ccco1 is invalid
15:39:27 <WARN> "general_cleanup" filter: C1CN2CCCCC2(Cc2ccc(cc2)C=Cc1ccccc1)c1ccco1 is invalid
15:39:27 <WARN> "get_largest_fragment" filter: O=C1C(CC2(CC2)c2nccs12)NC1CCCCC1 is invalid
15:39:27 <WARN> "general_cleanup" filter: O=C1C(CC2(CC2)c2nccs12)NC1CCCCC1 is invalid
15:39:27 <WARN> "general_cleanup" filter: O=C1C(CC2(CC2)c2nccs12)NC1CCCCC1 is invalid
15:39:27 <WARN> "get_largest_fragment" filter: CC1(C)CSC2=NC(=O)C(=NNC(O)=O)C(N)=N12 is invalid
15:39:27 <WARN> "general_cleanup" filter: CC1(C)CSC2=NC(=O)C(=NNC(O)=O)C(N)=N12 is invalid
15:39:27 <WARN> "general_cleanup" filter: CC1(C)CSC2=NC(=O)C(=NNC(O)=O)C(N)=N12 is invalid
15:39:27 <WARN> "get_largest_fragment" filter: OC(=O)CN(CC(F)(F)F)C(=O)c1cccc2[nH]cc3ccccc123 is invalid
15:39:27 <WARN> "general_cleanup" filter: OC(=O)CN(CC(F)(F)F)C(=O)c1cccc2[nH]cc3ccccc123 is invalid
15:39:27 <WARN> "general_cleanup" filter: OC(=O)CN(CC(F)(F)F)C(=O)c1cccc2[nH]cc3ccccc123 is invalid
15:39:27 <WARN> "get_largest_fragment" filter: COc1ccc(cc1OC)C(=O)Nc1ccc2c(cnn(C)c2c1)-c1cccc(OC)c1 is invalid
15:39:27 <WARN> "general_cleanup" filter: COc1ccc(cc1OC)C(=O)Nc1ccc2c(cnn(C)c2c1)-c1cccc(OC)c1 is invalid
15:39:27 <WARN> "general_cleanup" filter: COc1ccc(cc1OC)C(=O)Nc1ccc2c(cnn(C)c2c1)-c1cccc(OC)c1 is invalid
15:39:27 <WARN> "get_largest_fragment" filter: CNC(=O)c1cc2cccc(Nc3ccc(nc3-c3ccccc3)-c3ncccn3)c2n1 is invalid
15:39:27 <WARN> "general_cleanup" filter: CNC(=O)c1cc2cccc(Nc3ccc(nc3-c3ccccc3)-c3ncccn3)c2n1 is invalid
15:39:27 <WARN> "general_cleanup" filter: CNC(=O)c1cc2cccc(Nc3ccc(nc3-c3ccccc3)-c3ncccn3)c2n1 is invalid
15:39:27 <WARN> "get_largest_fragment" filter: COc1cc(CN2C(=O)C3C(SC(=N3C2=O)c2ccccc2)c2ccccn2)ccc1OC is invalid
15:39:27 <WARN> "general_cleanup" filter: COc1cc(CN2C(=O)C3C(SC(=N3C2=O)c2ccccc2)c2ccccn2)ccc1OC is invalid
15:39:27 <WARN> "general_cleanup" filter: COc1cc(CN2C(=O)C3C(SC(=N3C2=O)c2ccccc2)c2ccccn2)ccc1OC is invalid
15:39:27 <WARN> "get_largest_fragment" filter: FC(F)C(F)(F)Cc1cc(cs1)-c1cc2[nH]c3ccc(OCc4ccccc4)c3c2[nH]1 is invalid
15:39:27 <WARN> "general_cleanup" filter: FC(F)C(F)(F)Cc1cc(cs1)-c1cc2[nH]c3ccc(OCc4ccccc4)c3c2[nH]1 is invalid
15:39:27 <WARN> "general_cleanup" filter: FC(F)C(F)(F)Cc1cc(cs1)-c1cc2[nH]c3ccc(OCc4ccccc4)c3c2[nH]1 is invalid
15:39:27 <WARN> "get_largest_fragment" filter: CN(C)CCn1c(SC(=O)N(C)S(=O)(=O)c2ccc(F)cc2)c2cccc-3c2nn1 is invalid
15:39:27 <WARN> "general_cleanup" filter: CN(C)CCn1c(SC(=O)N(C)S(=O)(=O)c2ccc(F)cc2)c2cccc-3c2nn1 is invalid
15:39:27 <WARN> "general_cleanup" filter: CN(C)CCn1c(SC(=O)N(C)S(=O)(=O)c2ccc(F)cc2)c2cccc-3c2nn1 is invalid
15:39:27 <WARN> "get_largest_fragment" filter: CC(C)c1cccc(CNC(C2CCCC2)C(=O)NS(=O)(=O)c2ccc3OC3=C(Cc4ccccc3)C(=O)NC(=O)NC(C)(C)C)cc2c1 is invalid
15:39:27 <WARN> "general_cleanup" filter: CC(C)c1cccc(CNC(C2CCCC2)C(=O)NS(=O)(=O)c2ccc3OC3=C(Cc4ccccc3)C(=O)NC(=O)NC(C)(C)C)cc2c1 is invalid
15:39:27 <WARN> "general_cleanup" filter: CC(C)c1cccc(CNC(C2CCCC2)C(=O)NS(=O)(=O)c2ccc3OC3=C(Cc4ccccc3)C(=O)NC(=O)NC(C)(C)C)cc2c1 is invalid
15:39:27 <WARN> "get_largest_fragment" filter: CCN1C(=S)NC(=O)(c2ccccc12)c1ccc2nc(NC(=O)C=Cc3ccccc3)nc(N)c2c1 is invalid
15:39:27 <WARN> "general_cleanup" filter: CCN1C(=S)NC(=O)(c2ccccc12)c1ccc2nc(NC(=O)C=Cc3ccccc3)nc(N)c2c1 is invalid
15:39:27 <WARN> "general_cleanup" filter: CCN1C(=S)NC(=O)(c2ccccc12)c1ccc2nc(NC(=O)C=Cc3ccccc3)nc(N)c2c1 is invalid
15:39:27 <WARN> "get_largest_fragment" filter: CC(C)CCN1CCc2nc(SCC3CCCC3)ccn12 is invalid
15:39:27 <WARN> "general_cleanup" filter: CC(C)CCN1CCc2nc(SCC3CCCC3)ccn12 is invalid
15:39:27 <WARN> "general_cleanup" filter: CC(C)CCN1CCc2nc(SCC3CCCC3)ccn12 is invalid
15:39:27 <WARN> "get_largest_fragment" filter: Oc1ccc(C2C=CC2)c(Oc2ccc3cccc(C(=O)c4ccc(Br)cc5)c4O3)c2n1 is invalid
15:39:27 <WARN> "general_cleanup" filter: Oc1ccc(C2C=CC2)c(Oc2ccc3cccc(C(=O)c4ccc(Br)cc5)c4O3)c2n1 is invalid
15:39:27 <WARN> "general_cleanup" filter: Oc1ccc(C2C=CC2)c(Oc2ccc3cccc(C(=O)c4ccc(Br)cc5)c4O3)c2n1 is invalid
15:39:27 <WARN> "get_largest_fragment" filter: CC(=O)N1C(CCc2c[nH]cn12)c1ccc(cc1)-c1ccc(cc1)-n1ncc2c(OCc3cncnc3)cccc12 is invalid
15:39:27 <WARN> "general_cleanup" filter: CC(=O)N1C(CCc2c[nH]cn12)c1ccc(cc1)-c1ccc(cc1)-n1ncc2c(OCc3cncnc3)cccc12 is invalid
15:39:27 <WARN> "general_cleanup" filter: CC(=O)N1C(CCc2c[nH]cn12)c1ccc(cc1)-c1ccc(cc1)-n1ncc2c(OCc3cncnc3)cccc12 is invalid
15:39:27 <WARN> "get_largest_fragment" filter: CCc1cc2C3CCCN4CCn3nc2c1O is invalid
15:39:27 <WARN> "general_cleanup" filter: CCc1cc2C3CCCN4CCn3nc2c1O is invalid
15:39:27 <WARN> "general_cleanup" filter: CCc1cc2C3CCCN4CCn3nc2c1O is invalid
15:39:27 <WARN> "get_largest_fragment" filter: CCCCOC(=O)C1=C(C)Nc2nc(C)nc3N(CC[n+]23c1CCc1ccc(cc1)C(=O)N(CC)CC)C(=O)C=C3 is invalid
15:39:27 <WARN> "general_cleanup" filter: CCCCOC(=O)C1=C(C)Nc2nc(C)nc3N(CC[n+]23c1CCc1ccc(cc1)C(=O)N(CC)CC)C(=O)C=C3 is invalid
15:39:27 <WARN> "general_cleanup" filter: CCCCOC(=O)C1=C(C)Nc2nc(C)nc3N(CC[n+]23c1CCc1ccc(cc1)C(=O)N(CC)CC)C(=O)C=C3 is invalid
15:39:27 <WARN> "get_largest_fragment" filter: Cc1ccc(NC(=O)c2cc3ccccc3n3cc(C)cn23)cc1 is invalid
15:39:27 <WARN> "general_cleanup" filter: Cc1ccc(NC(=O)c2cc3ccccc3n3cc(C)cn23)cc1 is invalid
15:39:27 <WARN> "general_cleanup" filter: Cc1ccc(NC(=O)c2cc3ccccc3n3cc(C)cn23)cc1 is invalid
15:39:27 <WARN> "get_largest_fragment" filter: CCCCCCCCCCCCC(=O)Oc1ccc2OCC3(C(O)CC(C)(C)Oc2c1)c5C(C)=C3OC1OC(C)(C)C(OC(C)=O)C1OC(C)=O is invalid
15:39:27 <WARN> "general_cleanup" filter: CCCCCCCCCCCCC(=O)Oc1ccc2OCC3(C(O)CC(C)(C)Oc2c1)c5C(C)=C3OC1OC(C)(C)C(OC(C)=O)C1OC(C)=O is invalid
15:39:27 <WARN> "general_cleanup" filter: CCCCCCCCCCCCC(=O)Oc1ccc2OCC3(C(O)CC(C)(C)Oc2c1)c5C(C)=C3OC1OC(C)(C)C(OC(C)=O)C1OC(C)=O is invalid
15:39:27 <WARN> "get_largest_fragment" filter: COc1ccc(cc1)N1CCN(CCOCCOCCON=C(C)c2ccccc2)(C(=O)NCc2ccccc2)CC1 is invalid
15:39:27 <WARN> "general_cleanup" filter: COc1ccc(cc1)N1CCN(CCOCCOCCON=C(C)c2ccccc2)(C(=O)NCc2ccccc2)CC1 is invalid
15:39:27 <WARN> "general_cleanup" filter: COc1ccc(cc1)N1CCN(CCOCCOCCON=C(C)c2ccccc2)(C(=O)NCc2ccccc2)CC1 is invalid
15:39:27 <WARN> "get_largest_fragment" filter: Cc1ccc(C=C2Sc3nnc(-c4nc(C)c(-c4ccccc4)c3[N-]2)-c2nc3ccccn3n2)cc1OC is invalid
15:39:27 <WARN> "general_cleanup" filter: Cc1ccc(C=C2Sc3nnc(-c4nc(C)c(-c4ccccc4)c3[N-]2)-c2nc3ccccn3n2)cc1OC is invalid
15:39:27 <WARN> "general_cleanup" filter: Cc1ccc(C=C2Sc3nnc(-c4nc(C)c(-c4ccccc4)c3[N-]2)-c2nc3ccccn3n2)cc1OC is invalid
15:39:27 <WARN> "get_largest_fragment" filter: COc1cccc2C=C(C(O)=O)C(=O)N1Cc1cc(F)ccc1NC2=O is invalid
15:39:27 <WARN> "general_cleanup" filter: COc1cccc2C=C(C(O)=O)C(=O)N1Cc1cc(F)ccc1NC2=O is invalid
15:39:27 <WARN> "general_cleanup" filter: COc1cccc2C=C(C(O)=O)C(=O)N1Cc1cc(F)ccc1NC2=O is invalid
15:39:27 <WARN> "get_largest_fragment" filter: CCN1C(N)=C(C(=O)Nc2ccccc2C(F)(F)F)=COc2ccccc12 is invalid
15:39:27 <WARN> "general_cleanup" filter: CCN1C(N)=C(C(=O)Nc2ccccc2C(F)(F)F)=COc2ccccc12 is invalid
15:39:27 <WARN> "general_cleanup" filter: CCN1C(N)=C(C(=O)Nc2ccccc2C(F)(F)F)=COc2ccccc12 is invalid
15:39:27 <WARN> "get_largest_fragment" filter: Cn1nnc-2c(CN(Cc3ccccc3S(=O)(=O)c3ccccc3)c3ccccc3C(=O)c12)C(=O)NCC(CN(C1CCCCC1)NC(=O)C=C)SC is invalid
15:39:27 <WARN> "general_cleanup" filter: Cn1nnc-2c(CN(Cc3ccccc3S(=O)(=O)c3ccccc3)c3ccccc3C(=O)c12)C(=O)NCC(CN(C1CCCCC1)NC(=O)C=C)SC is invalid
15:39:27 <WARN> "general_cleanup" filter: Cn1nnc-2c(CN(Cc3ccccc3S(=O)(=O)c3ccccc3)c3ccccc3C(=O)c12)C(=O)NCC(CN(C1CCCCC1)NC(=O)C=C)SC is invalid
15:39:27 <WARN> "get_largest_fragment" filter: CCC1=C(N2C(SC1)c1cc(F)cc(C)c1)C(=O)Oc1ccc(C)nn1C2(C)C is invalid
15:39:27 <WARN> "general_cleanup" filter: CCC1=C(N2C(SC1)c1cc(F)cc(C)c1)C(=O)Oc1ccc(C)nn1C2(C)C is invalid
15:39:27 <WARN> "general_cleanup" filter: CCC1=C(N2C(SC1)c1cc(F)cc(C)c1)C(=O)Oc1ccc(C)nn1C2(C)C is invalid
15:39:27 <WARN> "get_largest_fragment" filter: Fc1ccc(Nc2cc(-c3cnc(CN4CCOCC4)n(CC4CCCCN4)c34)nc(N)n2)cc1 is invalid
15:39:27 <WARN> "general_cleanup" filter: Fc1ccc(Nc2cc(-c3cnc(CN4CCOCC4)n(CC4CCCCN4)c34)nc(N)n2)cc1 is invalid
15:39:27 <WARN> "general_cleanup" filter: Fc1ccc(Nc2cc(-c3cnc(CN4CCOCC4)n(CC4CCCCN4)c34)nc(N)n2)cc1 is invalid
15:39:27 <WARN> "get_largest_fragment" filter: O=C(NCC1CCCCC1)C(=O)NCCN1c2ccc[nH]2)c2ccccc2n1c1ccccc1 is invalid
15:39:27 <WARN> "general_cleanup" filter: O=C(NCC1CCCCC1)C(=O)NCCN1c2ccc[nH]2)c2ccccc2n1c1ccccc1 is invalid
15:39:27 <WARN> "general_cleanup" filter: O=C(NCC1CCCCC1)C(=O)NCCN1c2ccc[nH]2)c2ccccc2n1c1ccccc1 is invalid
15:39:27 <WARN> "get_largest_fragment" filter: NS(=O)(=O)c1ccc(cc1)-c1nc(CN(c2ccccc2)c2ccccc2)ncc1-c1cccc(OC2COC3(O)CC4CC(C2)C3)c1 is invalid
15:39:27 <WARN> "general_cleanup" filter: NS(=O)(=O)c1ccc(cc1)-c1nc(CN(c2ccccc2)c2ccccc2)ncc1-c1cccc(OC2COC3(O)CC4CC(C2)C3)c1 is invalid
15:39:27 <WARN> "general_cleanup" filter: NS(=O)(=O)c1ccc(cc1)-c1nc(CN(c2ccccc2)c2ccccc2)ncc1-c1cccc(OC2COC3(O)CC4CC(C2)C3)c1 is invalid
15:39:27 <WARN> "get_largest_fragment" filter: Clc1ccc(NCC2=C(NC(=S)N2)c2ccc(CC#N)n2)cc1 is invalid
15:39:27 <WARN> "general_cleanup" filter: Clc1ccc(NCC2=C(NC(=S)N2)c2ccc(CC#N)n2)cc1 is invalid
15:39:27 <WARN> "general_cleanup" filter: Clc1ccc(NCC2=C(NC(=S)N2)c2ccc(CC#N)n2)cc1 is invalid
15:39:27 <WARN> "get_largest_fragment" filter: Cc1conc1SCC(=O)NC(C)(c1ccc(OCc2cn3cnnc3c2)cc1)C#N is invalid
15:39:27 <WARN> "general_cleanup" filter: Cc1conc1SCC(=O)NC(C)(c1ccc(OCc2cn3cnnc3c2)cc1)C#N is invalid
15:39:27 <WARN> "general_cleanup" filter: Cc1conc1SCC(=O)NC(C)(c1ccc(OCc2cn3cnnc3c2)cc1)C#N is invalid
15:39:27 <WARN> "get_largest_fragment" filter: COc1cccc2c(CN3CCN(CC4)C(=O)c4ccccc4)=CC=C(C)C3=Cc12 is invalid
15:39:27 <WARN> "general_cleanup" filter: COc1cccc2c(CN3CCN(CC4)C(=O)c4ccccc4)=CC=C(C)C3=Cc12 is invalid
15:39:27 <WARN> "general_cleanup" filter: COc1cccc2c(CN3CCN(CC4)C(=O)c4ccccc4)=CC=C(C)C3=Cc12 is invalid
15:39:27 <WARN> "get_largest_fragment" filter: Cc1noc1C=C1SC(=NC1=S)c1ccccc1 is invalid
15:39:27 <WARN> "general_cleanup" filter: Cc1noc1C=C1SC(=NC1=S)c1ccccc1 is invalid
15:39:27 <WARN> "general_cleanup" filter: Cc1noc1C=C1SC(=NC1=S)c1ccccc1 is invalid
15:39:27 <WARN> "get_largest_fragment" filter: Cc1c(C=CC(=O)NNC(=O)COc2ccccc2Cl)c(o1)-c1ccccc1 is invalid
15:39:27 <WARN> "general_cleanup" filter: Cc1c(C=CC(=O)NNC(=O)COc2ccccc2Cl)c(o1)-c1ccccc1 is invalid
15:39:27 <WARN> "general_cleanup" filter: Cc1c(C=CC(=O)NNC(=O)COc2ccccc2Cl)c(o1)-c1ccccc1 is invalid
15:39:27 <WARN> "get_largest_fragment" filter: CC(C)(N)CNc1c(c[nH]2c1nc1ccccc1n2-c1ccc(F)cc1F)C(=O)C(C)(C)O is invalid
15:39:27 <WARN> "general_cleanup" filter: CC(C)(N)CNc1c(c[nH]2c1nc1ccccc1n2-c1ccc(F)cc1F)C(=O)C(C)(C)O is invalid
15:39:27 <WARN> "general_cleanup" filter: CC(C)(N)CNc1c(c[nH]2c1nc1ccccc1n2-c1ccc(F)cc1F)C(=O)C(C)(C)O is invalid
15:39:27 <WARN> "get_largest_fragment" filter: CCc1nc(c(cs1)-c1ccncc1)-c1c[nH]cn1 is invalid
15:39:27 <WARN> "general_cleanup" filter: CCc1nc(c(cs1)-c1ccncc1)-c1c[nH]cn1 is invalid
15:39:27 <WARN> "general_cleanup" filter: CCc1nc(c(cs1)-c1ccncc1)-c1c[nH]cn1 is invalid
15:39:27 <WARN> "get_largest_fragment" filter: CCC(=O)Nc1ccc2C(=O)c3[nH][n+]c(-c4cc5ccccc55)c(C1=O)c34 is invalid
15:39:27 <WARN> "general_cleanup" filter: CCC(=O)Nc1ccc2C(=O)c3[nH][n+]c(-c4cc5ccccc55)c(C1=O)c34 is invalid
15:39:27 <WARN> "general_cleanup" filter: CCC(=O)Nc1ccc2C(=O)c3[nH][n+]c(-c4cc5ccccc55)c(C1=O)c34 is invalid
15:39:27 <WARN> "get_largest_fragment" filter: CCc1ccc(Sc2cc3C(=O)Nc4ccccc4-c3n2)cc1 is invalid
15:39:27 <WARN> "general_cleanup" filter: CCc1ccc(Sc2cc3C(=O)Nc4ccccc4-c3n2)cc1 is invalid
15:39:27 <WARN> "general_cleanup" filter: CCc1ccc(Sc2cc3C(=O)Nc4ccccc4-c3n2)cc1 is invalid
15:39:27 <WARN> "get_largest_fragment" filter: CC1CC(C)C(c2cn(CC(=N)NO)nc2Nc2cccc(C)c2)C2(C)CCCc3c(F)sc4cccc1c4c23 is invalid
15:39:27 <WARN> "general_cleanup" filter: CC1CC(C)C(c2cn(CC(=N)NO)nc2Nc2cccc(C)c2)C2(C)CCCc3c(F)sc4cccc1c4c23 is invalid
15:39:27 <WARN> "general_cleanup" filter: CC1CC(C)C(c2cn(CC(=N)NO)nc2Nc2cccc(C)c2)C2(C)CCCc3c(F)sc4cccc1c4c23 is invalid
15:39:27 <WARN> "get_largest_fragment" filter: Oc1ccc(cc1F)-c1cc(NC(=O)CCCCN2C(=O)C=Cc3scc(CCCCc4ccccc4)cc23)nn1C is invalid
15:39:27 <WARN> "general_cleanup" filter: Oc1ccc(cc1F)-c1cc(NC(=O)CCCCN2C(=O)C=Cc3scc(CCCCc4ccccc4)cc23)nn1C is invalid
15:39:27 <WARN> "general_cleanup" filter: Oc1ccc(cc1F)-c1cc(NC(=O)CCCCN2C(=O)C=Cc3scc(CCCCc4ccccc4)cc23)nn1C is invalid
15:39:27 <WARN> "get_largest_fragment" filter: CC(C)N1CC(O)C(CO)(CC1Nc1cc(Oc2nnc3ccc(F)cc23)cs1)C(O)=O is invalid
15:39:27 <WARN> "general_cleanup" filter: CC(C)N1CC(O)C(CO)(CC1Nc1cc(Oc2nnc3ccc(F)cc23)cs1)C(O)=O is invalid
15:39:27 <WARN> "general_cleanup" filter: CC(C)N1CC(O)C(CO)(CC1Nc1cc(Oc2nnc3ccc(F)cc23)cs1)C(O)=O is invalid
15:39:27 <WARN> "get_largest_fragment" filter: Nc1c2CCCc2c(Cc2nnnn2-c2nnnn2C(C2CCCCC2)C(=O)N2CCCC2)n1 is invalid
15:39:27 <WARN> "general_cleanup" filter: Nc1c2CCCc2c(Cc2nnnn2-c2nnnn2C(C2CCCCC2)C(=O)N2CCCC2)n1 is invalid
15:39:27 <WARN> "general_cleanup" filter: Nc1c2CCCc2c(Cc2nnnn2-c2nnnn2C(C2CCCCC2)C(=O)N2CCCC2)n1 is invalid
15:39:27 <WARN> "get_largest_fragment" filter: Cn1cc(C2=NC(=O)C(NC2=O)=Cc2cc(F)c(cc2Cl)C(F)(F)F)n1 is invalid
15:39:27 <WARN> "general_cleanup" filter: Cn1cc(C2=NC(=O)C(NC2=O)=Cc2cc(F)c(cc2Cl)C(F)(F)F)n1 is invalid
15:39:27 <WARN> "general_cleanup" filter: Cn1cc(C2=NC(=O)C(NC2=O)=Cc2cc(F)c(cc2Cl)C(F)(F)F)n1 is invalid
15:39:27 <WARN> "get_largest_fragment" filter: COc1cnc2CCC(c3c(C)nc(Nc4ccc(c(OC)c48)-c4ccccc4)nn3)c(Cl)nc12 is invalid
15:39:27 <WARN> "general_cleanup" filter: COc1cnc2CCC(c3c(C)nc(Nc4ccc(c(OC)c48)-c4ccccc4)nn3)c(Cl)nc12 is invalid
15:39:27 <WARN> "general_cleanup" filter: COc1cnc2CCC(c3c(C)nc(Nc4ccc(c(OC)c48)-c4ccccc4)nn3)c(Cl)nc12 is invalid
15:39:27 <WARN> "get_largest_fragment" filter: OC(=O)c1cncc(NCc2cc(COCC3CCC#CC3)cn2)c1 is invalid
15:39:27 <WARN> "general_cleanup" filter: OC(=O)c1cncc(NCc2cc(COCC3CCC#CC3)cn2)c1 is invalid
15:39:27 <WARN> "general_cleanup" filter: OC(=O)c1cncc(NCc2cc(COCC3CCC#CC3)cn2)c1 is invalid
15:39:27 <WARN> "get_largest_fragment" filter: Cc1cc(Nc2cc3ncc(CN4CCCCC4)n(C4CCCC4)c3[nH]2)nc2cc(NC(=O)Nc3nccnc3C)[n+](C)c12 is invalid
15:39:27 <WARN> "general_cleanup" filter: Cc1cc(Nc2cc3ncc(CN4CCCCC4)n(C4CCCC4)c3[nH]2)nc2cc(NC(=O)Nc3nccnc3C)[n+](C)c12 is invalid
15:39:27 <WARN> "general_cleanup" filter: Cc1cc(Nc2cc3ncc(CN4CCCCC4)n(C4CCCC4)c3[nH]2)nc2cc(NC(=O)Nc3nccnc3C)[n+](C)c12 is invalid
15:39:27 <WARN> "get_largest_fragment" filter: Fc1cccc(Fc1c1nc2c[nH]c3ccc(NC(=O)C1)c23)N(=O)=O is invalid
15:39:27 <WARN> "general_cleanup" filter: Fc1cccc(Fc1c1nc2c[nH]c3ccc(NC(=O)C1)c23)N(=O)=O is invalid
15:39:27 <WARN> "general_cleanup" filter: Fc1cccc(Fc1c1nc2c[nH]c3ccc(NC(=O)C1)c23)N(=O)=O is invalid
15:39:27 <WARN> "get_largest_fragment" filter: CC(NC(=O)C=CC1CC1 is invalid
15:39:27 <WARN> "general_cleanup" filter: CC(NC(=O)C=CC1CC1 is invalid
15:39:27 <WARN> "general_cleanup" filter: CC(NC(=O)C=CC1CC1 is invalid
15:39:27 <WARN> "get_largest_fragment" filter: Cc1ccccc1N1CCN(CC1)S(=O)(=O)c1ccc2C(=CC(=O)Nc3c2c(C)sc12)C(=O)NC3CC1CC1CC1CC1C(=O)OCc2ccc(OCC#C)cc12 is invalid
15:39:27 <WARN> "general_cleanup" filter: Cc1ccccc1N1CCN(CC1)S(=O)(=O)c1ccc2C(=CC(=O)Nc3c2c(C)sc12)C(=O)NC3CC1CC1CC1CC1C(=O)OCc2ccc(OCC#C)cc12 is invalid
15:39:27 <WARN> "general_cleanup" filter: Cc1ccccc1N1CCN(CC1)S(=O)(=O)c1ccc2C(=CC(=O)Nc3c2c(C)sc12)C(=O)NC3CC1CC1CC1CC1C(=O)OCc2ccc(OCC#C)cc12 is invalid
15:39:27 <WARN> "get_largest_fragment" filter: Cc1cc2c(Nc3ccc(Cc4ccc(C)cc4)nn3)nnc(CCC3NCCCN3)n2cc1C#N is invalid
15:39:27 <WARN> "general_cleanup" filter: Cc1cc2c(Nc3ccc(Cc4ccc(C)cc4)nn3)nnc(CCC3NCCCN3)n2cc1C#N is invalid
15:39:27 <WARN> "general_cleanup" filter: Cc1cc2c(Nc3ccc(Cc4ccc(C)cc4)nn3)nnc(CCC3NCCCN3)n2cc1C#N is invalid
15:39:27 <WARN> "get_largest_fragment" filter: Cc1cccc(c1)N=NNC1=NC2C3C5CC55C2CCC6(CCC34O)C(C)=CCC1(C)C4=O is invalid
15:39:27 <WARN> "general_cleanup" filter: Cc1cccc(c1)N=NNC1=NC2C3C5CC55C2CCC6(CCC34O)C(C)=CCC1(C)C4=O is invalid
15:39:27 <WARN> "general_cleanup" filter: Cc1cccc(c1)N=NNC1=NC2C3C5CC55C2CCC6(CCC34O)C(C)=CCC1(C)C4=O is invalid
15:39:27 <WARN> "get_largest_fragment" filter: Cc1ccc(NC(=S)NNC(=O)c2cc3ccccc3nn2-c2ccccc2Cl)c1 is invalid
15:39:27 <WARN> "general_cleanup" filter: Cc1ccc(NC(=S)NNC(=O)c2cc3ccccc3nn2-c2ccccc2Cl)c1 is invalid
15:39:27 <WARN> "general_cleanup" filter: Cc1ccc(NC(=S)NNC(=O)c2cc3ccccc3nn2-c2ccccc2Cl)c1 is invalid
15:39:27 <WARN> "get_largest_fragment" filter: CCn1cnnc1NC(=O)Nc1cccc(c1)-c1ccc(OCCOCC(O)COc2ccccc2C)NC(=O)OCc2ccccc2N(C)Cc2cncnc2 is invalid
15:39:27 <WARN> "general_cleanup" filter: CCn1cnnc1NC(=O)Nc1cccc(c1)-c1ccc(OCCOCC(O)COc2ccccc2C)NC(=O)OCc2ccccc2N(C)Cc2cncnc2 is invalid
15:39:27 <WARN> "general_cleanup" filter: CCn1cnnc1NC(=O)Nc1cccc(c1)-c1ccc(OCCOCC(O)COc2ccccc2C)NC(=O)OCc2ccccc2N(C)Cc2cncnc2 is invalid
15:39:27 <WARN> "get_largest_fragment" filter: Oc1cccc2ccc3ccc(C=NC4=C(OC(=O)NN5)C3=O)sc12 is invalid
15:39:27 <WARN> "general_cleanup" filter: Oc1cccc2ccc3ccc(C=NC4=C(OC(=O)NN5)C3=O)sc12 is invalid
15:39:27 <WARN> "general_cleanup" filter: Oc1cccc2ccc3ccc(C=NC4=C(OC(=O)NN5)C3=O)sc12 is invalid
15:39:27 <WARN> "get_largest_fragment" filter: O=C1CCC2(CC3CC2Cc2cc(O)ccc34)C(=O)OCc21 is invalid
15:39:27 <WARN> "general_cleanup" filter: O=C1CCC2(CC3CC2Cc2cc(O)ccc34)C(=O)OCc21 is invalid
15:39:27 <WARN> "general_cleanup" filter: O=C1CCC2(CC3CC2Cc2cc(O)ccc34)C(=O)OCc21 is invalid
15:39:27 <WARN> "get_largest_fragment" filter: CN1Cc2c3C(=O)c4cc(Br)ccc4oc3cc2N=C1SCc1ccco1 is invalid
15:39:27 <WARN> "general_cleanup" filter: CN1Cc2c3C(=O)c4cc(Br)ccc4oc3cc2N=C1SCc1ccco1 is invalid
15:39:27 <WARN> "general_cleanup" filter: CN1Cc2c3C(=O)c4cc(Br)ccc4oc3cc2N=C1SCc1ccco1 is invalid
15:39:27 <WARN> "get_largest_fragment" filter: CNC(=O)Nc1cc(C)nc1Sc1ccc(cc1)N(C(C)=O)c1ccccc1 is invalid
15:39:27 <WARN> "general_cleanup" filter: CNC(=O)Nc1cc(C)nc1Sc1ccc(cc1)N(C(C)=O)c1ccccc1 is invalid
15:39:27 <WARN> "general_cleanup" filter: CNC(=O)Nc1cc(C)nc1Sc1ccc(cc1)N(C(C)=O)c1ccccc1 is invalid
15:39:27 <WARN> "get_largest_fragment" filter: O=C1N=CNc2c3CCCCc3n(cn12)C1CCC1 is invalid
15:39:27 <WARN> "general_cleanup" filter: O=C1N=CNc2c3CCCCc3n(cn12)C1CCC1 is invalid
15:39:27 <WARN> "general_cleanup" filter: O=C1N=CNc2c3CCCCc3n(cn12)C1CCC1 is invalid
15:39:27 <WARN> "get_largest_fragment" filter: OC(=O)c1ccccc1Nc1cc2c3cnccc3cc2[nH]1 is invalid
15:39:27 <WARN> "general_cleanup" filter: OC(=O)c1ccccc1Nc1cc2c3cnccc3cc2[nH]1 is invalid
15:39:27 <WARN> "general_cleanup" filter: OC(=O)c1ccccc1Nc1cc2c3cnccc3cc2[nH]1 is invalid
15:39:27 <WARN> "get_largest_fragment" filter: Cn1[n+](Cc2c(n=C(=O)c3ccccc3)c2C(=O)Nc2ccccc2)c2ncnc(NCc3ccccc3Cl)c12 is invalid
15:39:27 <WARN> "general_cleanup" filter: Cn1[n+](Cc2c(n=C(=O)c3ccccc3)c2C(=O)Nc2ccccc2)c2ncnc(NCc3ccccc3Cl)c12 is invalid
15:39:27 <WARN> "general_cleanup" filter: Cn1[n+](Cc2c(n=C(=O)c3ccccc3)c2C(=O)Nc2ccccc2)c2ncnc(NCc3ccccc3Cl)c12 is invalid
15:39:27 <WARN> "get_largest_fragment" filter: CC(C)NC(=O)CON=Cc1c2Cn3c(nc4ccccc34)-c3c(OC)cc(OC)c(OC(C)c4c(O)ccc5OC)ccc3-c2cc2c1C=C(C)CCC2=O is invalid
15:39:27 <WARN> "general_cleanup" filter: CC(C)NC(=O)CON=Cc1c2Cn3c(nc4ccccc34)-c3c(OC)cc(OC)c(OC(C)c4c(O)ccc5OC)ccc3-c2cc2c1C=C(C)CCC2=O is invalid
15:39:27 <WARN> "general_cleanup" filter: CC(C)NC(=O)CON=Cc1c2Cn3c(nc4ccccc34)-c3c(OC)cc(OC)c(OC(C)c4c(O)ccc5OC)ccc3-c2cc2c1C=C(C)CCC2=O is invalid
15:39:27 <WARN> "get_largest_fragment" filter: OC(=O)C1=CCN(Cc2ccc3OCOc3c2)C(=O)N1Cc1ccc2cc(Cl)ccc2[nH]1 is invalid
15:39:27 <WARN> "general_cleanup" filter: OC(=O)C1=CCN(Cc2ccc3OCOc3c2)C(=O)N1Cc1ccc2cc(Cl)ccc2[nH]1 is invalid
15:39:27 <WARN> "general_cleanup" filter: OC(=O)C1=CCN(Cc2ccc3OCOc3c2)C(=O)N1Cc1ccc2cc(Cl)ccc2[nH]1 is invalid
15:39:27 <WARN> "get_largest_fragment" filter: COc1ccc(cc1)-n1nc2cc(ccn2c1C)C(=O)NCC1CCCO1 is invalid
15:39:27 <WARN> "general_cleanup" filter: COc1ccc(cc1)-n1nc2cc(ccn2c1C)C(=O)NCC1CCCO1 is invalid
15:39:27 <WARN> "general_cleanup" filter: COc1ccc(cc1)-n1nc2cc(ccn2c1C)C(=O)NCC1CCCO1 is invalid
15:39:27 <WARN> "get_largest_fragment" filter: CC(C)N(C)c1ccc2nc(Nc3ccc(cc3Cl)-c3nc(SC)ncn3)n[nH]c2c1 is invalid
15:39:27 <WARN> "general_cleanup" filter: CC(C)N(C)c1ccc2nc(Nc3ccc(cc3Cl)-c3nc(SC)ncn3)n[nH]c2c1 is invalid
15:39:27 <WARN> "general_cleanup" filter: CC(C)N(C)c1ccc2nc(Nc3ccc(cc3Cl)-c3nc(SC)ncn3)n[nH]c2c1 is invalid
15:39:27 <WARN> "get_largest_fragment" filter: Cc1c[nH]c2ncc(nn12)-c1ccc2ccccc2n1 is invalid
15:39:27 <WARN> "general_cleanup" filter: Cc1c[nH]c2ncc(nn12)-c1ccc2ccccc2n1 is invalid
15:39:27 <WARN> "general_cleanup" filter: Cc1c[nH]c2ncc(nn12)-c1ccc2ccccc2n1 is invalid
15:39:27 <WARN> "get_largest_fragment" filter: Oc1cc(O)ccc1C=Nc1ccc(cc1)-c1nc2cc(nc(c2c2Oc3ccccc3CS12)N(C(=O)CCc1ccccc1)C(F)(F)F)N1CCOCC1 is invalid
15:39:27 <WARN> "general_cleanup" filter: Oc1cc(O)ccc1C=Nc1ccc(cc1)-c1nc2cc(nc(c2c2Oc3ccccc3CS12)N(C(=O)CCc1ccccc1)C(F)(F)F)N1CCOCC1 is invalid
15:39:27 <WARN> "general_cleanup" filter: Oc1cc(O)ccc1C=Nc1ccc(cc1)-c1nc2cc(nc(c2c2Oc3ccccc3CS12)N(C(=O)CCc1ccccc1)C(F)(F)F)N1CCOCC1 is invalid
15:39:27 <WARN> "get_largest_fragment" filter: O=C(CC1CCN(CC1)C(=O)c1ccccc1)Nc1ccc2sc3ccccc4c2c3n1 is invalid
15:39:27 <WARN> "general_cleanup" filter: O=C(CC1CCN(CC1)C(=O)c1ccccc1)Nc1ccc2sc3ccccc4c2c3n1 is invalid
15:39:27 <WARN> "general_cleanup" filter: O=C(CC1CCN(CC1)C(=O)c1ccccc1)Nc1ccc2sc3ccccc4c2c3n1 is invalid
15:39:27 <WARN> "get_largest_fragment" filter: CN(C)CCCNc1nc(Nc2ccc3n4CCCCc4nc(N)c4cc3n2)nn1CCCCCCCC=O is invalid
15:39:27 <WARN> "general_cleanup" filter: CN(C)CCCNc1nc(Nc2ccc3n4CCCCc4nc(N)c4cc3n2)nn1CCCCCCCC=O is invalid
15:39:27 <WARN> "general_cleanup" filter: CN(C)CCCNc1nc(Nc2ccc3n4CCCCc4nc(N)c4cc3n2)nn1CCCCCCCC=O is invalid
15:39:27 <WARN> "get_largest_fragment" filter: CN1C(C(O)COc2ncccc2C(NC(=O)C=C)C1=O)c1cccc2CCCn3cnc3-c12 is invalid
15:39:27 <WARN> "general_cleanup" filter: CN1C(C(O)COc2ncccc2C(NC(=O)C=C)C1=O)c1cccc2CCCn3cnc3-c12 is invalid
15:39:27 <WARN> "general_cleanup" filter: CN1C(C(O)COc2ncccc2C(NC(=O)C=C)C1=O)c1cccc2CCCn3cnc3-c12 is invalid
15:39:27 <WARN> "get_largest_fragment" filter: CCc1nc2cc3C(N(CCc3nn1)cc(C3CC1(C)CCCN3C(=O)c1ccccc21)C(C)C)C#N is invalid
15:39:27 <WARN> "general_cleanup" filter: CCc1nc2cc3C(N(CCc3nn1)cc(C3CC1(C)CCCN3C(=O)c1ccccc21)C(C)C)C#N is invalid
15:39:27 <WARN> "general_cleanup" filter: CCc1nc2cc3C(N(CCc3nn1)cc(C3CC1(C)CCCN3C(=O)c1ccccc21)C(C)C)C#N is invalid
15:39:27 <WARN> "get_largest_fragment" filter: N=C1SN2C(=CCCC(NC2=O)c2ccccc2)=NC1=S is invalid
15:39:27 <WARN> "general_cleanup" filter: N=C1SN2C(=CCCC(NC2=O)c2ccccc2)=NC1=S is invalid
15:39:27 <WARN> "general_cleanup" filter: N=C1SN2C(=CCCC(NC2=O)c2ccccc2)=NC1=S is invalid
15:39:27 <WARN> "get_largest_fragment" filter: COc1ccc(Cc2ccc3ncc(Cc4ccc(cc4)N(C)Cc4ccc(O)cc4)cc23)cc1COC is invalid
15:39:27 <WARN> "general_cleanup" filter: COc1ccc(Cc2ccc3ncc(Cc4ccc(cc4)N(C)Cc4ccc(O)cc4)cc23)cc1COC is invalid
15:39:27 <WARN> "general_cleanup" filter: COc1ccc(Cc2ccc3ncc(Cc4ccc(cc4)N(C)Cc4ccc(O)cc4)cc23)cc1COC is invalid
15:39:27 <WARN> "get_largest_fragment" filter: Oc1ccc(C=C2CC3CN2CC33)cc1OCCCN1C(C)Cc2ccccc12 is invalid
15:39:27 <WARN> "general_cleanup" filter: Oc1ccc(C=C2CC3CN2CC33)cc1OCCCN1C(C)Cc2ccccc12 is invalid
15:39:27 <WARN> "general_cleanup" filter: Oc1ccc(C=C2CC3CN2CC33)cc1OCCCN1C(C)Cc2ccccc12 is invalid
15:39:27 <WARN> "get_largest_fragment" filter: OC(c1ccccc1)c1ccc(o1)-c1ccnc(Cc2ccccc2)s1 is invalid
15:39:27 <WARN> "general_cleanup" filter: OC(c1ccccc1)c1ccc(o1)-c1ccnc(Cc2ccccc2)s1 is invalid
15:39:27 <WARN> "general_cleanup" filter: OC(c1ccccc1)c1ccc(o1)-c1ccnc(Cc2ccccc2)s1 is invalid
15:39:27 <WARN> "get_largest_fragment" filter: COc1cc2CCC3N(CC2(C)C)c2ccc(cc2O3)C(O)CCCc2cccnc2Oc12 is invalid
15:39:27 <WARN> "general_cleanup" filter: COc1cc2CCC3N(CC2(C)C)c2ccc(cc2O3)C(O)CCCc2cccnc2Oc12 is invalid
15:39:27 <WARN> "general_cleanup" filter: COc1cc2CCC3N(CC2(C)C)c2ccc(cc2O3)C(O)CCCc2cccnc2Oc12 is invalid
15:39:27 <WARN> "get_largest_fragment" filter: CNC1=Nc2cc(C)c3ccc5OCOcc3c2NC1=O is invalid
15:39:27 <WARN> "general_cleanup" filter: CNC1=Nc2cc(C)c3ccc5OCOcc3c2NC1=O is invalid
15:39:27 <WARN> "general_cleanup" filter: CNC1=Nc2cc(C)c3ccc5OCOcc3c2NC1=O is invalid
15:39:27 <WARN> "get_largest_fragment" filter: CCCOC(C)(C)CN1C(=O)c2ccccn2C1c1ccccc1 is invalid
15:39:27 <WARN> "general_cleanup" filter: CCCOC(C)(C)CN1C(=O)c2ccccn2C1c1ccccc1 is invalid
15:39:27 <WARN> "general_cleanup" filter: CCCOC(C)(C)CN1C(=O)c2ccccn2C1c1ccccc1 is invalid
15:39:27 <WARN> "get_largest_fragment" filter: CCOC(=O)C1CCN(CC1)c1nc(nc2cc(OC(=O)c3ccc4[nH]ccc4c3)nc(n1)-c2cc(C)nn1C)C#N is invalid
15:39:27 <WARN> "general_cleanup" filter: CCOC(=O)C1CCN(CC1)c1nc(nc2cc(OC(=O)c3ccc4[nH]ccc4c3)nc(n1)-c2cc(C)nn1C)C#N is invalid
15:39:27 <WARN> "general_cleanup" filter: CCOC(=O)C1CCN(CC1)c1nc(nc2cc(OC(=O)c3ccc4[nH]ccc4c3)nc(n1)-c2cc(C)nn1C)C#N is invalid
15:39:27 <WARN> "get_largest_fragment" filter: Cc1cc2C=NC=C3C(=C[N+](=O)N4CCN(Cc5ccccc5)CC4)CCC(CC(=O)NCCc5ccc(F)cc6)C(=O)c4c4OCOC3(CN)c2c1 is invalid
15:39:27 <WARN> "general_cleanup" filter: Cc1cc2C=NC=C3C(=C[N+](=O)N4CCN(Cc5ccccc5)CC4)CCC(CC(=O)NCCc5ccc(F)cc6)C(=O)c4c4OCOC3(CN)c2c1 is invalid
15:39:27 <WARN> "general_cleanup" filter: Cc1cc2C=NC=C3C(=C[N+](=O)N4CCN(Cc5ccccc5)CC4)CCC(CC(=O)NCCc5ccc(F)cc6)C(=O)c4c4OCOC3(CN)c2c1 is invalid
15:39:27 <WARN> "get_largest_fragment" filter: CN(C)C(=S)NC(=O)C1CC1C1CC1)C(O)=O is invalid
15:39:27 <WARN> "general_cleanup" filter: CN(C)C(=S)NC(=O)C1CC1C1CC1)C(O)=O is invalid
15:39:27 <WARN> "general_cleanup" filter: CN(C)C(=S)NC(=O)C1CC1C1CC1)C(O)=O is invalid
15:39:27 <WARN> "get_largest_fragment" filter: CC(N1CC2N(CCc3c4CCC(C)(C)CCc6nonc4-c4c(OC)cccc4-nc23)C(F)(F)F)C1 is invalid
15:39:27 <WARN> "general_cleanup" filter: CC(N1CC2N(CCc3c4CCC(C)(C)CCc6nonc4-c4c(OC)cccc4-nc23)C(F)(F)F)C1 is invalid
15:39:27 <WARN> "general_cleanup" filter: CC(N1CC2N(CCc3c4CCC(C)(C)CCc6nonc4-c4c(OC)cccc4-nc23)C(F)(F)F)C1 is invalid
15:39:27 <WARN> "get_largest_fragment" filter: CC(C)N1CCN(Cc2cnc(NS(=O)(=O)c3ccc(cc3)C(=O)N3CCN(C)CC3)c3c5ccccc5[nH]c3c2)CC1 is invalid
15:39:27 <WARN> "general_cleanup" filter: CC(C)N1CCN(Cc2cnc(NS(=O)(=O)c3ccc(cc3)C(=O)N3CCN(C)CC3)c3c5ccccc5[nH]c3c2)CC1 is invalid
15:39:27 <WARN> "general_cleanup" filter: CC(C)N1CCN(Cc2cnc(NS(=O)(=O)c3ccc(cc3)C(=O)N3CCN(C)CC3)c3c5ccccc5[nH]c3c2)CC1 is invalid
15:39:27 <WARN> "get_largest_fragment" filter: OC(=O)c1ccc2sc3c(ccc4ccccc3c3c2cc1O)C(=O)N3 is invalid
15:39:27 <WARN> "general_cleanup" filter: OC(=O)c1ccc2sc3c(ccc4ccccc3c3c2cc1O)C(=O)N3 is invalid
15:39:27 <WARN> "general_cleanup" filter: OC(=O)c1ccc2sc3c(ccc4ccccc3c3c2cc1O)C(=O)N3 is invalid
15:39:27 <WARN> "get_largest_fragment" filter: Brc1ccc2c([nH]c3c(Cl)c(Cl)ccc3c2c1)S(=O)(=O)N1CCC(CC1)C1=Cc2oc3ccccc3c2C(=O)c2ccccc12 is invalid
15:39:27 <WARN> "general_cleanup" filter: Brc1ccc2c([nH]c3c(Cl)c(Cl)ccc3c2c1)S(=O)(=O)N1CCC(CC1)C1=Cc2oc3ccccc3c2C(=O)c2ccccc12 is invalid
15:39:27 <WARN> "general_cleanup" filter: Brc1ccc2c([nH]c3c(Cl)c(Cl)ccc3c2c1)S(=O)(=O)N1CCC(CC1)C1=Cc2oc3ccccc3c2C(=O)c2ccccc12 is invalid
15:39:27 <WARN> "get_largest_fragment" filter: Clc1ccc(cc1Cl)-c1cc2nc(Nc3cccc4[nH]c(nc4c3)-n3ccnc3)n2n1 is invalid
15:39:27 <WARN> "general_cleanup" filter: Clc1ccc(cc1Cl)-c1cc2nc(Nc3cccc4[nH]c(nc4c3)-n3ccnc3)n2n1 is invalid
15:39:27 <WARN> "general_cleanup" filter: Clc1ccc(cc1Cl)-c1cc2nc(Nc3cccc4[nH]c(nc4c3)-n3ccnc3)n2n1 is invalid
15:39:27 <WARN> "get_largest_fragment" filter: CC(C)c1ccc(cc1)C(=O)Nc1ccc(Oc2cc(Cc3cccnc3)c3ccccc3[nH]2)cc1 is invalid
15:39:27 <WARN> "general_cleanup" filter: CC(C)c1ccc(cc1)C(=O)Nc1ccc(Oc2cc(Cc3cccnc3)c3ccccc3[nH]2)cc1 is invalid
15:39:27 <WARN> "general_cleanup" filter: CC(C)c1ccc(cc1)C(=O)Nc1ccc(Oc2cc(Cc3cccnc3)c3ccccc3[nH]2)cc1 is invalid
15:39:27 <WARN> "get_largest_fragment" filter: CC(C)C(NC(=O)CCN=Nc1cccc2N(C)C(=O)c3cccn13)c1ccccc1OC2=O is invalid
15:39:27 <WARN> "general_cleanup" filter: CC(C)C(NC(=O)CCN=Nc1cccc2N(C)C(=O)c3cccn13)c1ccccc1OC2=O is invalid
15:39:27 <WARN> "general_cleanup" filter: CC(C)C(NC(=O)CCN=Nc1cccc2N(C)C(=O)c3cccn13)c1ccccc1OC2=O is invalid
15:39:27 <WARN> "get_largest_fragment" filter: CC(C)C1=C(C(=O)OCCCC(=O)NCCc2ccccc2)=NC(C)C(=O)N1 is invalid
15:39:27 <WARN> "general_cleanup" filter: CC(C)C1=C(C(=O)OCCCC(=O)NCCc2ccccc2)=NC(C)C(=O)N1 is invalid
15:39:27 <WARN> "general_cleanup" filter: CC(C)C1=C(C(=O)OCCCC(=O)NCCc2ccccc2)=NC(C)C(=O)N1 is invalid
15:39:27 <WARN> "get_largest_fragment" filter: CN(CCCCl)c1cn2cc(nn2c1)-c1ccnc(NC2CCCN(C)C2)c1 is invalid
15:39:27 <WARN> "general_cleanup" filter: CN(CCCCl)c1cn2cc(nn2c1)-c1ccnc(NC2CCCN(C)C2)c1 is invalid
15:39:27 <WARN> "general_cleanup" filter: CN(CCCCl)c1cn2cc(nn2c1)-c1ccnc(NC2CCCN(C)C2)c1 is invalid
15:39:27 <WARN> "get_largest_fragment" filter: CC12CCC3C(CCC4=CC(=O)CCC33CC=C1CCC3)C#Cc1cc(cn21)C#N is invalid
15:39:27 <WARN> "general_cleanup" filter: CC12CCC3C(CCC4=CC(=O)CCC33CC=C1CCC3)C#Cc1cc(cn21)C#N is invalid
15:39:27 <WARN> "general_cleanup" filter: CC12CCC3C(CCC4=CC(=O)CCC33CC=C1CCC3)C#Cc1cc(cn21)C#N is invalid
15:39:27 <WARN> "get_largest_fragment" filter: Fc1ccc(cc1)C12CN(C1)C1C1c1ccccc1C2 is invalid
15:39:27 <WARN> "general_cleanup" filter: Fc1ccc(cc1)C12CN(C1)C1C1c1ccccc1C2 is invalid
15:39:27 <WARN> "general_cleanup" filter: Fc1ccc(cc1)C12CN(C1)C1C1c1ccccc1C2 is invalid
15:39:27 <WARN> "get_largest_fragment" filter: OC1=NN=C(NN=Cc2cccc(c2)N(=O)=O)=C1 is invalid
15:39:27 <WARN> "general_cleanup" filter: OC1=NN=C(NN=Cc2cccc(c2)N(=O)=O)=C1 is invalid
15:39:27 <WARN> "general_cleanup" filter: OC1=NN=C(NN=Cc2cccc(c2)N(=O)=O)=C1 is invalid
15:39:27 <WARN> "get_largest_fragment" filter: CC1=C(C)C(=O)N2N=C(C=C2N2CCN(Cc3ccccc3OCc3ccccc3)C4=O)C2C1=O is invalid
15:39:27 <WARN> "general_cleanup" filter: CC1=C(C)C(=O)N2N=C(C=C2N2CCN(Cc3ccccc3OCc3ccccc3)C4=O)C2C1=O is invalid
15:39:27 <WARN> "general_cleanup" filter: CC1=C(C)C(=O)N2N=C(C=C2N2CCN(Cc3ccccc3OCc3ccccc3)C4=O)C2C1=O is invalid
15:39:27 <WARN> "get_largest_fragment" filter: COc1ccc(cc1-c1ccOC(C)(C)CNS(C)(=O)=O)ncn1 is invalid
15:39:27 <WARN> "general_cleanup" filter: COc1ccc(cc1-c1ccOC(C)(C)CNS(C)(=O)=O)ncn1 is invalid
15:39:27 <WARN> "general_cleanup" filter: COc1ccc(cc1-c1ccOC(C)(C)CNS(C)(=O)=O)ncn1 is invalid
15:39:27 <WARN> "get_largest_fragment" filter: Clc1ccc(cc1)C1=CC(=O)c2c(OCc3ccco3)c(Cl)cc2O1 is invalid
15:39:27 <WARN> "general_cleanup" filter: Clc1ccc(cc1)C1=CC(=O)c2c(OCc3ccco3)c(Cl)cc2O1 is invalid
15:39:27 <WARN> "general_cleanup" filter: Clc1ccc(cc1)C1=CC(=O)c2c(OCc3ccco3)c(Cl)cc2O1 is invalid
15:39:27 <WARN> "get_largest_fragment" filter: Cc1nc(n=C2CC(=O)N=C(O2)N2CCC(Cc3ccc(Nc4ccccc4C(F)(F)F)ccc3C(F)(F)F)C(=O)N2c2ccc(C)cc2)n1 is invalid
15:39:27 <WARN> "general_cleanup" filter: Cc1nc(n=C2CC(=O)N=C(O2)N2CCC(Cc3ccc(Nc4ccccc4C(F)(F)F)ccc3C(F)(F)F)C(=O)N2c2ccc(C)cc2)n1 is invalid
15:39:27 <WARN> "general_cleanup" filter: Cc1nc(n=C2CC(=O)N=C(O2)N2CCC(Cc3ccc(Nc4ccccc4C(F)(F)F)ccc3C(F)(F)F)C(=O)N2c2ccc(C)cc2)n1 is invalid
15:39:27 <WARN> "get_largest_fragment" filter: NCCNCCCNCCCNCC(N)C1c2ccccc-2c2CCNC(C1)C(O)CCC3(C)CC2OC is invalid
15:39:27 <WARN> "general_cleanup" filter: NCCNCCCNCCCNCC(N)C1c2ccccc-2c2CCNC(C1)C(O)CCC3(C)CC2OC is invalid
15:39:27 <WARN> "general_cleanup" filter: NCCNCCCNCCCNCC(N)C1c2ccccc-2c2CCNC(C1)C(O)CCC3(C)CC2OC is invalid
15:39:27 <WARN> "get_largest_fragment" filter: CCSc1nnc2SC(Nc3ccc4NC(=O)C=C(C)c33)N(Cc2n1)C(C)(C)O is invalid
15:39:27 <WARN> "general_cleanup" filter: CCSc1nnc2SC(Nc3ccc4NC(=O)C=C(C)c33)N(Cc2n1)C(C)(C)O is invalid
15:39:27 <WARN> "general_cleanup" filter: CCSc1nnc2SC(Nc3ccc4NC(=O)C=C(C)c33)N(Cc2n1)C(C)(C)O is invalid
15:39:27 <WARN> "get_largest_fragment" filter: S=C1N2C(=NNc3ccccc23)=C(C#N)C1=O is invalid
15:39:27 <WARN> "general_cleanup" filter: S=C1N2C(=NNc3ccccc23)=C(C#N)C1=O is invalid
15:39:27 <WARN> "general_cleanup" filter: S=C1N2C(=NNc3ccccc23)=C(C#N)C1=O is invalid
15:39:27 <WARN> "get_largest_fragment" filter: Fc1ccc(C=Cc2nc(N3Oc4ccccc4CNC3)c(Cl)c2)cc1F is invalid
15:39:27 <WARN> "general_cleanup" filter: Fc1ccc(C=Cc2nc(N3Oc4ccccc4CNC3)c(Cl)c2)cc1F is invalid
15:39:27 <WARN> "general_cleanup" filter: Fc1ccc(C=Cc2nc(N3Oc4ccccc4CNC3)c(Cl)c2)cc1F is invalid
15:39:27 <WARN> "get_largest_fragment" filter: Cc1cc2nc3CCCCc3c(C#N)c2n1 is invalid
15:39:27 <WARN> "general_cleanup" filter: Cc1cc2nc3CCCCc3c(C#N)c2n1 is invalid
15:39:27 <WARN> "general_cleanup" filter: Cc1cc2nc3CCCCc3c(C#N)c2n1 is invalid
15:39:27 <WARN> "get_largest_fragment" filter: NC(=O)C1(O)CCC2C3CNCC4NC(=Oc4c(Cl)cccc34)C4(Cc3ccccc3)C12 is invalid
15:39:27 <WARN> "general_cleanup" filter: NC(=O)C1(O)CCC2C3CNCC4NC(=Oc4c(Cl)cccc34)C4(Cc3ccccc3)C12 is invalid
15:39:27 <WARN> "general_cleanup" filter: NC(=O)C1(O)CCC2C3CNCC4NC(=Oc4c(Cl)cccc34)C4(Cc3ccccc3)C12 is invalid
15:39:27 <WARN> "get_largest_fragment" filter: COc1cc2c(c1)ncn1c3c(ccc4ccccc4c3)c2c1C is invalid
15:39:27 <WARN> "general_cleanup" filter: COc1cc2c(c1)ncn1c3c(ccc4ccccc4c3)c2c1C is invalid
15:39:27 <WARN> "general_cleanup" filter: COc1cc2c(c1)ncn1c3c(ccc4ccccc4c3)c2c1C is invalid
15:39:27 <WARN> "get_largest_fragment" filter: CS(=O)(=O)OC1OC(=O)C(O)C2CC3N(CC4CC4)C(O)C=CC34C12Cl is invalid
15:39:27 <WARN> "general_cleanup" filter: CS(=O)(=O)OC1OC(=O)C(O)C2CC3N(CC4CC4)C(O)C=CC34C12Cl is invalid
15:39:27 <WARN> "general_cleanup" filter: CS(=O)(=O)OC1OC(=O)C(O)C2CC3N(CC4CC4)C(O)C=CC34C12Cl is invalid
15:39:27 <WARN> "get_largest_fragment" filter: OC(=O)COc1cccc(c1)C(O)c1nc2n(c(cc2c(C)cc1O)-c1ccccc1)-c1ccccc1 is invalid
15:39:27 <WARN> "general_cleanup" filter: OC(=O)COc1cccc(c1)C(O)c1nc2n(c(cc2c(C)cc1O)-c1ccccc1)-c1ccccc1 is invalid
15:39:27 <WARN> "general_cleanup" filter: OC(=O)COc1cccc(c1)C(O)c1nc2n(c(cc2c(C)cc1O)-c1ccccc1)-c1ccccc1 is invalid
15:39:27 <WARN> "get_largest_fragment" filter: COc1c(O)cc(O)c(C(=O)C(N2CCN(CCOc3ccc(Oc4cccnc4)c3)C2=O)c2cn(C)cn12)c1ccccc1 is invalid
15:39:27 <WARN> "general_cleanup" filter: COc1c(O)cc(O)c(C(=O)C(N2CCN(CCOc3ccc(Oc4cccnc4)c3)C2=O)c2cn(C)cn12)c1ccccc1 is invalid
15:39:27 <WARN> "general_cleanup" filter: COc1c(O)cc(O)c(C(=O)C(N2CCN(CCOc3ccc(Oc4cccnc4)c3)C2=O)c2cn(C)cn12)c1ccccc1 is invalid
15:39:27 <WARN> "get_largest_fragment" filter: CCOC(=O)CS(=O)(=O)c1ccc2nc(-c3ncc[nH]3)c(C)c(C)n2c1 is invalid
15:39:27 <WARN> "general_cleanup" filter: CCOC(=O)CS(=O)(=O)c1ccc2nc(-c3ncc[nH]3)c(C)c(C)n2c1 is invalid
15:39:27 <WARN> "general_cleanup" filter: CCOC(=O)CS(=O)(=O)c1ccc2nc(-c3ncc[nH]3)c(C)c(C)n2c1 is invalid
15:39:27 <WARN> "get_largest_fragment" filter: COc1ccc(cc1)-c1[n+](CCC#C)n(-c2c(C3CC4CCC(CC3)C(F)(F)F)c(F)cc(F)c2F)c2ncnc(C)c12 is invalid
15:39:27 <WARN> "general_cleanup" filter: COc1ccc(cc1)-c1[n+](CCC#C)n(-c2c(C3CC4CCC(CC3)C(F)(F)F)c(F)cc(F)c2F)c2ncnc(C)c12 is invalid
15:39:27 <WARN> "general_cleanup" filter: COc1ccc(cc1)-c1[n+](CCC#C)n(-c2c(C3CC4CCC(CC3)C(F)(F)F)c(F)cc(F)c2F)c2ncnc(C)c12 is invalid
15:39:27 <WARN> "get_largest_fragment" filter: CC(=C)C1CCC2(C)C3COCC4OC4(C1O)C(O)(CO2)C(CC3=O)O4 is invalid
15:39:27 <WARN> "general_cleanup" filter: CC(=C)C1CCC2(C)C3COCC4OC4(C1O)C(O)(CO2)C(CC3=O)O4 is invalid
15:39:27 <WARN> "general_cleanup" filter: CC(=C)C1CCC2(C)C3COCC4OC4(C1O)C(O)(CO2)C(CC3=O)O4 is invalid
15:39:27 <WARN> "get_largest_fragment" filter: CC(=N)C1C=C(c2cc3ccccc3[nH]c2C1=O)c1cccc(O)c1O is invalid
15:39:27 <WARN> "general_cleanup" filter: CC(=N)C1C=C(c2cc3ccccc3[nH]c2C1=O)c1cccc(O)c1O is invalid
15:39:27 <WARN> "general_cleanup" filter: CC(=N)C1C=C(c2cc3ccccc3[nH]c2C1=O)c1cccc(O)c1O is invalid
15:39:27 <WARN> "get_largest_fragment" filter: CNS(=O)(=O)c1ccc2[nH]nc(Cc3cnc4nc(-c4ccccc4)nc3c2c1)-c1nn[nH]n1 is invalid
15:39:27 <WARN> "general_cleanup" filter: CNS(=O)(=O)c1ccc2[nH]nc(Cc3cnc4nc(-c4ccccc4)nc3c2c1)-c1nn[nH]n1 is invalid
15:39:27 <WARN> "general_cleanup" filter: CNS(=O)(=O)c1ccc2[nH]nc(Cc3cnc4nc(-c4ccccc4)nc3c2c1)-c1nn[nH]n1 is invalid
15:39:27 <WARN> "get_largest_fragment" filter: CC1CC(N(C1=O)c1ccn2ncc(n22)C(C)(C)C)c1C is invalid
15:39:27 <WARN> "general_cleanup" filter: CC1CC(N(C1=O)c1ccn2ncc(n22)C(C)(C)C)c1C is invalid
15:39:27 <WARN> "general_cleanup" filter: CC1CC(N(C1=O)c1ccn2ncc(n22)C(C)(C)C)c1C is invalid
15:39:27 <WARN> "get_largest_fragment" filter: CC12CCC3C(C3C1C3)=C(CCCCN1CCN(CC1)C2)C1(CC2CNCCC2)CC1 is invalid
15:39:27 <WARN> "general_cleanup" filter: CC12CCC3C(C3C1C3)=C(CCCCN1CCN(CC1)C2)C1(CC2CNCCC2)CC1 is invalid
15:39:27 <WARN> "general_cleanup" filter: CC12CCC3C(C3C1C3)=C(CCCCN1CCN(CC1)C2)C1(CC2CNCCC2)CC1 is invalid
15:39:27 <WARN> "get_largest_fragment" filter: Clc1ccccc1-n1ncc2c1nc(Cl)nc1cccnc12 is invalid
15:39:27 <WARN> "general_cleanup" filter: Clc1ccccc1-n1ncc2c1nc(Cl)nc1cccnc12 is invalid
15:39:27 <WARN> "general_cleanup" filter: Clc1ccccc1-n1ncc2c1nc(Cl)nc1cccnc12 is invalid
15:39:27 <WARN> "get_largest_fragment" filter: OC(=O)CCCCCCCc1ccc(OCc2cc(O)cc3ccc(O)c23)c(Br)c1 is invalid
15:39:27 <WARN> "general_cleanup" filter: OC(=O)CCCCCCCc1ccc(OCc2cc(O)cc3ccc(O)c23)c(Br)c1 is invalid
15:39:27 <WARN> "general_cleanup" filter: OC(=O)CCCCCCCc1ccc(OCc2cc(O)cc3ccc(O)c23)c(Br)c1 is invalid
15:39:27 <WARN> "get_largest_fragment" filter: Clc1cc(nc2c(c1)N=C1NNC(=O)C=CN1C2=O)-c1ccccc1 is invalid
15:39:27 <WARN> "general_cleanup" filter: Clc1cc(nc2c(c1)N=C1NNC(=O)C=CN1C2=O)-c1ccccc1 is invalid
15:39:27 <WARN> "general_cleanup" filter: Clc1cc(nc2c(c1)N=C1NNC(=O)C=CN1C2=O)-c1ccccc1 is invalid
15:39:27 <WARN> "get_largest_fragment" filter: Cc1c(O)c(C)cc(-c2[nH]ncc2C2CC2)n1Cc1cccnc1 is invalid
15:39:27 <WARN> "general_cleanup" filter: Cc1c(O)c(C)cc(-c2[nH]ncc2C2CC2)n1Cc1cccnc1 is invalid
15:39:27 <WARN> "general_cleanup" filter: Cc1c(O)c(C)cc(-c2[nH]ncc2C2CC2)n1Cc1cccnc1 is invalid
15:39:27 <WARN> "get_largest_fragment" filter: NC(=NNc1ccc(Cl)cc1)=C1C(=O)c2ccccc2N(CCCSCCN2CCOCC2)C1=O is invalid
15:39:27 <WARN> "general_cleanup" filter: NC(=NNc1ccc(Cl)cc1)=C1C(=O)c2ccccc2N(CCCSCCN2CCOCC2)C1=O is invalid
15:39:27 <WARN> "general_cleanup" filter: NC(=NNc1ccc(Cl)cc1)=C1C(=O)c2ccccc2N(CCCSCCN2CCOCC2)C1=O is invalid
15:39:27 <WARN> "get_largest_fragment" filter: CCOC(=O)c1c(nc2cc(OC)c(OC)cc12)-c1ccncc1 is invalid
15:39:27 <WARN> "general_cleanup" filter: CCOC(=O)c1c(nc2cc(OC)c(OC)cc12)-c1ccncc1 is invalid
15:39:27 <WARN> "general_cleanup" filter: CCOC(=O)c1c(nc2cc(OC)c(OC)cc12)-c1ccncc1 is invalid
15:39:27 <WARN> "get_largest_fragment" filter: Clc1cccc(NC(=O)Nc2ccc(Sc3nncs3)cn2)cc1 is invalid
15:39:27 <WARN> "general_cleanup" filter: Clc1cccc(NC(=O)Nc2ccc(Sc3nncs3)cn2)cc1 is invalid
15:39:27 <WARN> "general_cleanup" filter: Clc1cccc(NC(=O)Nc2ccc(Sc3nncs3)cn2)cc1 is invalid
15:39:27 <WARN> "get_largest_fragment" filter: CCOc1ccc2nc(NC3CCCCC3C)nc(N3CCC(CC1)N3C)c2C(F)(F)F is invalid
15:39:27 <WARN> "general_cleanup" filter: CCOc1ccc2nc(NC3CCCCC3C)nc(N3CCC(CC1)N3C)c2C(F)(F)F is invalid
15:39:27 <WARN> "general_cleanup" filter: CCOc1ccc2nc(NC3CCCCC3C)nc(N3CCC(CC1)N3C)c2C(F)(F)F is invalid
15:39:27 <WARN> "get_largest_fragment" filter: CC(C)Nc1nc(c(NCC2CCCC2)c(NC(=O)C2=Cc3c(OC)cccc3NC2=O)=C(F)N(=O)=O)n1 is invalid
15:39:27 <WARN> "general_cleanup" filter: CC(C)Nc1nc(c(NCC2CCCC2)c(NC(=O)C2=Cc3c(OC)cccc3NC2=O)=C(F)N(=O)=O)n1 is invalid
15:39:27 <WARN> "general_cleanup" filter: CC(C)Nc1nc(c(NCC2CCCC2)c(NC(=O)C2=Cc3c(OC)cccc3NC2=O)=C(F)N(=O)=O)n1 is invalid
15:39:27 <WARN> "get_largest_fragment" filter: FC(F)(F)Oc1cccc(C=Cc2cc3nc(OCc4ccccc4)cc3cc2F)c1 is invalid
15:39:27 <WARN> "general_cleanup" filter: FC(F)(F)Oc1cccc(C=Cc2cc3nc(OCc4ccccc4)cc3cc2F)c1 is invalid
15:39:27 <WARN> "general_cleanup" filter: FC(F)(F)Oc1cccc(C=Cc2cc3nc(OCc4ccccc4)cc3cc2F)c1 is invalid
15:39:27 <WARN> "get_largest_fragment" filter: Cc1ccc(NC(=O)COC(=O)CSc2ccc3c(cn(C)c3c(n2)N2C(COCc3ccccc3)C(C)CC2)C#N)cn1 is invalid
15:39:27 <WARN> "general_cleanup" filter: Cc1ccc(NC(=O)COC(=O)CSc2ccc3c(cn(C)c3c(n2)N2C(COCc3ccccc3)C(C)CC2)C#N)cn1 is invalid
15:39:27 <WARN> "general_cleanup" filter: Cc1ccc(NC(=O)COC(=O)CSc2ccc3c(cn(C)c3c(n2)N2C(COCc3ccccc3)C(C)CC2)C#N)cn1 is invalid
15:39:27 <WARN> "get_largest_fragment" filter: COc1cc(C=CC(=O)CC(C)(C)O)ccn1N is invalid
15:39:27 <WARN> "general_cleanup" filter: COc1cc(C=CC(=O)CC(C)(C)O)ccn1N is invalid
15:39:27 <WARN> "general_cleanup" filter: COc1cc(C=CC(=O)CC(C)(C)O)ccn1N is invalid
15:39:27 <WARN> "get_largest_fragment" filter: CCc1nc(C)c(no1)N1CCCC(C1)c1cnoc1C is invalid
15:39:27 <WARN> "general_cleanup" filter: CCc1nc(C)c(no1)N1CCCC(C1)c1cnoc1C is invalid
15:39:27 <WARN> "general_cleanup" filter: CCc1nc(C)c(no1)N1CCCC(C1)c1cnoc1C is invalid
15:39:27 <WARN> "get_largest_fragment" filter: COc1ccc(CNc2nc3c(nnn3c2C2CCC2)C(=O)N2CCOCC2)cc1 is invalid
15:39:27 <WARN> "general_cleanup" filter: COc1ccc(CNc2nc3c(nnn3c2C2CCC2)C(=O)N2CCOCC2)cc1 is invalid
15:39:27 <WARN> "general_cleanup" filter: COc1ccc(CNc2nc3c(nnn3c2C2CCC2)C(=O)N2CCOCC2)cc1 is invalid
15:39:27 <WARN> "get_largest_fragment" filter: CCOC(=O)c1sc(NC(=O)CSc2cc(cc(c2)N(=O)=O)N(=O)=O)sn1 is invalid
15:39:27 <WARN> "general_cleanup" filter: CCOC(=O)c1sc(NC(=O)CSc2cc(cc(c2)N(=O)=O)N(=O)=O)sn1 is invalid
15:39:27 <WARN> "general_cleanup" filter: CCOC(=O)c1sc(NC(=O)CSc2cc(cc(c2)N(=O)=O)N(=O)=O)sn1 is invalid
15:39:27 <WARN> "get_largest_fragment" filter: CC(C)(C)c1nc(c(n2cccnc12)-n1cc(CC2CSC3COc4ccc(F)cc24)nn1)C3 is invalid
15:39:27 <WARN> "general_cleanup" filter: CC(C)(C)c1nc(c(n2cccnc12)-n1cc(CC2CSC3COc4ccc(F)cc24)nn1)C3 is invalid
15:39:27 <WARN> "general_cleanup" filter: CC(C)(C)c1nc(c(n2cccnc12)-n1cc(CC2CSC3COc4ccc(F)cc24)nn1)C3 is invalid
15:39:27 <WARN> "get_largest_fragment" filter: CCn1c(nc2c1nc1ccc(cc21)C1=NOC1)-c1ccc(OC)cc1 is invalid
15:39:27 <WARN> "general_cleanup" filter: CCn1c(nc2c1nc1ccc(cc21)C1=NOC1)-c1ccc(OC)cc1 is invalid
15:39:27 <WARN> "general_cleanup" filter: CCn1c(nc2c1nc1ccc(cc21)C1=NOC1)-c1ccc(OC)cc1 is invalid
15:39:27 <WARN> "get_largest_fragment" filter: CCOc1cc(C(O)=O)c2C(=O)C(=O)N(C3CCCN3C(=O)Nc3nc(SC)c4ccccc34)c(OC)c(C#N)n21 is invalid
15:39:27 <WARN> "general_cleanup" filter: CCOc1cc(C(O)=O)c2C(=O)C(=O)N(C3CCCN3C(=O)Nc3nc(SC)c4ccccc34)c(OC)c(C#N)n21 is invalid
15:39:27 <WARN> "general_cleanup" filter: CCOc1cc(C(O)=O)c2C(=O)C(=O)N(C3CCCN3C(=O)Nc3nc(SC)c4ccccc34)c(OC)c(C#N)n21 is invalid
15:39:27 <WARN> "get_largest_fragment" filter: CCCCCOCCNCC1CCC(CC1)Nc1ncnc2c3cc(C)ccc3ncn12 is invalid
15:39:27 <WARN> "general_cleanup" filter: CCCCCOCCNCC1CCC(CC1)Nc1ncnc2c3cc(C)ccc3ncn12 is invalid
15:39:27 <WARN> "general_cleanup" filter: CCCCCOCCNCC1CCC(CC1)Nc1ncnc2c3cc(C)ccc3ncn12 is invalid
15:39:27 <WARN> "get_largest_fragment" filter: O=C(Cc1ccccc1)n1cnc2c(NCc3ccccc3)nnc12 is invalid
15:39:27 <WARN> "general_cleanup" filter: O=C(Cc1ccccc1)n1cnc2c(NCc3ccccc3)nnc12 is invalid
15:39:27 <WARN> "general_cleanup" filter: O=C(Cc1ccccc1)n1cnc2c(NCc3ccccc3)nnc12 is invalid
15:39:27 <WARN> "get_largest_fragment" filter: OC(=O)c1ccc2C(=O)CSC(C3CCC(O3)c3cnc[nH]3)C=Cc12 is invalid
15:39:27 <WARN> "general_cleanup" filter: OC(=O)c1ccc2C(=O)CSC(C3CCC(O3)c3cnc[nH]3)C=Cc12 is invalid
15:39:27 <WARN> "general_cleanup" filter: OC(=O)c1ccc2C(=O)CSC(C3CCC(O3)c3cnc[nH]3)C=Cc12 is invalid
15:39:27 <WARN> "get_largest_fragment" filter: Clc1ccnc(Nc2c(nc3-c4ccncc4)onc23)-c2ccccc2C#N is invalid
15:39:27 <WARN> "general_cleanup" filter: Clc1ccnc(Nc2c(nc3-c4ccncc4)onc23)-c2ccccc2C#N is invalid
15:39:27 <WARN> "general_cleanup" filter: Clc1ccnc(Nc2c(nc3-c4ccncc4)onc23)-c2ccccc2C#N is invalid
15:39:27 <WARN> "get_largest_fragment" filter: COc1ccc(OC2CCCOC2)c(Oc2cccc(C=Cs3)c2)c1 is invalid
15:39:27 <WARN> "general_cleanup" filter: COc1ccc(OC2CCCOC2)c(Oc2cccc(C=Cs3)c2)c1 is invalid
15:39:27 <WARN> "general_cleanup" filter: COc1ccc(OC2CCCOC2)c(Oc2cccc(C=Cs3)c2)c1 is invalid
15:39:27 <WARN> "get_largest_fragment" filter: OCC1OCC(O1)n1cnc2c(NCc3ccc(N)nc3)[n+]([O-])c(CCN4CCOCC3)nnc12 is invalid
15:39:27 <WARN> "general_cleanup" filter: OCC1OCC(O1)n1cnc2c(NCc3ccc(N)nc3)[n+]([O-])c(CCN4CCOCC3)nnc12 is invalid
15:39:27 <WARN> "general_cleanup" filter: OCC1OCC(O1)n1cnc2c(NCc3ccc(N)nc3)[n+]([O-])c(CCN4CCOCC3)nnc12 is invalid
15:39:27 <WARN> "get_largest_fragment" filter: NS(=O)(=O)c1ccc-2c(C(=O)N(CCCC3CCN(CC3)C(=O)c3ccc(O)c(c3)-c3c4ccccc4[nH]ncc34)cc12)C(O)=O is invalid
15:39:27 <WARN> "general_cleanup" filter: NS(=O)(=O)c1ccc-2c(C(=O)N(CCCC3CCN(CC3)C(=O)c3ccc(O)c(c3)-c3c4ccccc4[nH]ncc34)cc12)C(O)=O is invalid
15:39:27 <WARN> "general_cleanup" filter: NS(=O)(=O)c1ccc-2c(C(=O)N(CCCC3CCN(CC3)C(=O)c3ccc(O)c(c3)-c3c4ccccc4[nH]ncc34)cc12)C(O)=O is invalid
15:39:27 <WARN> "get_largest_fragment" filter: COC(=O)COC1=C(Oc2cc3N(C(=O)C4(O)C4(N(C)c5c1ncccc4C3=O)C(C)(C)C)C2=O)c1ccccc1 is invalid
15:39:27 <WARN> "general_cleanup" filter: COC(=O)COC1=C(Oc2cc3N(C(=O)C4(O)C4(N(C)c5c1ncccc4C3=O)C(C)(C)C)C2=O)c1ccccc1 is invalid
15:39:27 <WARN> "general_cleanup" filter: COC(=O)COC1=C(Oc2cc3N(C(=O)C4(O)C4(N(C)c5c1ncccc4C3=O)C(C)(C)C)C2=O)c1ccccc1 is invalid
15:39:27 <WARN> "get_largest_fragment" filter: CNc1nc(NC(=O)COc2ccc(cc2)-c2nn[nH]n2)c(C)c2c1nc1c(Cl)cccc21 is invalid
15:39:27 <WARN> "general_cleanup" filter: CNc1nc(NC(=O)COc2ccc(cc2)-c2nn[nH]n2)c(C)c2c1nc1c(Cl)cccc21 is invalid
15:39:27 <WARN> "general_cleanup" filter: CNc1nc(NC(=O)COc2ccc(cc2)-c2nn[nH]n2)c(C)c2c1nc1c(Cl)cccc21 is invalid
15:39:27 <WARN> "get_largest_fragment" filter: CC(C)c1cc2[nH]cc(C(O)=O)c(CCCc3cc(OC)c(OC)c(O)c3)c2cn1)c1ccccc1 is invalid
15:39:27 <WARN> "general_cleanup" filter: CC(C)c1cc2[nH]cc(C(O)=O)c(CCCc3cc(OC)c(OC)c(O)c3)c2cn1)c1ccccc1 is invalid
15:39:27 <WARN> "general_cleanup" filter: CC(C)c1cc2[nH]cc(C(O)=O)c(CCCc3cc(OC)c(OC)c(O)c3)c2cn1)c1ccccc1 is invalid
15:39:27 <WARN> "get_largest_fragment" filter: CC(C)CN1C(Nc2cc3c(c4c2c1c1ccccc31)C(C)=O)c1ccccc1 is invalid
15:39:27 <WARN> "general_cleanup" filter: CC(C)CN1C(Nc2cc3c(c4c2c1c1ccccc31)C(C)=O)c1ccccc1 is invalid
15:39:27 <WARN> "general_cleanup" filter: CC(C)CN1C(Nc2cc3c(c4c2c1c1ccccc31)C(C)=O)c1ccccc1 is invalid
15:39:27 <WARN> "get_largest_fragment" filter: ON(CCCN=C(N)Nc1nc2ccccc2nc1Cl)C1=Nc2ccc3CCCc3nc2C1=O is invalid
15:39:27 <WARN> "general_cleanup" filter: ON(CCCN=C(N)Nc1nc2ccccc2nc1Cl)C1=Nc2ccc3CCCc3nc2C1=O is invalid
15:39:27 <WARN> "general_cleanup" filter: ON(CCCN=C(N)Nc1nc2ccccc2nc1Cl)C1=Nc2ccc3CCCc3nc2C1=O is invalid
15:39:27 <WARN> "get_largest_fragment" filter: CCCCc1noc(SCC(=O)NN=Cc2nc3N(C)C(=O)C(F)=Cc3n2)c1C is invalid
15:39:27 <WARN> "general_cleanup" filter: CCCCc1noc(SCC(=O)NN=Cc2nc3N(C)C(=O)C(F)=Cc3n2)c1C is invalid
15:39:27 <WARN> "general_cleanup" filter: CCCCc1noc(SCC(=O)NN=Cc2nc3N(C)C(=O)C(F)=Cc3n2)c1C is invalid
15:39:27 <WARN> "get_largest_fragment" filter: CCN(CC)C1Cc2ccccc2-c2sc3cccc(C1=O)c23 is invalid
15:39:27 <WARN> "general_cleanup" filter: CCN(CC)C1Cc2ccccc2-c2sc3cccc(C1=O)c23 is invalid
15:39:27 <WARN> "general_cleanup" filter: CCN(CC)C1Cc2ccccc2-c2sc3cccc(C1=O)c23 is invalid
15:39:27 <WARN> "get_largest_fragment" filter: O=C(COc1ccc2CCCc2c1)NCc1cn(oc1-c1cnn[nH]1)-c1ccccc1 is invalid
15:39:27 <WARN> "general_cleanup" filter: O=C(COc1ccc2CCCc2c1)NCc1cn(oc1-c1cnn[nH]1)-c1ccccc1 is invalid
15:39:27 <WARN> "general_cleanup" filter: O=C(COc1ccc2CCCc2c1)NCc1cn(oc1-c1cnn[nH]1)-c1ccccc1 is invalid
15:39:27 <WARN> "get_largest_fragment" filter: CC1Cc2cc(OCC(=O)Nc3ccc(F)c(NC(=O)C4(C)O)cc4C3=O)c(OCCCNC(C)(C)C)c2C1=O is invalid
15:39:27 <WARN> "general_cleanup" filter: CC1Cc2cc(OCC(=O)Nc3ccc(F)c(NC(=O)C4(C)O)cc4C3=O)c(OCCCNC(C)(C)C)c2C1=O is invalid
15:39:27 <WARN> "general_cleanup" filter: CC1Cc2cc(OCC(=O)Nc3ccc(F)c(NC(=O)C4(C)O)cc4C3=O)c(OCCCNC(C)(C)C)c2C1=O is invalid
15:39:27 <WARN> "get_largest_fragment" filter: CN1CCC(CC1)=C1c2cc(NCCN3CCC(CC3)Oc3ncccn3)ccn2Cc2ccccc12 is invalid
15:39:27 <WARN> "general_cleanup" filter: CN1CCC(CC1)=C1c2cc(NCCN3CCC(CC3)Oc3ncccn3)ccn2Cc2ccccc12 is invalid
15:39:27 <WARN> "general_cleanup" filter: CN1CCC(CC1)=C1c2cc(NCCN3CCC(CC3)Oc3ncccn3)ccn2Cc2ccccc12 is invalid
15:39:27 <WARN> "get_largest_fragment" filter: CC1(C)CCc2c(N1)n(c-2c1CCC1)-c1ccc(F)cc1 is invalid
15:39:27 <WARN> "general_cleanup" filter: CC1(C)CCc2c(N1)n(c-2c1CCC1)-c1ccc(F)cc1 is invalid
15:39:27 <WARN> "general_cleanup" filter: CC1(C)CCc2c(N1)n(c-2c1CCC1)-c1ccc(F)cc1 is invalid
15:39:27 <WARN> "get_largest_fragment" filter: ClCc1ccc(-c2ccc3C(=O)c4ccccc5C(=O)N4C(=O)c3c2)c2ccccc12 is invalid
15:39:27 <WARN> "general_cleanup" filter: ClCc1ccc(-c2ccc3C(=O)c4ccccc5C(=O)N4C(=O)c3c2)c2ccccc12 is invalid
15:39:27 <WARN> "general_cleanup" filter: ClCc1ccc(-c2ccc3C(=O)c4ccccc5C(=O)N4C(=O)c3c2)c2ccccc12 is invalid
15:39:27 <WARN> "get_largest_fragment" filter: COc1ccccc1CN(C)CCNc1c2nnc(SCc3ccc(F)cc3)o2)nc1-c1ccc(cc1Cl)C#N is invalid
15:39:27 <WARN> "general_cleanup" filter: COc1ccccc1CN(C)CCNc1c2nnc(SCc3ccc(F)cc3)o2)nc1-c1ccc(cc1Cl)C#N is invalid
15:39:27 <WARN> "general_cleanup" filter: COc1ccccc1CN(C)CCNc1c2nnc(SCc3ccc(F)cc3)o2)nc1-c1ccc(cc1Cl)C#N is invalid
15:39:27 <WARN> "get_largest_fragment" filter: CCOC1(C)C(CNC(=O)c2cc3ccc(C)c(c3OCC)N=C(N)NCc3ccco3)cc(OC)cc2O1 is invalid
15:39:27 <WARN> "general_cleanup" filter: CCOC1(C)C(CNC(=O)c2cc3ccc(C)c(c3OCC)N=C(N)NCc3ccco3)cc(OC)cc2O1 is invalid
15:39:27 <WARN> "general_cleanup" filter: CCOC1(C)C(CNC(=O)c2cc3ccc(C)c(c3OCC)N=C(N)NCc3ccco3)cc(OC)cc2O1 is invalid
15:39:27 <WARN> "get_largest_fragment" filter: CCCS(=O)(=O)N1C(C)C2=C(NC1=O)C(=O)C(=Cc1ccccc1)C(=O)N(CC(=O)Nc1ccc(C)cc1)C2(O)=O is invalid
15:39:27 <WARN> "general_cleanup" filter: CCCS(=O)(=O)N1C(C)C2=C(NC1=O)C(=O)C(=Cc1ccccc1)C(=O)N(CC(=O)Nc1ccc(C)cc1)C2(O)=O is invalid
15:39:27 <WARN> "general_cleanup" filter: CCCS(=O)(=O)N1C(C)C2=C(NC1=O)C(=O)C(=Cc1ccccc1)C(=O)N(CC(=O)Nc1ccc(C)cc1)C2(O)=O is invalid
15:39:27 <WARN> "get_largest_fragment" filter: COc1ccc(CC(=O)Nc2ccc3CCCCc23)cc1 is invalid
15:39:27 <WARN> "general_cleanup" filter: COc1ccc(CC(=O)Nc2ccc3CCCCc23)cc1 is invalid
15:39:27 <WARN> "general_cleanup" filter: COc1ccc(CC(=O)Nc2ccc3CCCCc23)cc1 is invalid
15:39:27 <WARN> "get_largest_fragment" filter: CCCCNC(=O)n1cc(C=C2Oc3ccc(cc3OC2=O)C3=CSCc2ccc(C)cc2Br)cc1F is invalid
15:39:27 <WARN> "general_cleanup" filter: CCCCNC(=O)n1cc(C=C2Oc3ccc(cc3OC2=O)C3=CSCc2ccc(C)cc2Br)cc1F is invalid
15:39:27 <WARN> "general_cleanup" filter: CCCCNC(=O)n1cc(C=C2Oc3ccc(cc3OC2=O)C3=CSCc2ccc(C)cc2Br)cc1F is invalid
15:39:27 <WARN> "get_largest_fragment" filter: CCCc1nc2N(C)C(=O)N(c3ccccc3)(c2s1)C(O)=O is invalid
15:39:27 <WARN> "general_cleanup" filter: CCCc1nc2N(C)C(=O)N(c3ccccc3)(c2s1)C(O)=O is invalid
15:39:27 <WARN> "general_cleanup" filter: CCCc1nc2N(C)C(=O)N(c3ccccc3)(c2s1)C(O)=O is invalid
15:39:27 <WARN> "get_largest_fragment" filter: Oc1c(F)cc(Cc2cccc(c2)C(F)(F)F)cc(c1)N(=O)=O is invalid
15:39:27 <WARN> "general_cleanup" filter: Oc1c(F)cc(Cc2cccc(c2)C(F)(F)F)cc(c1)N(=O)=O is invalid
15:39:27 <WARN> "general_cleanup" filter: Oc1c(F)cc(Cc2cccc(c2)C(F)(F)F)cc(c1)N(=O)=O is invalid
15:39:28 <WARN> "get_largest_fragment" filter: CCOc1cc2cc(NC(=O)C3CCN(Cc4ccc(OC)c(OC)c4)CCc3c2cc1Cl)N(=O)=O is invalid
15:39:28 <WARN> "general_cleanup" filter: CCOc1cc2cc(NC(=O)C3CCN(Cc4ccc(OC)c(OC)c4)CCc3c2cc1Cl)N(=O)=O is invalid
15:39:28 <WARN> "general_cleanup" filter: CCOc1cc2cc(NC(=O)C3CCN(Cc4ccc(OC)c(OC)c4)CCc3c2cc1Cl)N(=O)=O is invalid
15:39:28 <WARN> "get_largest_fragment" filter: O=C(Oc1ccc(CN2CCC(CCC3CCCC3)CCNCCSc3nc4ccccc4[nH]3)c2cc1NC=O)C1CCOC1 is invalid
15:39:28 <WARN> "general_cleanup" filter: O=C(Oc1ccc(CN2CCC(CCC3CCCC3)CCNCCSc3nc4ccccc4[nH]3)c2cc1NC=O)C1CCOC1 is invalid
15:39:28 <WARN> "general_cleanup" filter: O=C(Oc1ccc(CN2CCC(CCC3CCCC3)CCNCCSc3nc4ccccc4[nH]3)c2cc1NC=O)C1CCOC1 is invalid
15:39:28 <WARN> "get_largest_fragment" filter: Clc1ccc(CCOc2nc(nc3NCCSc4ncc(-c4cnccn2)cc-2c14)C(=O)c1ccsc3cc(F)cc23)c1OC(CO)Cc1ccc(O)cc1N(=O)=O is invalid
15:39:28 <WARN> "general_cleanup" filter: Clc1ccc(CCOc2nc(nc3NCCSc4ncc(-c4cnccn2)cc-2c14)C(=O)c1ccsc3cc(F)cc23)c1OC(CO)Cc1ccc(O)cc1N(=O)=O is invalid
15:39:28 <WARN> "general_cleanup" filter: Clc1ccc(CCOc2nc(nc3NCCSc4ncc(-c4cnccn2)cc-2c14)C(=O)c1ccsc3cc(F)cc23)c1OC(CO)Cc1ccc(O)cc1N(=O)=O is invalid
15:39:28 <WARN> "get_largest_fragment" filter: CCOCCOC(=O)COc1ccc2C3OC(Oc2c1COC)C(=O)N4C is invalid
15:39:28 <WARN> "general_cleanup" filter: CCOCCOC(=O)COc1ccc2C3OC(Oc2c1COC)C(=O)N4C is invalid
15:39:28 <WARN> "general_cleanup" filter: CCOCCOC(=O)COc1ccc2C3OC(Oc2c1COC)C(=O)N4C is invalid
15:39:28 <WARN> "get_largest_fragment" filter: ON1C(Nc2cc(Br)cc(NC3(CCCCC3)c3cc(ccc3N=C2N(=O)=O)C(F)(F)F)C1=O)C1CC1 is invalid
15:39:28 <WARN> "general_cleanup" filter: ON1C(Nc2cc(Br)cc(NC3(CCCCC3)c3cc(ccc3N=C2N(=O)=O)C(F)(F)F)C1=O)C1CC1 is invalid
15:39:28 <WARN> "general_cleanup" filter: ON1C(Nc2cc(Br)cc(NC3(CCCCC3)c3cc(ccc3N=C2N(=O)=O)C(F)(F)F)C1=O)C1CC1 is invalid
15:39:28 <WARN> "get_largest_fragment" filter: COc1cccc2c(CCNCCN3CCCC3C(O)=O)C3=C(CNC1)cc2c(Br)c1OCC(C)(C)Oc1c35 is invalid
15:39:28 <WARN> "general_cleanup" filter: COc1cccc2c(CCNCCN3CCCC3C(O)=O)C3=C(CNC1)cc2c(Br)c1OCC(C)(C)Oc1c35 is invalid
15:39:28 <WARN> "general_cleanup" filter: COc1cccc2c(CCNCCN3CCCC3C(O)=O)C3=C(CNC1)cc2c(Br)c1OCC(C)(C)Oc1c35 is invalid
15:39:28 <WARN> "get_largest_fragment" filter: Cn1ncnn1CNC(=O)c1ccccc1N(=O)=O is invalid
15:39:28 <WARN> "general_cleanup" filter: Cn1ncnn1CNC(=O)c1ccccc1N(=O)=O is invalid
15:39:28 <WARN> "general_cleanup" filter: Cn1ncnn1CNC(=O)c1ccccc1N(=O)=O is invalid
15:39:28 <WARN> "get_largest_fragment" filter: CN(Cc1cccn(C)c1)C(=O)c1cccc(c1)C(C)(C)C is invalid
15:39:28 <WARN> "general_cleanup" filter: CN(Cc1cccn(C)c1)C(=O)c1cccc(c1)C(C)(C)C is invalid
15:39:28 <WARN> "general_cleanup" filter: CN(Cc1cccn(C)c1)C(=O)c1cccc(c1)C(C)(C)C is invalid
15:39:28 <WARN> "get_largest_fragment" filter: COc1cc(cc(OC)c1O)C1=C2C(=O)c3ccccc3C2=Nc2c1ccc2O is invalid
15:39:28 <WARN> "general_cleanup" filter: COc1cc(cc(OC)c1O)C1=C2C(=O)c3ccccc3C2=Nc2c1ccc2O is invalid
15:39:28 <WARN> "general_cleanup" filter: COc1cc(cc(OC)c1O)C1=C2C(=O)c3ccccc3C2=Nc2c1ccc2O is invalid
15:39:28 <WARN> "get_largest_fragment" filter: COc1cc(O)c(c2n(ncn12)-c1ccsc1)c1nnnn1C1CCCC1 is invalid
15:39:28 <WARN> "general_cleanup" filter: COc1cc(O)c(c2n(ncn12)-c1ccsc1)c1nnnn1C1CCCC1 is invalid
15:39:28 <WARN> "general_cleanup" filter: COc1cc(O)c(c2n(ncn12)-c1ccsc1)c1nnnn1C1CCCC1 is invalid
15:39:28 <WARN> "get_largest_fragment" filter: Cn1ncc(C(=O)N(CC2=CN(CC3=C(NC(=O)NC33)c3ccccc3)C2=O)c2ccccc2)c1 is invalid
15:39:28 <WARN> "general_cleanup" filter: Cn1ncc(C(=O)N(CC2=CN(CC3=C(NC(=O)NC33)c3ccccc3)C2=O)c2ccccc2)c1 is invalid
15:39:28 <WARN> "general_cleanup" filter: Cn1ncc(C(=O)N(CC2=CN(CC3=C(NC(=O)NC33)c3ccccc3)C2=O)c2ccccc2)c1 is invalid
15:39:28 <WARN> "get_largest_fragment" filter: Cc1nc(C)c(C)nc1NC(=O)c1cccc2c(N)c(ncn12)C1=CCCCC1 is invalid
15:39:28 <WARN> "general_cleanup" filter: Cc1nc(C)c(C)nc1NC(=O)c1cccc2c(N)c(ncn12)C1=CCCCC1 is invalid
15:39:28 <WARN> "general_cleanup" filter: Cc1nc(C)c(C)nc1NC(=O)c1cccc2c(N)c(ncn12)C1=CCCCC1 is invalid
15:39:28 <WARN> "get_largest_fragment" filter: Brc1ccc(cc1)-c1nc2cc(sc2n1)C(=C(C#N)N1CCN(C1=O)c1ccccc1)C(=O)OCc1ccccc1 is invalid
15:39:28 <WARN> "general_cleanup" filter: Brc1ccc(cc1)-c1nc2cc(sc2n1)C(=C(C#N)N1CCN(C1=O)c1ccccc1)C(=O)OCc1ccccc1 is invalid
15:39:28 <WARN> "general_cleanup" filter: Brc1ccc(cc1)-c1nc2cc(sc2n1)C(=C(C#N)N1CCN(C1=O)c1ccccc1)C(=O)OCc1ccccc1 is invalid
15:39:28 <WARN> "get_largest_fragment" filter: CC(C)OC(=O)C(=Cc1ccc2N(Cc3cc(ccc3OCCC(O)=O)C(F)(F)F)CCC2(C)C)c1C is invalid
15:39:28 <WARN> "general_cleanup" filter: CC(C)OC(=O)C(=Cc1ccc2N(Cc3cc(ccc3OCCC(O)=O)C(F)(F)F)CCC2(C)C)c1C is invalid
15:39:28 <WARN> "general_cleanup" filter: CC(C)OC(=O)C(=Cc1ccc2N(Cc3cc(ccc3OCCC(O)=O)C(F)(F)F)CCC2(C)C)c1C is invalid
15:39:28 <WARN> "get_largest_fragment" filter: NS(=O)(=O)c1ccc(CNC(=O)CCc2c[nH]c3cc(Nc4nccnc4C4=O)cc23)cc1 is invalid
15:39:28 <WARN> "general_cleanup" filter: NS(=O)(=O)c1ccc(CNC(=O)CCc2c[nH]c3cc(Nc4nccnc4C4=O)cc23)cc1 is invalid
15:39:28 <WARN> "general_cleanup" filter: NS(=O)(=O)c1ccc(CNC(=O)CCc2c[nH]c3cc(Nc4nccnc4C4=O)cc23)cc1 is invalid
15:39:28 <WARN> "get_largest_fragment" filter: CC1=NC(c2c[nH]c3cccc2c23)C(=O)NC(=O)N=C1N is invalid
15:39:28 <WARN> "general_cleanup" filter: CC1=NC(c2c[nH]c3cccc2c23)C(=O)NC(=O)N=C1N is invalid
15:39:28 <WARN> "general_cleanup" filter: CC1=NC(c2c[nH]c3cccc2c23)C(=O)NC(=O)N=C1N is invalid
15:39:28 <WARN> "get_largest_fragment" filter: CC(C)OC(=O)c1c(NC(=O)C(C)(C)C)n(Cc2nc([nH]c2Br)-c2ccccc2F)c2c3CCCCc3sc2n1 is invalid
15:39:28 <WARN> "general_cleanup" filter: CC(C)OC(=O)c1c(NC(=O)C(C)(C)C)n(Cc2nc([nH]c2Br)-c2ccccc2F)c2c3CCCCc3sc2n1 is invalid
15:39:28 <WARN> "general_cleanup" filter: CC(C)OC(=O)c1c(NC(=O)C(C)(C)C)n(Cc2nc([nH]c2Br)-c2ccccc2F)c2c3CCCCc3sc2n1 is invalid
15:39:28 <WARN> "get_largest_fragment" filter: CN1CCN(CC1)S(=O)(=O)c1ccc(cc1)-n1cc2c(-c3ccc(Br)cc3)c(nc2c1C)-c1cccs1 is invalid
15:39:28 <WARN> "general_cleanup" filter: CN1CCN(CC1)S(=O)(=O)c1ccc(cc1)-n1cc2c(-c3ccc(Br)cc3)c(nc2c1C)-c1cccs1 is invalid
15:39:28 <WARN> "general_cleanup" filter: CN1CCN(CC1)S(=O)(=O)c1ccc(cc1)-n1cc2c(-c3ccc(Br)cc3)c(nc2c1C)-c1cccs1 is invalid
15:39:28 <WARN> "get_largest_fragment" filter: CN1CC(=O)N(CC1c1ccc(CN2C(=O)c3ccccc3O2)C(=O)c2ccccc2C)cc1 is invalid
15:39:28 <WARN> "general_cleanup" filter: CN1CC(=O)N(CC1c1ccc(CN2C(=O)c3ccccc3O2)C(=O)c2ccccc2C)cc1 is invalid
15:39:28 <WARN> "general_cleanup" filter: CN1CC(=O)N(CC1c1ccc(CN2C(=O)c3ccccc3O2)C(=O)c2ccccc2C)cc1 is invalid
15:39:28 <WARN> "get_largest_fragment" filter: O=C(Nc1nc(ns1)-c1ccccc1)c1cc2C13CCn2c1CCCC1 is invalid
15:39:28 <WARN> "general_cleanup" filter: O=C(Nc1nc(ns1)-c1ccccc1)c1cc2C13CCn2c1CCCC1 is invalid
15:39:28 <WARN> "general_cleanup" filter: O=C(Nc1nc(ns1)-c1ccccc1)c1cc2C13CCn2c1CCCC1 is invalid
15:39:28 <WARN> "get_largest_fragment" filter: NC(=O)c1ccc2Oc3cnc(NCCO)sc3C(=O)c2c1 is invalid
15:39:28 <WARN> "general_cleanup" filter: NC(=O)c1ccc2Oc3cnc(NCCO)sc3C(=O)c2c1 is invalid
15:39:28 <WARN> "general_cleanup" filter: NC(=O)c1ccc2Oc3cnc(NCCO)sc3C(=O)c2c1 is invalid
15:39:28 <WARN> "get_largest_fragment" filter: Nc1nc(c(Nc2ccc(Oc3ccc(F)cc3)cc2)n1)c1ccccc1 is invalid
15:39:28 <WARN> "general_cleanup" filter: Nc1nc(c(Nc2ccc(Oc3ccc(F)cc3)cc2)n1)c1ccccc1 is invalid
15:39:28 <WARN> "general_cleanup" filter: Nc1nc(c(Nc2ccc(Oc3ccc(F)cc3)cc2)n1)c1ccccc1 is invalid
15:39:28 <WARN> "get_largest_fragment" filter: COC(=O)Nc1ccc2nc(CCN3CCN(CC3)S(=O)(=O)c3ccc4CCCCc4c3C(N)=O)nc2c1 is invalid
15:39:28 <WARN> "general_cleanup" filter: COC(=O)Nc1ccc2nc(CCN3CCN(CC3)S(=O)(=O)c3ccc4CCCCc4c3C(N)=O)nc2c1 is invalid
15:39:28 <WARN> "general_cleanup" filter: COC(=O)Nc1ccc2nc(CCN3CCN(CC3)S(=O)(=O)c3ccc4CCCCc4c3C(N)=O)nc2c1 is invalid
15:39:28 <WARN> "get_largest_fragment" filter: CC12CCC3C(CC=C4C5CC(CCC4(C)C3CCCC(C)=O)C(=O)OC3)CC21 is invalid
15:39:28 <WARN> "general_cleanup" filter: CC12CCC3C(CC=C4C5CC(CCC4(C)C3CCCC(C)=O)C(=O)OC3)CC21 is invalid
15:39:28 <WARN> "general_cleanup" filter: CC12CCC3C(CC=C4C5CC(CCC4(C)C3CCCC(C)=O)C(=O)OC3)CC21 is invalid
15:39:28 <WARN> "get_largest_fragment" filter: CCOc1cc(ccc1OCc1cn(Cc2ccccc2)n1)C(=O)Nc1cccc(c1)C(N)=O is invalid
15:39:28 <WARN> "general_cleanup" filter: CCOc1cc(ccc1OCc1cn(Cc2ccccc2)n1)C(=O)Nc1cccc(c1)C(N)=O is invalid
15:39:28 <WARN> "general_cleanup" filter: CCOc1cc(ccc1OCc1cn(Cc2ccccc2)n1)C(=O)Nc1cccc(c1)C(N)=O is invalid
15:39:28 <WARN> "get_largest_fragment" filter: COc1cccc2c1c1CCc1ccc-2c1N=CNC(=O)C=Cc1ccccc1 is invalid
15:39:28 <WARN> "general_cleanup" filter: COc1cccc2c1c1CCc1ccc-2c1N=CNC(=O)C=Cc1ccccc1 is invalid
15:39:28 <WARN> "general_cleanup" filter: COc1cccc2c1c1CCc1ccc-2c1N=CNC(=O)C=Cc1ccccc1 is invalid
15:39:28 <WARN> "get_largest_fragment" filter: COc1c(cc2cc(ccc12)C(C)=O)C(=O)NC1CCN(CC1)C(C)=O is invalid
15:39:28 <WARN> "general_cleanup" filter: COc1c(cc2cc(ccc12)C(C)=O)C(=O)NC1CCN(CC1)C(C)=O is invalid
15:39:28 <WARN> "general_cleanup" filter: COc1c(cc2cc(ccc12)C(C)=O)C(=O)NC1CCN(CC1)C(C)=O is invalid
15:39:28 <WARN> "get_largest_fragment" filter: CCN(CC)C(=O)c1ccc2c(c3[nH]c-3c(Cc4cc(Br)ccc34)nc2c1)-c1ccccc1 is invalid
15:39:28 <WARN> "general_cleanup" filter: CCN(CC)C(=O)c1ccc2c(c3[nH]c-3c(Cc4cc(Br)ccc34)nc2c1)-c1ccccc1 is invalid
15:39:28 <WARN> "general_cleanup" filter: CCN(CC)C(=O)c1ccc2c(c3[nH]c-3c(Cc4cc(Br)ccc34)nc2c1)-c1ccccc1 is invalid
15:39:28 <WARN> "get_largest_fragment" filter: O=C1C=CC=CC1=NNc1nnnn1=C1CCCCC1 is invalid
15:39:28 <WARN> "general_cleanup" filter: O=C1C=CC=CC1=NNc1nnnn1=C1CCCCC1 is invalid
15:39:28 <WARN> "general_cleanup" filter: O=C1C=CC=CC1=NNc1nnnn1=C1CCCCC1 is invalid
15:39:28 <WARN> "get_largest_fragment" filter: CC(=O)Nc1ccc2[N+](=CSC(=S)n2c1)c1cccc(F)c1 is invalid
15:39:28 <WARN> "general_cleanup" filter: CC(=O)Nc1ccc2[N+](=CSC(=S)n2c1)c1cccc(F)c1 is invalid
15:39:28 <WARN> "general_cleanup" filter: CC(=O)Nc1ccc2[N+](=CSC(=S)n2c1)c1cccc(F)c1 is invalid
15:39:28 <WARN> "get_largest_fragment" filter: COc1ccc(cc1)C(=O)OC1C2C(O)C3C(C)CC(OC(C)=O)C4CC(OC(=O)C5)C(C)(C)C(CO)C4COC3c4ccc(O)cc23)C1(OC(C)=O is invalid
15:39:28 <WARN> "general_cleanup" filter: COc1ccc(cc1)C(=O)OC1C2C(O)C3C(C)CC(OC(C)=O)C4CC(OC(=O)C5)C(C)(C)C(CO)C4COC3c4ccc(O)cc23)C1(OC(C)=O is invalid
15:39:28 <WARN> "general_cleanup" filter: COc1ccc(cc1)C(=O)OC1C2C(O)C3C(C)CC(OC(C)=O)C4CC(OC(=O)C5)C(C)(C)C(CO)C4COC3c4ccc(O)cc23)C1(OC(C)=O is invalid
15:39:28 <WARN> "get_largest_fragment" filter: COc1ccccc1C=C1C(=O)Nc2ncc(NC(=O)OC(C)(C)C)ccc12 is invalid
15:39:28 <WARN> "general_cleanup" filter: COc1ccccc1C=C1C(=O)Nc2ncc(NC(=O)OC(C)(C)C)ccc12 is invalid
15:39:28 <WARN> "general_cleanup" filter: COc1ccccc1C=C1C(=O)Nc2ncc(NC(=O)OC(C)(C)C)ccc12 is invalid
15:39:28 <WARN> "get_largest_fragment" filter: CSc1cccc(c1F)-c1nnc2CCN(Cc3ccc(OC)c(c(F)c3)-c3c[nH]cn3)c2c1F is invalid
15:39:28 <WARN> "general_cleanup" filter: CSc1cccc(c1F)-c1nnc2CCN(Cc3ccc(OC)c(c(F)c3)-c3c[nH]cn3)c2c1F is invalid
15:39:28 <WARN> "general_cleanup" filter: CSc1cccc(c1F)-c1nnc2CCN(Cc3ccc(OC)c(c(F)c3)-c3c[nH]cn3)c2c1F is invalid
15:39:28 <WARN> "get_largest_fragment" filter: Cc1csc(NC(=O)Nc2sc3CCCc4c3c2N(=O)=O)c1F is invalid
15:39:28 <WARN> "general_cleanup" filter: Cc1csc(NC(=O)Nc2sc3CCCc4c3c2N(=O)=O)c1F is invalid
15:39:28 <WARN> "general_cleanup" filter: Cc1csc(NC(=O)Nc2sc3CCCc4c3c2N(=O)=O)c1F is invalid
15:39:28 <WARN> "get_largest_fragment" filter: Clc1ccc(cn1)C1CCC(=O)N1Cc1c(nc2cccn[nH]2)n1 is invalid
15:39:28 <WARN> "general_cleanup" filter: Clc1ccc(cn1)C1CCC(=O)N1Cc1c(nc2cccn[nH]2)n1 is invalid
15:39:28 <WARN> "general_cleanup" filter: Clc1ccc(cn1)C1CCC(=O)N1Cc1c(nc2cccn[nH]2)n1 is invalid
15:39:28 <WARN> "get_largest_fragment" filter: CC1(C)NC(=O)N2C1S=C1N(CCCc3ccc-21)c1ccccc1S(=O)(=O)NCCN1CC1 is invalid
15:39:28 <WARN> "general_cleanup" filter: CC1(C)NC(=O)N2C1S=C1N(CCCc3ccc-21)c1ccccc1S(=O)(=O)NCCN1CC1 is invalid
15:39:28 <WARN> "general_cleanup" filter: CC1(C)NC(=O)N2C1S=C1N(CCCc3ccc-21)c1ccccc1S(=O)(=O)NCCN1CC1 is invalid
15:39:28 <WARN> "get_largest_fragment" filter: CC(C)c1ncnc(C(O)Cn2nnnc2-c2ccc(OC3CCC(O)C(O)C3)cc3ccc(cc23)C(O)=O)c1 is invalid
15:39:28 <WARN> "general_cleanup" filter: CC(C)c1ncnc(C(O)Cn2nnnc2-c2ccc(OC3CCC(O)C(O)C3)cc3ccc(cc23)C(O)=O)c1 is invalid
15:39:28 <WARN> "general_cleanup" filter: CC(C)c1ncnc(C(O)Cn2nnnc2-c2ccc(OC3CCC(O)C(O)C3)cc3ccc(cc23)C(O)=O)c1 is invalid
15:39:28 <WARN> "get_largest_fragment" filter: COC(CCCC#CC1=CC2=N1)c1nc3ccccc3c3CN(CCC13)C2=O is invalid
15:39:28 <WARN> "general_cleanup" filter: COC(CCCC#CC1=CC2=N1)c1nc3ccccc3c3CN(CCC13)C2=O is invalid
15:39:28 <WARN> "general_cleanup" filter: COC(CCCC#CC1=CC2=N1)c1nc3ccccc3c3CN(CCC13)C2=O is invalid
15:39:28 <WARN> "get_largest_fragment" filter: Cc1cc(C)cc(SCc2c(C)n3nc(cc3n2)C(=O)c2ccc(Cl)cc2)c1 is invalid
15:39:28 <WARN> "general_cleanup" filter: Cc1cc(C)cc(SCc2c(C)n3nc(cc3n2)C(=O)c2ccc(Cl)cc2)c1 is invalid
15:39:28 <WARN> "general_cleanup" filter: Cc1cc(C)cc(SCc2c(C)n3nc(cc3n2)C(=O)c2ccc(Cl)cc2)c1 is invalid
15:39:28 <WARN> "get_largest_fragment" filter: Oc1ccc(CCNC(=O)C(NC(=O)C2CCC(CCNC(=O)C(C(CC3CC(=O)NC3=O)c3ccc(Cl)cc3)C2=O)C(O)=O)c2ccc(Cl)c(Cl)c2Cl)c1 is invalid
15:39:28 <WARN> "general_cleanup" filter: Oc1ccc(CCNC(=O)C(NC(=O)C2CCC(CCNC(=O)C(C(CC3CC(=O)NC3=O)c3ccc(Cl)cc3)C2=O)C(O)=O)c2ccc(Cl)c(Cl)c2Cl)c1 is invalid
15:39:28 <WARN> "general_cleanup" filter: Oc1ccc(CCNC(=O)C(NC(=O)C2CCC(CCNC(=O)C(C(CC3CC(=O)NC3=O)c3ccc(Cl)cc3)C2=O)C(O)=O)c2ccc(Cl)c(Cl)c2Cl)c1 is invalid
15:39:28 <WARN> "get_largest_fragment" filter: CCn1c2c(COc3ccc(cc3)N(=O)=O)n[n+]([O-])c2c2ccccc12 is invalid
15:39:28 <WARN> "general_cleanup" filter: CCn1c2c(COc3ccc(cc3)N(=O)=O)n[n+]([O-])c2c2ccccc12 is invalid
15:39:28 <WARN> "general_cleanup" filter: CCn1c2c(COc3ccc(cc3)N(=O)=O)n[n+]([O-])c2c2ccccc12 is invalid
15:39:28 <WARN> "get_largest_fragment" filter: COc1cccc(NC(=O)C2N(CCc3ccc4OCCOc4cc23)N(C)C)c1OC is invalid
15:39:28 <WARN> "general_cleanup" filter: COc1cccc(NC(=O)C2N(CCc3ccc4OCCOc4cc23)N(C)C)c1OC is invalid
15:39:28 <WARN> "general_cleanup" filter: COc1cccc(NC(=O)C2N(CCc3ccc4OCCOc4cc23)N(C)C)c1OC is invalid
15:39:28 <WARN> "get_largest_fragment" filter: COc1ccc2C3CCCC(N3NC=NC3=NC(C3CC3CO)CC3)C(=CN3C(=O)c4c(F)cccc34)c21 is invalid
15:39:28 <WARN> "general_cleanup" filter: COc1ccc2C3CCCC(N3NC=NC3=NC(C3CC3CO)CC3)C(=CN3C(=O)c4c(F)cccc34)c21 is invalid
15:39:28 <WARN> "general_cleanup" filter: COc1ccc2C3CCCC(N3NC=NC3=NC(C3CC3CO)CC3)C(=CN3C(=O)c4c(F)cccc34)c21 is invalid
15:39:28 <WARN> "get_largest_fragment" filter: CN(C)Cc1csc(CSc2nnc(CSc3cccnn3)n2-c2nccs2)n1C is invalid
15:39:28 <WARN> "general_cleanup" filter: CN(C)Cc1csc(CSc2nnc(CSc3cccnn3)n2-c2nccs2)n1C is invalid
15:39:28 <WARN> "general_cleanup" filter: CN(C)Cc1csc(CSc2nnc(CSc3cccnn3)n2-c2nccs2)n1C is invalid
15:39:28 <WARN> "get_largest_fragment" filter: CCCCN1C=C2CN(CCOC)C(=O)C(=Cc3cn[nH]c3)c2c1nc1ccccc1 is invalid
15:39:28 <WARN> "general_cleanup" filter: CCCCN1C=C2CN(CCOC)C(=O)C(=Cc3cn[nH]c3)c2c1nc1ccccc1 is invalid
15:39:28 <WARN> "general_cleanup" filter: CCCCN1C=C2CN(CCOC)C(=O)C(=Cc3cn[nH]c3)c2c1nc1ccccc1 is invalid
15:39:28 <WARN> "get_largest_fragment" filter: COc1cc(ccc1OCC1=CC(=CNC1=O)=C1C(=O)Nc2cc(F)ccc12)C(O)=O is invalid
15:39:28 <WARN> "general_cleanup" filter: COc1cc(ccc1OCC1=CC(=CNC1=O)=C1C(=O)Nc2cc(F)ccc12)C(O)=O is invalid
15:39:28 <WARN> "general_cleanup" filter: COc1cc(ccc1OCC1=CC(=CNC1=O)=C1C(=O)Nc2cc(F)ccc12)C(O)=O is invalid
15:39:28 <WARN> "get_largest_fragment" filter: CCC1CCCN1c1ncc(Cl)c2c1nc1cc(ccc21)C(N)=O is invalid
15:39:28 <WARN> "general_cleanup" filter: CCC1CCCN1c1ncc(Cl)c2c1nc1cc(ccc21)C(N)=O is invalid
15:39:28 <WARN> "general_cleanup" filter: CCC1CCCN1c1ncc(Cl)c2c1nc1cc(ccc21)C(N)=O is invalid
15:39:28 <WARN> "get_largest_fragment" filter: COc1ccc2c(cnn(-c3cnc4OCOc4c3)c2c1)-c1ccc(cc1)C1C(C(=O)OC)COC1=O is invalid
15:39:28 <WARN> "general_cleanup" filter: COc1ccc2c(cnn(-c3cnc4OCOc4c3)c2c1)-c1ccc(cc1)C1C(C(=O)OC)COC1=O is invalid
15:39:28 <WARN> "general_cleanup" filter: COc1ccc2c(cnn(-c3cnc4OCOc4c3)c2c1)-c1ccc(cc1)C1C(C(=O)OC)COC1=O is invalid
15:39:28 <WARN> "get_largest_fragment" filter: CN(C)c1cccc2nn3c(nc3c(cn23)-c2ccc(Cl)cc2)c1 is invalid
15:39:28 <WARN> "general_cleanup" filter: CN(C)c1cccc2nn3c(nc3c(cn23)-c2ccc(Cl)cc2)c1 is invalid
15:39:28 <WARN> "general_cleanup" filter: CN(C)c1cccc2nn3c(nc3c(cn23)-c2ccc(Cl)cc2)c1 is invalid
15:39:28 <WARN> "get_largest_fragment" filter: COc1c(Br)c(OC)cc(NC(=O)NC)c1OC1CCN(CCN2C(=O)Cc3c2cc(cc3n1)N(=O)=O)N(=O)=O is invalid
15:39:28 <WARN> "general_cleanup" filter: COc1c(Br)c(OC)cc(NC(=O)NC)c1OC1CCN(CCN2C(=O)Cc3c2cc(cc3n1)N(=O)=O)N(=O)=O is invalid
15:39:28 <WARN> "general_cleanup" filter: COc1c(Br)c(OC)cc(NC(=O)NC)c1OC1CCN(CCN2C(=O)Cc3c2cc(cc3n1)N(=O)=O)N(=O)=O is invalid
15:39:28 <WARN> "get_largest_fragment" filter: Cc1c(C)c(C)c(C=CC2(O)CC(O)CC2C(=O)c2ccc(O)c(O)c2)ccc1O is invalid
15:39:28 <WARN> "general_cleanup" filter: Cc1c(C)c(C)c(C=CC2(O)CC(O)CC2C(=O)c2ccc(O)c(O)c2)ccc1O is invalid
15:39:28 <WARN> "general_cleanup" filter: Cc1c(C)c(C)c(C=CC2(O)CC(O)CC2C(=O)c2ccc(O)c(O)c2)ccc1O is invalid
15:39:28 <WARN> "get_largest_fragment" filter: CCCCCCCCCCC1NC(=O)C(CCCCCCCCCCCCCCCCCCC)N5CCCCC1=O is invalid
15:39:28 <WARN> "general_cleanup" filter: CCCCCCCCCCC1NC(=O)C(CCCCCCCCCCCCCCCCCCC)N5CCCCC1=O is invalid
15:39:28 <WARN> "general_cleanup" filter: CCCCCCCCCCC1NC(=O)C(CCCCCCCCCCCCCCCCCCC)N5CCCCC1=O is invalid
15:39:28 <WARN> "get_largest_fragment" filter: CCc1cc(c[nH]1)-c1noc2CNCC1=NNC(=O)c1ccccc21 is invalid
15:39:28 <WARN> "general_cleanup" filter: CCc1cc(c[nH]1)-c1noc2CNCC1=NNC(=O)c1ccccc21 is invalid
15:39:28 <WARN> "general_cleanup" filter: CCc1cc(c[nH]1)-c1noc2CNCC1=NNC(=O)c1ccccc21 is invalid
15:39:28 <WARN> "get_largest_fragment" filter: OC1=NC=C2C(Cc3ccccc3)C(OC(=O)c3ccccc3Cl)C2=O is invalid
15:39:28 <WARN> "general_cleanup" filter: OC1=NC=C2C(Cc3ccccc3)C(OC(=O)c3ccccc3Cl)C2=O is invalid
15:39:28 <WARN> "general_cleanup" filter: OC1=NC=C2C(Cc3ccccc3)C(OC(=O)c3ccccc3Cl)C2=O is invalid
15:39:28 <WARN> "get_largest_fragment" filter: CC(C)(C)NC(=O)N1CCCC1C(=O)Nc1ncc(nn1)-c1ccc2c(cc[nH]c2n1)C1OCC(O)C(O)C1Br is invalid
15:39:28 <WARN> "general_cleanup" filter: CC(C)(C)NC(=O)N1CCCC1C(=O)Nc1ncc(nn1)-c1ccc2c(cc[nH]c2n1)C1OCC(O)C(O)C1Br is invalid
15:39:28 <WARN> "general_cleanup" filter: CC(C)(C)NC(=O)N1CCCC1C(=O)Nc1ncc(nn1)-c1ccc2c(cc[nH]c2n1)C1OCC(O)C(O)C1Br is invalid
15:39:28 <WARN> "get_largest_fragment" filter: N#Nc1cc2C=CCCC3=Nc4ccc5OCOc5cc4-c2c3cc1OCO is invalid
15:39:28 <WARN> "general_cleanup" filter: N#Nc1cc2C=CCCC3=Nc4ccc5OCOc5cc4-c2c3cc1OCO is invalid
15:39:28 <WARN> "general_cleanup" filter: N#Nc1cc2C=CCCC3=Nc4ccc5OCOc5cc4-c2c3cc1OCO is invalid
15:39:28 <WARN> "get_largest_fragment" filter: Cc1cc(NC(=O)CCCN2C(=O)C3Cc4cc(NC(=O)c5ccc(Cl)cc5C4=O)CC3)oc2nc1-c1ccccc1 is invalid
15:39:28 <WARN> "general_cleanup" filter: Cc1cc(NC(=O)CCCN2C(=O)C3Cc4cc(NC(=O)c5ccc(Cl)cc5C4=O)CC3)oc2nc1-c1ccccc1 is invalid
15:39:28 <WARN> "general_cleanup" filter: Cc1cc(NC(=O)CCCN2C(=O)C3Cc4cc(NC(=O)c5ccc(Cl)cc5C4=O)CC3)oc2nc1-c1ccccc1 is invalid
15:39:28 <WARN> "get_largest_fragment" filter: CC(C)CCOC(=O)N1CC(=O)N(C1=O)(c1ccccc1)c1ccc(F)cc1F is invalid
15:39:28 <WARN> "general_cleanup" filter: CC(C)CCOC(=O)N1CC(=O)N(C1=O)(c1ccccc1)c1ccc(F)cc1F is invalid
15:39:28 <WARN> "general_cleanup" filter: CC(C)CCOC(=O)N1CC(=O)N(C1=O)(c1ccccc1)c1ccc(F)cc1F is invalid
15:39:28 <WARN> "get_largest_fragment" filter: COc1cc(NC(=S)NC(=O)CSc2cc(Cc3cccnc3)n(c3ccccc23)-c2ccccc2)cc(OC)c1OC is invalid
15:39:28 <WARN> "general_cleanup" filter: COc1cc(NC(=S)NC(=O)CSc2cc(Cc3cccnc3)n(c3ccccc23)-c2ccccc2)cc(OC)c1OC is invalid
15:39:28 <WARN> "general_cleanup" filter: COc1cc(NC(=S)NC(=O)CSc2cc(Cc3cccnc3)n(c3ccccc23)-c2ccccc2)cc(OC)c1OC is invalid
15:39:28 <WARN> "get_largest_fragment" filter: OC(=O)CCSCCC(C#S)n1nc(-c2ccccc2F)n1 is invalid
15:39:28 <WARN> "general_cleanup" filter: OC(=O)CCSCCC(C#S)n1nc(-c2ccccc2F)n1 is invalid
15:39:28 <WARN> "general_cleanup" filter: OC(=O)CCSCCC(C#S)n1nc(-c2ccccc2F)n1 is invalid
15:39:28 <WARN> "get_largest_fragment" filter: Cc1cc(C)cc(C(=O)OCC(=O)N2CC3CC(CC2(C(F)=O)C3CC=C(C)C(=O)c2ccc(cc2)C(F)(F)F)c2ccn(C)c1)=C2 is invalid
15:39:28 <WARN> "general_cleanup" filter: Cc1cc(C)cc(C(=O)OCC(=O)N2CC3CC(CC2(C(F)=O)C3CC=C(C)C(=O)c2ccc(cc2)C(F)(F)F)c2ccn(C)c1)=C2 is invalid
15:39:28 <WARN> "general_cleanup" filter: Cc1cc(C)cc(C(=O)OCC(=O)N2CC3CC(CC2(C(F)=O)C3CC=C(C)C(=O)c2ccc(cc2)C(F)(F)F)c2ccn(C)c1)=C2 is invalid
15:39:28 <WARN> "get_largest_fragment" filter: COC(=O)C(CS)N1C=CC(=NC1=O)=NO is invalid
15:39:28 <WARN> "general_cleanup" filter: COC(=O)C(CS)N1C=CC(=NC1=O)=NO is invalid
15:39:28 <WARN> "general_cleanup" filter: COC(=O)C(CS)N1C=CC(=NC1=O)=NO is invalid
15:39:28 <WARN> "get_largest_fragment" filter: CC(=O)OC1C2C(CC3=CCC4(CNc5c(CC[N+]1(C)(C)CC)CCC(CC)(C5O)O3)4)OCc1ccccc1C2=O is invalid
15:39:28 <WARN> "general_cleanup" filter: CC(=O)OC1C2C(CC3=CCC4(CNc5c(CC[N+]1(C)(C)CC)CCC(CC)(C5O)O3)4)OCc1ccccc1C2=O is invalid
15:39:28 <WARN> "general_cleanup" filter: CC(=O)OC1C2C(CC3=CCC4(CNc5c(CC[N+]1(C)(C)CC)CCC(CC)(C5O)O3)4)OCc1ccccc1C2=O is invalid
15:39:28 <WARN> "get_largest_fragment" filter: CN(C)Cc1c(cc2ccc(cc2n1C)-c1ccnc2c(ns1)-c1ccc(cc1)C(C)(C)C)C=Cc1ccccc21 is invalid
15:39:28 <WARN> "general_cleanup" filter: CN(C)Cc1c(cc2ccc(cc2n1C)-c1ccnc2c(ns1)-c1ccc(cc1)C(C)(C)C)C=Cc1ccccc21 is invalid
15:39:28 <WARN> "general_cleanup" filter: CN(C)Cc1c(cc2ccc(cc2n1C)-c1ccnc2c(ns1)-c1ccc(cc1)C(C)(C)C)C=Cc1ccccc21 is invalid
15:39:28 <WARN> "get_largest_fragment" filter: CNCc1ccc2nc(c(SCCCCC(O)=O)c2c1)S(=O)(=O)N1CCN(CC1)c1ccccc1 is invalid
15:39:28 <WARN> "general_cleanup" filter: CNCc1ccc2nc(c(SCCCCC(O)=O)c2c1)S(=O)(=O)N1CCN(CC1)c1ccccc1 is invalid
15:39:28 <WARN> "general_cleanup" filter: CNCc1ccc2nc(c(SCCCCC(O)=O)c2c1)S(=O)(=O)N1CCN(CC1)c1ccccc1 is invalid
15:39:28 <WARN> "get_largest_fragment" filter: CN1CC23CCCC1C2(OCc1cnc4ccc(O)cc4cc1c23)c1ccncc1 is invalid
15:39:28 <WARN> "general_cleanup" filter: CN1CC23CCCC1C2(OCc1cnc4ccc(O)cc4cc1c23)c1ccncc1 is invalid
15:39:28 <WARN> "general_cleanup" filter: CN1CC23CCCC1C2(OCc1cnc4ccc(O)cc4cc1c23)c1ccncc1 is invalid
15:39:28 <WARN> "get_largest_fragment" filter: CN(CCC(=O)NCCc1c(O)ccc2C(=O)c3c(C)cccc3C1=O)c1cc3OCOc3c2c1C is invalid
15:39:28 <WARN> "general_cleanup" filter: CN(CCC(=O)NCCc1c(O)ccc2C(=O)c3c(C)cccc3C1=O)c1cc3OCOc3c2c1C is invalid
15:39:28 <WARN> "general_cleanup" filter: CN(CCC(=O)NCCc1c(O)ccc2C(=O)c3c(C)cccc3C1=O)c1cc3OCOc3c2c1C is invalid
15:39:28 <WARN> "get_largest_fragment" filter: Cc1ccc(-c2ccccc2Cl)c2nc(Cl)n(n12)C(O)=O is invalid
15:39:28 <WARN> "general_cleanup" filter: Cc1ccc(-c2ccccc2Cl)c2nc(Cl)n(n12)C(O)=O is invalid
15:39:28 <WARN> "general_cleanup" filter: Cc1ccc(-c2ccccc2Cl)c2nc(Cl)n(n12)C(O)=O is invalid
15:39:28 <WARN> "get_largest_fragment" filter: COc1c(C=O)c2C3=C(NN(Cc4cc5ccccc6)cccc4Cl)C(=O)cc(C)c3C(=O)c2c(O)c1OC is invalid
15:39:28 <WARN> "general_cleanup" filter: COc1c(C=O)c2C3=C(NN(Cc4cc5ccccc6)cccc4Cl)C(=O)cc(C)c3C(=O)c2c(O)c1OC is invalid
15:39:28 <WARN> "general_cleanup" filter: COc1c(C=O)c2C3=C(NN(Cc4cc5ccccc6)cccc4Cl)C(=O)cc(C)c3C(=O)c2c(O)c1OC is invalid
15:39:28 <WARN> "get_largest_fragment" filter: ONC(=O)c1ccc(O)c2nc(nc(N4CCC(C3)N3Cc4ccccc4CO3)c13)C(=O)N2 is invalid
15:39:28 <WARN> "general_cleanup" filter: ONC(=O)c1ccc(O)c2nc(nc(N4CCC(C3)N3Cc4ccccc4CO3)c13)C(=O)N2 is invalid
15:39:28 <WARN> "general_cleanup" filter: ONC(=O)c1ccc(O)c2nc(nc(N4CCC(C3)N3Cc4ccccc4CO3)c13)C(=O)N2 is invalid
15:39:28 <WARN> "get_largest_fragment" filter: CN(C)C1=Nc2nc(Nc3ccc(F)c(Cl)c3)c([nH]c2N1C)S(=O)(=O)c1cn(Cc2ccccc2)nn1 is invalid
15:39:28 <WARN> "general_cleanup" filter: CN(C)C1=Nc2nc(Nc3ccc(F)c(Cl)c3)c([nH]c2N1C)S(=O)(=O)c1cn(Cc2ccccc2)nn1 is invalid
15:39:28 <WARN> "general_cleanup" filter: CN(C)C1=Nc2nc(Nc3ccc(F)c(Cl)c3)c([nH]c2N1C)S(=O)(=O)c1cn(Cc2ccccc2)nn1 is invalid
15:39:28 <WARN> "get_largest_fragment" filter: CCN1N2C(=S)Nc3cc5cc(C)c(O)cc4c3C2=NC1=O is invalid
15:39:28 <WARN> "general_cleanup" filter: CCN1N2C(=S)Nc3cc5cc(C)c(O)cc4c3C2=NC1=O is invalid
15:39:28 <WARN> "general_cleanup" filter: CCN1N2C(=S)Nc3cc5cc(C)c(O)cc4c3C2=NC1=O is invalid
15:39:28 <WARN> "get_largest_fragment" filter: COc1cccc(C(Cc2ccccc2)N2CCN(CC)CC2)cc1Br is invalid
15:39:28 <WARN> "general_cleanup" filter: COc1cccc(C(Cc2ccccc2)N2CCN(CC)CC2)cc1Br is invalid
15:39:28 <WARN> "general_cleanup" filter: COc1cccc(C(Cc2ccccc2)N2CCN(CC)CC2)cc1Br is invalid
15:39:28 <WARN> "get_largest_fragment" filter: CC1CCC2(C)C(CCC3(C)C(CCC3(C)CCC=C5C)C(=O)CCC2(C)C)O1 is invalid
15:39:28 <WARN> "general_cleanup" filter: CC1CCC2(C)C(CCC3(C)C(CCC3(C)CCC=C5C)C(=O)CCC2(C)C)O1 is invalid
15:39:28 <WARN> "general_cleanup" filter: CC1CCC2(C)C(CCC3(C)C(CCC3(C)CCC=C5C)C(=O)CCC2(C)C)O1 is invalid
15:39:28 <WARN> "get_largest_fragment" filter: CCc1cn(CCCS(=O)(=O)c2ccccc2)cc2c1CCNC2 is invalid
15:39:28 <WARN> "general_cleanup" filter: CCc1cn(CCCS(=O)(=O)c2ccccc2)cc2c1CCNC2 is invalid
15:39:28 <WARN> "general_cleanup" filter: CCc1cn(CCCS(=O)(=O)c2ccccc2)cc2c1CCNC2 is invalid
15:39:28 <WARN> "get_largest_fragment" filter: COc1ccc(cc1C(C)C)C(=O)NC1C2CCCc3c(OCC(=O)NCCN4CCOCC4)ccc3C2CCCC1N(C)S(=O)(=O)c1ccccc1 is invalid
15:39:28 <WARN> "general_cleanup" filter: COc1ccc(cc1C(C)C)C(=O)NC1C2CCCc3c(OCC(=O)NCCN4CCOCC4)ccc3C2CCCC1N(C)S(=O)(=O)c1ccccc1 is invalid
15:39:28 <WARN> "general_cleanup" filter: COc1ccc(cc1C(C)C)C(=O)NC1C2CCCc3c(OCC(=O)NCCN4CCOCC4)ccc3C2CCCC1N(C)S(=O)(=O)c1ccccc1 is invalid
15:39:28 <WARN> "get_largest_fragment" filter: CC1CCC2C(CCc3cc(OCc4ccccc4)cc4ccc(O)c34)C(O)C(O)C=C3CCCC123 is invalid
15:39:28 <WARN> "general_cleanup" filter: CC1CCC2C(CCc3cc(OCc4ccccc4)cc4ccc(O)c34)C(O)C(O)C=C3CCCC123 is invalid
15:39:28 <WARN> "general_cleanup" filter: CC1CCC2C(CCc3cc(OCc4ccccc4)cc4ccc(O)c34)C(O)C(O)C=C3CCCC123 is invalid
15:39:28 <WARN> "get_largest_fragment" filter: CCN=C1Sc2ccc(cc2C=C1)-c1ccc3OCOc2cc1OC3(C)CCN2C(=O)CCC is invalid
15:39:28 <WARN> "general_cleanup" filter: CCN=C1Sc2ccc(cc2C=C1)-c1ccc3OCOc2cc1OC3(C)CCN2C(=O)CCC is invalid
15:39:28 <WARN> "general_cleanup" filter: CCN=C1Sc2ccc(cc2C=C1)-c1ccc3OCOc2cc1OC3(C)CCN2C(=O)CCC is invalid
15:39:28 <WARN> "get_largest_fragment" filter: CC(O)(OCC(C)(C)O is invalid
15:39:28 <WARN> "general_cleanup" filter: CC(O)(OCC(C)(C)O is invalid
15:39:28 <WARN> "general_cleanup" filter: CC(O)(OCC(C)(C)O is invalid
15:39:28 <WARN> "get_largest_fragment" filter: CON=C1OC23C1C(C(O)=O)c3ccc(O)cc21 is invalid
15:39:28 <WARN> "general_cleanup" filter: CON=C1OC23C1C(C(O)=O)c3ccc(O)cc21 is invalid
15:39:28 <WARN> "general_cleanup" filter: CON=C1OC23C1C(C(O)=O)c3ccc(O)cc21 is invalid
15:39:28 <WARN> "get_largest_fragment" filter: Clc1ccc(NS(=O)(=O)c2ccc(cc2)-n2ccc(n2)-c2cccc(c2)C(F)#N)nc1Cl is invalid
15:39:28 <WARN> "general_cleanup" filter: Clc1ccc(NS(=O)(=O)c2ccc(cc2)-n2ccc(n2)-c2cccc(c2)C(F)#N)nc1Cl is invalid
15:39:28 <WARN> "general_cleanup" filter: Clc1ccc(NS(=O)(=O)c2ccc(cc2)-n2ccc(n2)-c2cccc(c2)C(F)#N)nc1Cl is invalid
15:39:28 <WARN> "get_largest_fragment" filter: COCc1ccc(CCNC(=O)c2ccccc2S(=O)(=O)N2CCOCC2)cc(OC)c1 is invalid
15:39:28 <WARN> "general_cleanup" filter: COCc1ccc(CCNC(=O)c2ccccc2S(=O)(=O)N2CCOCC2)cc(OC)c1 is invalid
15:39:28 <WARN> "general_cleanup" filter: COCc1ccc(CCNC(=O)c2ccccc2S(=O)(=O)N2CCOCC2)cc(OC)c1 is invalid
15:39:28 <WARN> "get_largest_fragment" filter: Brc1ccc(cc1)-c1noCCCOc2cccc(c2)n1 is invalid
15:39:28 <WARN> "general_cleanup" filter: Brc1ccc(cc1)-c1noCCCOc2cccc(c2)n1 is invalid
15:39:28 <WARN> "general_cleanup" filter: Brc1ccc(cc1)-c1noCCCOc2cccc(c2)n1 is invalid
15:39:28 <WARN> "get_largest_fragment" filter: Cc1ccc(CNS(=O)(=O)c2ccc3n(C)c(C)cn3c2)c(C[n+]2ccc(Br)cc2C)c1 is invalid
15:39:28 <WARN> "general_cleanup" filter: Cc1ccc(CNS(=O)(=O)c2ccc3n(C)c(C)cn3c2)c(C[n+]2ccc(Br)cc2C)c1 is invalid
15:39:28 <WARN> "general_cleanup" filter: Cc1ccc(CNS(=O)(=O)c2ccc3n(C)c(C)cn3c2)c(C[n+]2ccc(Br)cc2C)c1 is invalid
15:39:28 <WARN> "get_largest_fragment" filter: Cc1cc2c(N1C(=O)CSc1nc3ccc(O)cc3sc2n1C)c1cccc(Cl)c1 is invalid
15:39:28 <WARN> "general_cleanup" filter: Cc1cc2c(N1C(=O)CSc1nc3ccc(O)cc3sc2n1C)c1cccc(Cl)c1 is invalid
15:39:28 <WARN> "general_cleanup" filter: Cc1cc2c(N1C(=O)CSc1nc3ccc(O)cc3sc2n1C)c1cccc(Cl)c1 is invalid
15:39:28 <WARN> "get_largest_fragment" filter: COc1cc(cc2nnc3cc(ccc23)C#Cc2cc(O)c(O)c(O)c12)C(O)=O is invalid
15:39:28 <WARN> "general_cleanup" filter: COc1cc(cc2nnc3cc(ccc23)C#Cc2cc(O)c(O)c(O)c12)C(O)=O is invalid
15:39:28 <WARN> "general_cleanup" filter: COc1cc(cc2nnc3cc(ccc23)C#Cc2cc(O)c(O)c(O)c12)C(O)=O is invalid
15:39:28 <WARN> "get_largest_fragment" filter: CCn1c(-c2ccccc2)n2c(C)c(C)c(C)nc12 is invalid
15:39:28 <WARN> "general_cleanup" filter: CCn1c(-c2ccccc2)n2c(C)c(C)c(C)nc12 is invalid
15:39:28 <WARN> "general_cleanup" filter: CCn1c(-c2ccccc2)n2c(C)c(C)c(C)nc12 is invalid
15:39:28 <WARN> "get_largest_fragment" filter: COC(=O)c1sc2N=CN(C(=O)c2n1CCC1CCOCCO1)c1ccc(F)cc1 is invalid
15:39:28 <WARN> "general_cleanup" filter: COC(=O)c1sc2N=CN(C(=O)c2n1CCC1CCOCCO1)c1ccc(F)cc1 is invalid
15:39:28 <WARN> "general_cleanup" filter: COC(=O)c1sc2N=CN(C(=O)c2n1CCC1CCOCCO1)c1ccc(F)cc1 is invalid
15:39:28 <WARN> "get_largest_fragment" filter: OC1(CCC23CCc4cc(O)cc6C(CC(C6=O)C(NC(=O)C(C)(C)C1O3)(C(=O)N2)c1cccc(O)c1)C(=O)C(F)(F)F)C(O)=O is invalid
15:39:28 <WARN> "general_cleanup" filter: OC1(CCC23CCc4cc(O)cc6C(CC(C6=O)C(NC(=O)C(C)(C)C1O3)(C(=O)N2)c1cccc(O)c1)C(=O)C(F)(F)F)C(O)=O is invalid
15:39:28 <WARN> "general_cleanup" filter: OC1(CCC23CCc4cc(O)cc6C(CC(C6=O)C(NC(=O)C(C)(C)C1O3)(C(=O)N2)c1cccc(O)c1)C(=O)C(F)(F)F)C(O)=O is invalid
15:39:28 <WARN> "get_largest_fragment" filter: CNC(C(=O)OCC(C)(C)C)c1ccc(cc1)S(=O)(=O)N1CC2C3CC4CC(=O)CCOC4CCC=C4C23OC(=O)C=C1 is invalid
15:39:28 <WARN> "general_cleanup" filter: CNC(C(=O)OCC(C)(C)C)c1ccc(cc1)S(=O)(=O)N1CC2C3CC4CC(=O)CCOC4CCC=C4C23OC(=O)C=C1 is invalid
15:39:28 <WARN> "general_cleanup" filter: CNC(C(=O)OCC(C)(C)C)c1ccc(cc1)S(=O)(=O)N1CC2C3CC4CC(=O)CCOC4CCC=C4C23OC(=O)C=C1 is invalid
15:39:28 <WARN> "get_largest_fragment" filter: COc1ccc2c(O)ccc3c3c(O)nc(C)c3nc(c2c1)C(=O)N(CC)CCCC3=O is invalid
15:39:28 <WARN> "general_cleanup" filter: COc1ccc2c(O)ccc3c3c(O)nc(C)c3nc(c2c1)C(=O)N(CC)CCCC3=O is invalid
15:39:28 <WARN> "general_cleanup" filter: COc1ccc2c(O)ccc3c3c(O)nc(C)c3nc(c2c1)C(=O)N(CC)CCCC3=O is invalid
15:39:28 <WARN> "get_largest_fragment" filter: OC1=C(C(=NCCNCc2cccs2)=C(N1)c1ccc(cc1)S(C)(=O)=O)C(C#N)c1ccccc1OC(F)(F)F is invalid
15:39:28 <WARN> "general_cleanup" filter: OC1=C(C(=NCCNCc2cccs2)=C(N1)c1ccc(cc1)S(C)(=O)=O)C(C#N)c1ccccc1OC(F)(F)F is invalid
15:39:28 <WARN> "general_cleanup" filter: OC1=C(C(=NCCNCc2cccs2)=C(N1)c1ccc(cc1)S(C)(=O)=O)C(C#N)c1ccccc1OC(F)(F)F is invalid
15:39:28 <WARN> "get_largest_fragment" filter: CC(C)(O)C(Br)CC=CC12C(O)C3C1C(=O)C2(C)C)C1CC(O1)C=C(C)CC35O[N+]([O-])=O is invalid
15:39:28 <WARN> "general_cleanup" filter: CC(C)(O)C(Br)CC=CC12C(O)C3C1C(=O)C2(C)C)C1CC(O1)C=C(C)CC35O[N+]([O-])=O is invalid
15:39:28 <WARN> "general_cleanup" filter: CC(C)(O)C(Br)CC=CC12C(O)C3C1C(=O)C2(C)C)C1CC(O1)C=C(C)CC35O[N+]([O-])=O is invalid
15:39:28 <WARN> "get_largest_fragment" filter: OCCCNc1ncnc(Nc2ccccc2Nc2cccc(Oc3cc4CCCCc4nc3c3)n2)c1 is invalid
15:39:28 <WARN> "general_cleanup" filter: OCCCNc1ncnc(Nc2ccccc2Nc2cccc(Oc3cc4CCCCc4nc3c3)n2)c1 is invalid
15:39:28 <WARN> "general_cleanup" filter: OCCCNc1ncnc(Nc2ccccc2Nc2cccc(Oc3cc4CCCCc4nc3c3)n2)c1 is invalid
15:39:28 <WARN> "get_largest_fragment" filter: Cc1ccc(cc1)C(=O)NC(=CC(C)c1ccccc1)c1nc(-c2cc(F)ccc2F)oc2CCCCc12 is invalid
15:39:28 <WARN> "general_cleanup" filter: Cc1ccc(cc1)C(=O)NC(=CC(C)c1ccccc1)c1nc(-c2cc(F)ccc2F)oc2CCCCc12 is invalid
15:39:28 <WARN> "general_cleanup" filter: Cc1ccc(cc1)C(=O)NC(=CC(C)c1ccccc1)c1nc(-c2cc(F)ccc2F)oc2CCCCc12 is invalid
15:39:28 <WARN> "get_largest_fragment" filter: CC(C)C(=O)OC1C(O)CC2(C)C1CCC1(C)C1CC3=CC2OC1=CC(=O)c1ccc(Cl)cc1 is invalid
15:39:28 <WARN> "general_cleanup" filter: CC(C)C(=O)OC1C(O)CC2(C)C1CCC1(C)C1CC3=CC2OC1=CC(=O)c1ccc(Cl)cc1 is invalid
15:39:28 <WARN> "general_cleanup" filter: CC(C)C(=O)OC1C(O)CC2(C)C1CCC1(C)C1CC3=CC2OC1=CC(=O)c1ccc(Cl)cc1 is invalid
15:39:28 <WARN> "get_largest_fragment" filter: CN(Cc1nc2cc(Br)co2)c2NC(C)(CCCc2n1)NC(=O)C1CCCC1 is invalid
15:39:28 <WARN> "general_cleanup" filter: CN(Cc1nc2cc(Br)co2)c2NC(C)(CCCc2n1)NC(=O)C1CCCC1 is invalid
15:39:28 <WARN> "general_cleanup" filter: CN(Cc1nc2cc(Br)co2)c2NC(C)(CCCc2n1)NC(=O)C1CCCC1 is invalid
15:39:28 <WARN> "get_largest_fragment" filter: Oc1c(cc2c(cc(OCCCN3CCCC(CC3)N3C=CC=CC=CC4=O)cc3)c(Cl)c12)NC#N is invalid
15:39:28 <WARN> "general_cleanup" filter: Oc1c(cc2c(cc(OCCCN3CCCC(CC3)N3C=CC=CC=CC4=O)cc3)c(Cl)c12)NC#N is invalid
15:39:28 <WARN> "general_cleanup" filter: Oc1c(cc2c(cc(OCCCN3CCCC(CC3)N3C=CC=CC=CC4=O)cc3)c(Cl)c12)NC#N is invalid
15:39:28 <WARN> "get_largest_fragment" filter: CC(Oc1nc-2c(Cc3ccccc-23)n[nH]1)C(=O)NCCc1ccc(Cl)cc1 is invalid
15:39:28 <WARN> "general_cleanup" filter: CC(Oc1nc-2c(Cc3ccccc-23)n[nH]1)C(=O)NCCc1ccc(Cl)cc1 is invalid
15:39:28 <WARN> "general_cleanup" filter: CC(Oc1nc-2c(Cc3ccccc-23)n[nH]1)C(=O)NCCc1ccc(Cl)cc1 is invalid
15:39:28 <WARN> "get_largest_fragment" filter: Cc1c(C)c2C(=O)c3c(OCC=C)cccc2c3c(Cl)cc1-c1cccc(c1)-c1cccc(Cl)c1 is invalid
15:39:28 <WARN> "general_cleanup" filter: Cc1c(C)c2C(=O)c3c(OCC=C)cccc2c3c(Cl)cc1-c1cccc(c1)-c1cccc(Cl)c1 is invalid
15:39:28 <WARN> "general_cleanup" filter: Cc1c(C)c2C(=O)c3c(OCC=C)cccc2c3c(Cl)cc1-c1cccc(c1)-c1cccc(Cl)c1 is invalid
15:39:28 <WARN> "get_largest_fragment" filter: Clc1ccc2nc3ccccc3n(Cc3ccccc3)c2c1 is invalid
15:39:28 <WARN> "general_cleanup" filter: Clc1ccc2nc3ccccc3n(Cc3ccccc3)c2c1 is invalid
15:39:28 <WARN> "general_cleanup" filter: Clc1ccc2nc3ccccc3n(Cc3ccccc3)c2c1 is invalid
15:39:28 <WARN> "get_largest_fragment" filter: CCOC(=O)C1=C(N=C2N=C(Oc3cc2C(=O)OCC)C(=O)N3CCCC1)N(=O)=O is invalid
15:39:28 <WARN> "general_cleanup" filter: CCOC(=O)C1=C(N=C2N=C(Oc3cc2C(=O)OCC)C(=O)N3CCCC1)N(=O)=O is invalid
15:39:28 <WARN> "general_cleanup" filter: CCOC(=O)C1=C(N=C2N=C(Oc3cc2C(=O)OCC)C(=O)N3CCCC1)N(=O)=O is invalid
15:39:28 <WARN> "get_largest_fragment" filter: CS(=O)(=O)N1CCC(CC1)NC(=O)c1cc2cc(Nc3ccc(cc4NC(=O)c3nc3ccccc3s2)C#N)c(F)c1 is invalid
15:39:28 <WARN> "general_cleanup" filter: CS(=O)(=O)N1CCC(CC1)NC(=O)c1cc2cc(Nc3ccc(cc4NC(=O)c3nc3ccccc3s2)C#N)c(F)c1 is invalid
15:39:28 <WARN> "general_cleanup" filter: CS(=O)(=O)N1CCC(CC1)NC(=O)c1cc2cc(Nc3ccc(cc4NC(=O)c3nc3ccccc3s2)C#N)c(F)c1 is invalid
15:39:28 <WARN> "get_largest_fragment" filter: CCc1cc(N)c(C#N)c(Nc(n1)C(F)(F)F)-c1ccccn1 is invalid
15:39:28 <WARN> "general_cleanup" filter: CCc1cc(N)c(C#N)c(Nc(n1)C(F)(F)F)-c1ccccn1 is invalid
15:39:28 <WARN> "general_cleanup" filter: CCc1cc(N)c(C#N)c(Nc(n1)C(F)(F)F)-c1ccccn1 is invalid
15:39:28 <WARN> "get_largest_fragment" filter: Cc1ccc2n(C)c(CN3CCCC3(C)N)c3ccccc3c2c1 is invalid
15:39:28 <WARN> "general_cleanup" filter: Cc1ccc2n(C)c(CN3CCCC3(C)N)c3ccccc3c2c1 is invalid
15:39:28 <WARN> "general_cleanup" filter: Cc1ccc2n(C)c(CN3CCCC3(C)N)c3ccccc3c2c1 is invalid
15:39:28 <WARN> "get_largest_fragment" filter: CCCCSc1nc-2c(CN(CC(C)C)CCc3ccccc2C1=O)c1cccc(OCC1=O)c1ccccc31 is invalid
15:39:28 <WARN> "general_cleanup" filter: CCCCSc1nc-2c(CN(CC(C)C)CCc3ccccc2C1=O)c1cccc(OCC1=O)c1ccccc31 is invalid
15:39:28 <WARN> "general_cleanup" filter: CCCCSc1nc-2c(CN(CC(C)C)CCc3ccccc2C1=O)c1cccc(OCC1=O)c1ccccc31 is invalid
15:39:28 <WARN> "get_largest_fragment" filter: COc1cc2CCC(NC(Cc3cccs3)C3CC3)c3ccc(cc34)N(Cc3ccccc3)Cc2cc1OCCOC is invalid
15:39:28 <WARN> "general_cleanup" filter: COc1cc2CCC(NC(Cc3cccs3)C3CC3)c3ccc(cc34)N(Cc3ccccc3)Cc2cc1OCCOC is invalid
15:39:28 <WARN> "general_cleanup" filter: COc1cc2CCC(NC(Cc3cccs3)C3CC3)c3ccc(cc34)N(Cc3ccccc3)Cc2cc1OCCOC is invalid
15:39:28 <WARN> "get_largest_fragment" filter: Fc1cccc(CN2C(=O)C(Cc3ccccc3)=Nc3sc(NS(=O)(=O)c4ccccc4)ccc23)c1 is invalid
15:39:28 <WARN> "general_cleanup" filter: Fc1cccc(CN2C(=O)C(Cc3ccccc3)=Nc3sc(NS(=O)(=O)c4ccccc4)ccc23)c1 is invalid
15:39:28 <WARN> "general_cleanup" filter: Fc1cccc(CN2C(=O)C(Cc3ccccc3)=Nc3sc(NS(=O)(=O)c4ccccc4)ccc23)c1 is invalid
15:39:28 <WARN> "get_largest_fragment" filter: OCc1ccc(s1)-c1nc-2c(CCc3c-n2c(C)cc(Br)c3-c2ccccc2)c1-c1ccc(Cl)o1 is invalid
15:39:28 <WARN> "general_cleanup" filter: OCc1ccc(s1)-c1nc-2c(CCc3c-n2c(C)cc(Br)c3-c2ccccc2)c1-c1ccc(Cl)o1 is invalid
15:39:28 <WARN> "general_cleanup" filter: OCc1ccc(s1)-c1nc-2c(CCc3c-n2c(C)cc(Br)c3-c2ccccc2)c1-c1ccc(Cl)o1 is invalid
15:39:28 <WARN> "get_largest_fragment" filter: Clc1ccc(OCCn2cc(c3nc(SCC(=O)Nc4cncon4)cc3F)cn2c1Oc1ccccc1)c1ccccc1 is invalid
15:39:28 <WARN> "general_cleanup" filter: Clc1ccc(OCCn2cc(c3nc(SCC(=O)Nc4cncon4)cc3F)cn2c1Oc1ccccc1)c1ccccc1 is invalid
15:39:28 <WARN> "general_cleanup" filter: Clc1ccc(OCCn2cc(c3nc(SCC(=O)Nc4cncon4)cc3F)cn2c1Oc1ccccc1)c1ccccc1 is invalid
15:39:28 <WARN> "get_largest_fragment" filter: CC1=OC(CC(=O)C=Cc2ccco2)C(=O)C1(C)C is invalid
15:39:28 <WARN> "general_cleanup" filter: CC1=OC(CC(=O)C=Cc2ccco2)C(=O)C1(C)C is invalid
15:39:28 <WARN> "general_cleanup" filter: CC1=OC(CC(=O)C=Cc2ccco2)C(=O)C1(C)C is invalid
15:39:28 <WARN> "get_largest_fragment" filter: Cc1cnn(-c2ccc3N(CC(c23)N(CCCC(=O)NC2CCCCC2)C(N)=O)C(=O)C2CC2)c1C#N is invalid
15:39:28 <WARN> "general_cleanup" filter: Cc1cnn(-c2ccc3N(CC(c23)N(CCCC(=O)NC2CCCCC2)C(N)=O)C(=O)C2CC2)c1C#N is invalid
15:39:28 <WARN> "general_cleanup" filter: Cc1cnn(-c2ccc3N(CC(c23)N(CCCC(=O)NC2CCCCC2)C(N)=O)C(=O)C2CC2)c1C#N is invalid
15:39:28 <WARN> "get_largest_fragment" filter: OC1=Nc2nccc(-c3ccc(cc3)N(=O)=O)n2-c2ccccc12 is invalid
15:39:28 <WARN> "general_cleanup" filter: OC1=Nc2nccc(-c3ccc(cc3)N(=O)=O)n2-c2ccccc12 is invalid
15:39:28 <WARN> "general_cleanup" filter: OC1=Nc2nccc(-c3ccc(cc3)N(=O)=O)n2-c2ccccc12 is invalid
15:39:28 <WARN> "get_largest_fragment" filter: CC(O)C1C2C(CN3CSC4=N2)C2CC(CC3C2Oc2cc(O)c(O)cc34)c2C1=O is invalid
15:39:28 <WARN> "general_cleanup" filter: CC(O)C1C2C(CN3CSC4=N2)C2CC(CC3C2Oc2cc(O)c(O)cc34)c2C1=O is invalid
15:39:28 <WARN> "general_cleanup" filter: CC(O)C1C2C(CN3CSC4=N2)C2CC(CC3C2Oc2cc(O)c(O)cc34)c2C1=O is invalid
15:39:28 <WARN> "get_largest_fragment" filter: CCc1ccc2nc4ccccc3n(CCCc4ccccc4)c2c1 is invalid
15:39:28 <WARN> "general_cleanup" filter: CCc1ccc2nc4ccccc3n(CCCc4ccccc4)c2c1 is invalid
15:39:28 <WARN> "general_cleanup" filter: CCc1ccc2nc4ccccc3n(CCCc4ccccc4)c2c1 is invalid
15:39:28 <WARN> "get_largest_fragment" filter: COc1ccc2C=C(CC(Nc3ccc(Cl)c(Cl)c3)C(=O)NCC(C)C)C3c4c(OCC=CC(O)C6OCCO5)cc(OC)c(OC)c4OC3c2c1 is invalid
15:39:28 <WARN> "general_cleanup" filter: COc1ccc2C=C(CC(Nc3ccc(Cl)c(Cl)c3)C(=O)NCC(C)C)C3c4c(OCC=CC(O)C6OCCO5)cc(OC)c(OC)c4OC3c2c1 is invalid
15:39:28 <WARN> "general_cleanup" filter: COc1ccc2C=C(CC(Nc3ccc(Cl)c(Cl)c3)C(=O)NCC(C)C)C3c4c(OCC=CC(O)C6OCCO5)cc(OC)c(OC)c4OC3c2c1 is invalid
15:39:28 <WARN> "get_largest_fragment" filter: NC(=O)COC(=O)C1=CC(=O)Nc2ccc(cc12)Nc1c(C(=O)Nc2ccncc2)c2cc(OCc3ccccc3)ccnc12 is invalid
15:39:28 <WARN> "general_cleanup" filter: NC(=O)COC(=O)C1=CC(=O)Nc2ccc(cc12)Nc1c(C(=O)Nc2ccncc2)c2cc(OCc3ccccc3)ccnc12 is invalid
15:39:28 <WARN> "general_cleanup" filter: NC(=O)COC(=O)C1=CC(=O)Nc2ccc(cc12)Nc1c(C(=O)Nc2ccncc2)c2cc(OCc3ccccc3)ccnc12 is invalid
15:39:28 <WARN> "get_largest_fragment" filter: Cn1ccc2ccc(C=C3C(=O)NN=C3SSC1=O)c1cccc-3c2c1Cc1ccccc1OC3=O is invalid
15:39:28 <WARN> "general_cleanup" filter: Cn1ccc2ccc(C=C3C(=O)NN=C3SSC1=O)c1cccc-3c2c1Cc1ccccc1OC3=O is invalid
15:39:28 <WARN> "general_cleanup" filter: Cn1ccc2ccc(C=C3C(=O)NN=C3SSC1=O)c1cccc-3c2c1Cc1ccccc1OC3=O is invalid
15:39:28 <WARN> "get_largest_fragment" filter: C11C(N(CCc2ccccc2)CCc2ccccc12)c1ccccc1 is invalid
15:39:28 <WARN> "general_cleanup" filter: C11C(N(CCc2ccccc2)CCc2ccccc12)c1ccccc1 is invalid
15:39:28 <WARN> "general_cleanup" filter: C11C(N(CCc2ccccc2)CCc2ccccc12)c1ccccc1 is invalid
15:39:28 <WARN> "get_largest_fragment" filter: CCc1nnn2c3CCC(N(CC(=O)N4CCCc4sccc4C)-c4c(Cl)c(OC)c(OC)cc4Cl)C(=O)C3=Cc12 is invalid
15:39:28 <WARN> "general_cleanup" filter: CCc1nnn2c3CCC(N(CC(=O)N4CCCc4sccc4C)-c4c(Cl)c(OC)c(OC)cc4Cl)C(=O)C3=Cc12 is invalid
15:39:28 <WARN> "general_cleanup" filter: CCc1nnn2c3CCC(N(CC(=O)N4CCCc4sccc4C)-c4c(Cl)c(OC)c(OC)cc4Cl)C(=O)C3=Cc12 is invalid
15:39:28 <WARN> "get_largest_fragment" filter: CSc1ccc(NC(=S)NC2CCOc3ncnc4ccnc3C2)cc1 is invalid
15:39:28 <WARN> "general_cleanup" filter: CSc1ccc(NC(=S)NC2CCOc3ncnc4ccnc3C2)cc1 is invalid
15:39:28 <WARN> "general_cleanup" filter: CSc1ccc(NC(=S)NC2CCOc3ncnc4ccnc3C2)cc1 is invalid
15:39:28 <WARN> "get_largest_fragment" filter: Cc1ccc(CC2CN3C(=CC(CS4(=O)c4ccccc4)CC3)C2=O)cc1 is invalid
15:39:28 <WARN> "general_cleanup" filter: Cc1ccc(CC2CN3C(=CC(CS4(=O)c4ccccc4)CC3)C2=O)cc1 is invalid
15:39:28 <WARN> "general_cleanup" filter: Cc1ccc(CC2CN3C(=CC(CS4(=O)c4ccccc4)CC3)C2=O)cc1 is invalid
15:39:28 <WARN> "get_largest_fragment" filter: CN(Cc1ccc(cc1)-c1n[nH]c(n1)-c1conc2cnc(Nc3ccc(Cl)cc3)nc12)C(=O)N(C)S(C)(=O)=O is invalid
15:39:28 <WARN> "general_cleanup" filter: CN(Cc1ccc(cc1)-c1n[nH]c(n1)-c1conc2cnc(Nc3ccc(Cl)cc3)nc12)C(=O)N(C)S(C)(=O)=O is invalid
15:39:28 <WARN> "general_cleanup" filter: CN(Cc1ccc(cc1)-c1n[nH]c(n1)-c1conc2cnc(Nc3ccc(Cl)cc3)nc12)C(=O)N(C)S(C)(=O)=O is invalid
15:39:28 <WARN> "get_largest_fragment" filter: CC(=O)c1c2CCCCc2sc1n1nc(COc2ccccc2)n1 is invalid
15:39:28 <WARN> "general_cleanup" filter: CC(=O)c1c2CCCCc2sc1n1nc(COc2ccccc2)n1 is invalid
15:39:28 <WARN> "general_cleanup" filter: CC(=O)c1c2CCCCc2sc1n1nc(COc2ccccc2)n1 is invalid
15:39:28 <WARN> "get_largest_fragment" filter: CN1CCC21Cc1cc(nc(N)n1)C(=O)N(c1ncc(Cl)cc1Cl)c1cccs21 is invalid
15:39:28 <WARN> "general_cleanup" filter: CN1CCC21Cc1cc(nc(N)n1)C(=O)N(c1ncc(Cl)cc1Cl)c1cccs21 is invalid
15:39:28 <WARN> "general_cleanup" filter: CN1CCC21Cc1cc(nc(N)n1)C(=O)N(c1ncc(Cl)cc1Cl)c1cccs21 is invalid
15:39:28 <WARN> "get_largest_fragment" filter: Cc1nc2N(Cc3ccccc3F)C=C(C3CN(CC3)C(=O)C3CCN(Cc4nn[nH]n4)C3)S2(=O)=O is invalid
15:39:28 <WARN> "general_cleanup" filter: Cc1nc2N(Cc3ccccc3F)C=C(C3CN(CC3)C(=O)C3CCN(Cc4nn[nH]n4)C3)S2(=O)=O is invalid
15:39:28 <WARN> "general_cleanup" filter: Cc1nc2N(Cc3ccccc3F)C=C(C3CN(CC3)C(=O)C3CCN(Cc4nn[nH]n4)C3)S2(=O)=O is invalid
15:39:28 <WARN> "get_largest_fragment" filter: Cc1cc(C)c(OCC2=OCCC(C2)C(=O)c2cccc(F)c2)c(c1)-c1ccc2OCOc2c1 is invalid
15:39:28 <WARN> "general_cleanup" filter: Cc1cc(C)c(OCC2=OCCC(C2)C(=O)c2cccc(F)c2)c(c1)-c1ccc2OCOc2c1 is invalid
15:39:28 <WARN> "general_cleanup" filter: Cc1cc(C)c(OCC2=OCCC(C2)C(=O)c2cccc(F)c2)c(c1)-c1ccc2OCOc2c1 is invalid
15:39:28 <WARN> "get_largest_fragment" filter: CC1(CO)CCCC2(C)C3CC(O)C4(O)CCC3(C)C2(O)CC1 is invalid
15:39:28 <WARN> "general_cleanup" filter: CC1(CO)CCCC2(C)C3CC(O)C4(O)CCC3(C)C2(O)CC1 is invalid
15:39:28 <WARN> "general_cleanup" filter: CC1(CO)CCCC2(C)C3CC(O)C4(O)CCC3(C)C2(O)CC1 is invalid
15:39:28 <WARN> "get_largest_fragment" filter: COc1cccs1Cc1nnc(s1)S(=O)(=O)Nc1nccs1 is invalid
15:39:28 <WARN> "general_cleanup" filter: COc1cccs1Cc1nnc(s1)S(=O)(=O)Nc1nccs1 is invalid
15:39:28 <WARN> "general_cleanup" filter: COc1cccs1Cc1nnc(s1)S(=O)(=O)Nc1nccs1 is invalid
15:39:28 <WARN> "get_largest_fragment" filter: CC1(C)C2(C)CC3(O2)C(Cl)=C(O)c2ccc(O)cc3C1=O is invalid
15:39:28 <WARN> "general_cleanup" filter: CC1(C)C2(C)CC3(O2)C(Cl)=C(O)c2ccc(O)cc3C1=O is invalid
15:39:28 <WARN> "general_cleanup" filter: CC1(C)C2(C)CC3(O2)C(Cl)=C(O)c2ccc(O)cc3C1=O is invalid
15:39:28 <WARN> "get_largest_fragment" filter: Cc1ccc(F)c(c1)N1C(=O)c2cc3c(cc(cc3[nH]2)N2CCNCC2CO)C2=C(C(O)=O)C(=O)c3cccc-3c2C13 is invalid
15:39:28 <WARN> "general_cleanup" filter: Cc1ccc(F)c(c1)N1C(=O)c2cc3c(cc(cc3[nH]2)N2CCNCC2CO)C2=C(C(O)=O)C(=O)c3cccc-3c2C13 is invalid
15:39:28 <WARN> "general_cleanup" filter: Cc1ccc(F)c(c1)N1C(=O)c2cc3c(cc(cc3[nH]2)N2CCNCC2CO)C2=C(C(O)=O)C(=O)c3cccc-3c2C13 is invalid
15:39:28 <WARN> "get_largest_fragment" filter: CCCC(=O)Nc1ccc2OCCOCCOCCOCCOCCOCCOCCOc12 is invalid
15:39:28 <WARN> "general_cleanup" filter: CCCC(=O)Nc1ccc2OCCOCCOCCOCCOCCOCCOCCOc12 is invalid
15:39:28 <WARN> "general_cleanup" filter: CCCC(=O)Nc1ccc2OCCOCCOCCOCCOCCOCCOCCOc12 is invalid
15:39:28 <WARN> "get_largest_fragment" filter: COc1cc(OC)c2nc(SCc3cc(OC)c(OC)c(OC)c3)nc2c1 is invalid
15:39:28 <WARN> "general_cleanup" filter: COc1cc(OC)c2nc(SCc3cc(OC)c(OC)c(OC)c3)nc2c1 is invalid
15:39:28 <WARN> "general_cleanup" filter: COc1cc(OC)c2nc(SCc3cc(OC)c(OC)c(OC)c3)nc2c1 is invalid
15:39:28 <WARN> "get_largest_fragment" filter: [O-]n1c(NN=CC(F)(F)F)nnCc1ccccc1 is invalid
15:39:28 <WARN> "general_cleanup" filter: [O-]n1c(NN=CC(F)(F)F)nnCc1ccccc1 is invalid
15:39:28 <WARN> "general_cleanup" filter: [O-]n1c(NN=CC(F)(F)F)nnCc1ccccc1 is invalid
15:39:28 <WARN> "get_largest_fragment" filter: O=[N+]1=CC=CN(c2ccccc2)C1 is invalid
15:39:28 <WARN> "general_cleanup" filter: O=[N+]1=CC=CN(c2ccccc2)C1 is invalid
15:39:28 <WARN> "general_cleanup" filter: O=[N+]1=CC=CN(c2ccccc2)C1 is invalid
15:39:28 <WARN> "get_largest_fragment" filter: NC(NCC1CCCN(Cc2cnn(CC(O)=O)c2N)=C1)c1ccc2CCCCC(=O)c2c1 is invalid
15:39:28 <WARN> "general_cleanup" filter: NC(NCC1CCCN(Cc2cnn(CC(O)=O)c2N)=C1)c1ccc2CCCCC(=O)c2c1 is invalid
15:39:28 <WARN> "general_cleanup" filter: NC(NCC1CCCN(Cc2cnn(CC(O)=O)c2N)=C1)c1ccc2CCCCC(=O)c2c1 is invalid
15:39:28 <WARN> "get_largest_fragment" filter: OC1(CCC=C(C(O)=O)C1)c1cc2c(OCc3ccc(Cl)cc3)cccc2c1O is invalid
15:39:28 <WARN> "general_cleanup" filter: OC1(CCC=C(C(O)=O)C1)c1cc2c(OCc3ccc(Cl)cc3)cccc2c1O is invalid
15:39:28 <WARN> "general_cleanup" filter: OC1(CCC=C(C(O)=O)C1)c1cc2c(OCc3ccc(Cl)cc3)cccc2c1O is invalid
15:39:28 <WARN> "get_largest_fragment" filter: Fc1ccc(cc1)N1c2nc(NCc3nnc(-c4ccncc4)n3CCCCCC3CCCO2)sc3CCCCCc2nc3ccccc3c12 is invalid
15:39:28 <WARN> "general_cleanup" filter: Fc1ccc(cc1)N1c2nc(NCc3nnc(-c4ccncc4)n3CCCCCC3CCCO2)sc3CCCCCc2nc3ccccc3c12 is invalid
15:39:28 <WARN> "general_cleanup" filter: Fc1ccc(cc1)N1c2nc(NCc3nnc(-c4ccncc4)n3CCCCCC3CCCO2)sc3CCCCCc2nc3ccccc3c12 is invalid
15:39:28 <WARN> "get_largest_fragment" filter: Cn1c(c2CCCn3nc(nc3-c12)-c1ccc(Cl)c(Cl)c1)C(=O)NC1CCCCC1 is invalid
15:39:28 <WARN> "general_cleanup" filter: Cn1c(c2CCCn3nc(nc3-c12)-c1ccc(Cl)c(Cl)c1)C(=O)NC1CCCCC1 is invalid
15:39:28 <WARN> "general_cleanup" filter: Cn1c(c2CCCn3nc(nc3-c12)-c1ccc(Cl)c(Cl)c1)C(=O)NC1CCCCC1 is invalid
15:39:28 <WARN> "get_largest_fragment" filter: CC(=O)Nc1ccc2cc3CCNCCc3c(N)n2c1 is invalid
15:39:28 <WARN> "general_cleanup" filter: CC(=O)Nc1ccc2cc3CCNCCc3c(N)n2c1 is invalid
15:39:28 <WARN> "general_cleanup" filter: CC(=O)Nc1ccc2cc3CCNCCc3c(N)n2c1 is invalid
15:39:28 <WARN> "get_largest_fragment" filter: FC(F)(F)c1cccc(NC(=O)N2CCCC(Oc3ccc4ncnn4cc3C2)C(=O)Nc2ccccc2)c1 is invalid
15:39:28 <WARN> "general_cleanup" filter: FC(F)(F)c1cccc(NC(=O)N2CCCC(Oc3ccc4ncnn4cc3C2)C(=O)Nc2ccccc2)c1 is invalid
15:39:28 <WARN> "general_cleanup" filter: FC(F)(F)c1cccc(NC(=O)N2CCCC(Oc3ccc4ncnn4cc3C2)C(=O)Nc2ccccc2)c1 is invalid
15:39:28 <WARN> "get_largest_fragment" filter: Fc1ccc(cc1)C1CC(=O)CC2(CC1Oc1ccc(C#N)c(c1)C#N)N2 is invalid
15:39:28 <WARN> "general_cleanup" filter: Fc1ccc(cc1)C1CC(=O)CC2(CC1Oc1ccc(C#N)c(c1)C#N)N2 is invalid
15:39:28 <WARN> "general_cleanup" filter: Fc1ccc(cc1)C1CC(=O)CC2(CC1Oc1ccc(C#N)c(c1)C#N)N2 is invalid
15:39:28 <WARN> "get_largest_fragment" filter: CC(C)CC(C)C1CCS(=O)(=O)CCCC(C)=NOCCCO is invalid
15:39:28 <WARN> "general_cleanup" filter: CC(C)CC(C)C1CCS(=O)(=O)CCCC(C)=NOCCCO is invalid
15:39:28 <WARN> "general_cleanup" filter: CC(C)CC(C)C1CCS(=O)(=O)CCCC(C)=NOCCCO is invalid
15:39:28 <WARN> "get_largest_fragment" filter: C1Cc2ccc3C4CCCCC4(CCCN34)c2c1 is invalid
15:39:28 <WARN> "general_cleanup" filter: C1Cc2ccc3C4CCCCC4(CCCN34)c2c1 is invalid
15:39:28 <WARN> "general_cleanup" filter: C1Cc2ccc3C4CCCCC4(CCCN34)c2c1 is invalid
15:39:28 <WARN> "get_largest_fragment" filter: Clc1ccc(c(NC(=O)c2nc3CCCn3c2C#N)C#N)n1 is invalid
15:39:28 <WARN> "general_cleanup" filter: Clc1ccc(c(NC(=O)c2nc3CCCn3c2C#N)C#N)n1 is invalid
15:39:28 <WARN> "general_cleanup" filter: Clc1ccc(c(NC(=O)c2nc3CCCn3c2C#N)C#N)n1 is invalid
15:39:28 <WARN> "get_largest_fragment" filter: Cc1nc(Nc2ccc(C)c(Cl)c2)c(C)n(n1)-c1ccc(Cl)cc1 is invalid
15:39:28 <WARN> "general_cleanup" filter: Cc1nc(Nc2ccc(C)c(Cl)c2)c(C)n(n1)-c1ccc(Cl)cc1 is invalid
15:39:28 <WARN> "general_cleanup" filter: Cc1nc(Nc2ccc(C)c(Cl)c2)c(C)n(n1)-c1ccc(Cl)cc1 is invalid
15:39:28 <WARN> "get_largest_fragment" filter: CC1(C)C23CCc4cc(O)c(O)c(OCc5ccccc4)c3C2(O)C1O is invalid
15:39:28 <WARN> "general_cleanup" filter: CC1(C)C23CCc4cc(O)c(O)c(OCc5ccccc4)c3C2(O)C1O is invalid
15:39:28 <WARN> "general_cleanup" filter: CC1(C)C23CCc4cc(O)c(O)c(OCc5ccccc4)c3C2(O)C1O is invalid
15:39:28 <WARN> "get_largest_fragment" filter: Brc1ccc(OC2=CC(=O)NC(=S)N23)cc1 is invalid
15:39:28 <WARN> "general_cleanup" filter: Brc1ccc(OC2=CC(=O)NC(=S)N23)cc1 is invalid
15:39:28 <WARN> "general_cleanup" filter: Brc1ccc(OC2=CC(=O)NC(=S)N23)cc1 is invalid
15:39:28 <WARN> "get_largest_fragment" filter: Cn1c(Nc2ccccc2)nc2c3ccnc3nc3ccccc3n12 is invalid
15:39:28 <WARN> "general_cleanup" filter: Cn1c(Nc2ccccc2)nc2c3ccnc3nc3ccccc3n12 is invalid
15:39:28 <WARN> "general_cleanup" filter: Cn1c(Nc2ccccc2)nc2c3ccnc3nc3ccccc3n12 is invalid
15:39:28 <WARN> "get_largest_fragment" filter: Oc1cccc(Nc2nccc(-c3ccc(cc3)S(=O)(=O)C(Br)=C3N)cc12)C(=O)Nc1cccc(NC(=O)CN3c2ccc(Cl)cc2)cc1 is invalid
15:39:28 <WARN> "general_cleanup" filter: Oc1cccc(Nc2nccc(-c3ccc(cc3)S(=O)(=O)C(Br)=C3N)cc12)C(=O)Nc1cccc(NC(=O)CN3c2ccc(Cl)cc2)cc1 is invalid
15:39:28 <WARN> "general_cleanup" filter: Oc1cccc(Nc2nccc(-c3ccc(cc3)S(=O)(=O)C(Br)=C3N)cc12)C(=O)Nc1cccc(NC(=O)CN3c2ccc(Cl)cc2)cc1 is invalid
15:39:28 <WARN> "get_largest_fragment" filter: CN1c2ncn(CC3CC(=O)NC3=O)c2C(=O)N(CC=C(C)CCCCCCC(=O)OCC)=C1C is invalid
15:39:28 <WARN> "general_cleanup" filter: CN1c2ncn(CC3CC(=O)NC3=O)c2C(=O)N(CC=C(C)CCCCCCC(=O)OCC)=C1C is invalid
15:39:28 <WARN> "general_cleanup" filter: CN1c2ncn(CC3CC(=O)NC3=O)c2C(=O)N(CC=C(C)CCCCCCC(=O)OCC)=C1C is invalid
15:39:28 <WARN> "get_largest_fragment" filter: CCOC(=O)C12=C3SC(=CN3C2=C1C(=O)c1c(Cl)cccc1Cl)c1cc(Cl)c(Cl)cc1Br is invalid
15:39:28 <WARN> "general_cleanup" filter: CCOC(=O)C12=C3SC(=CN3C2=C1C(=O)c1c(Cl)cccc1Cl)c1cc(Cl)c(Cl)cc1Br is invalid
15:39:28 <WARN> "general_cleanup" filter: CCOC(=O)C12=C3SC(=CN3C2=C1C(=O)c1c(Cl)cccc1Cl)c1cc(Cl)c(Cl)cc1Br is invalid
15:39:28 <WARN> "get_largest_fragment" filter: COc1ccc2CCN(C2COc2cc(Br)c(OC)c(OC)c2)c1 is invalid
15:39:28 <WARN> "general_cleanup" filter: COc1ccc2CCN(C2COc2cc(Br)c(OC)c(OC)c2)c1 is invalid
15:39:28 <WARN> "general_cleanup" filter: COc1ccc2CCN(C2COc2cc(Br)c(OC)c(OC)c2)c1 is invalid
15:39:28 <WARN> "get_largest_fragment" filter: CC(C)c1csc(Sc2nnc3SCCOc23)s1 is invalid
15:39:28 <WARN> "general_cleanup" filter: CC(C)c1csc(Sc2nnc3SCCOc23)s1 is invalid
15:39:28 <WARN> "general_cleanup" filter: CC(C)c1csc(Sc2nnc3SCCOc23)s1 is invalid
15:39:28 <WARN> "get_largest_fragment" filter: CCOC(=O)N1c2nc[nH]cc2-c2nnn(CC3=NCCC3)c2C1=O is invalid
15:39:28 <WARN> "general_cleanup" filter: CCOC(=O)N1c2nc[nH]cc2-c2nnn(CC3=NCCC3)c2C1=O is invalid
15:39:28 <WARN> "general_cleanup" filter: CCOC(=O)N1c2nc[nH]cc2-c2nnn(CC3=NCCC3)c2C1=O is invalid
15:39:28 <WARN> "get_largest_fragment" filter: COCCNC(=O)C1CCCN(C1)S(=O)(=O)c1ccc2c(NC(C)=O)c3c(nc(n3o1)C2=O)-c1cccs1 is invalid
15:39:28 <WARN> "general_cleanup" filter: COCCNC(=O)C1CCCN(C1)S(=O)(=O)c1ccc2c(NC(C)=O)c3c(nc(n3o1)C2=O)-c1cccs1 is invalid
15:39:28 <WARN> "general_cleanup" filter: COCCNC(=O)C1CCCN(C1)S(=O)(=O)c1ccc2c(NC(C)=O)c3c(nc(n3o1)C2=O)-c1cccs1 is invalid
15:39:28 <WARN> "get_largest_fragment" filter: Fc1ccccc1S(=O)(=O)N1CCc2ccc3cccc(O1)c23 is invalid
15:39:28 <WARN> "general_cleanup" filter: Fc1ccccc1S(=O)(=O)N1CCc2ccc3cccc(O1)c23 is invalid
15:39:28 <WARN> "general_cleanup" filter: Fc1ccccc1S(=O)(=O)N1CCc2ccc3cccc(O1)c23 is invalid
15:39:28 <WARN> "get_largest_fragment" filter: CCCc1nc2c(C#N)c(sc2n1)C(=O)NCc1ccccn1 is invalid
15:39:28 <WARN> "general_cleanup" filter: CCCc1nc2c(C#N)c(sc2n1)C(=O)NCc1ccccn1 is invalid
15:39:28 <WARN> "general_cleanup" filter: CCCc1nc2c(C#N)c(sc2n1)C(=O)NCc1ccccn1 is invalid
15:39:28 <WARN> "get_largest_fragment" filter: COc1cc(cc(OC)c1OC)C(CCCCCCCNC(=O)c1cc(C)no1)ON=N(C)C1CCOCC1 is invalid
15:39:28 <WARN> "general_cleanup" filter: COc1cc(cc(OC)c1OC)C(CCCCCCCNC(=O)c1cc(C)no1)ON=N(C)C1CCOCC1 is invalid
15:39:28 <WARN> "general_cleanup" filter: COc1cc(cc(OC)c1OC)C(CCCCCCCNC(=O)c1cc(C)no1)ON=N(C)C1CCOCC1 is invalid
15:39:28 <WARN> "get_largest_fragment" filter: CCCCC1C(CCC2(C)C2CC(OC1=O)C(CCNC(C)=O)C(=O)OC1CCOC(C)(C)C1)OC(C)=O is invalid
15:39:28 <WARN> "general_cleanup" filter: CCCCC1C(CCC2(C)C2CC(OC1=O)C(CCNC(C)=O)C(=O)OC1CCOC(C)(C)C1)OC(C)=O is invalid
15:39:28 <WARN> "general_cleanup" filter: CCCCC1C(CCC2(C)C2CC(OC1=O)C(CCNC(C)=O)C(=O)OC1CCOC(C)(C)C1)OC(C)=O is invalid
15:39:28 <WARN> "get_largest_fragment" filter: CC1=Cc2cc(O)ccc2C(=C1)c1cccc(OC(=CCC(=O)NO)C(=O)C=C(O)C1=O)c1ccccc1 is invalid
15:39:28 <WARN> "general_cleanup" filter: CC1=Cc2cc(O)ccc2C(=C1)c1cccc(OC(=CCC(=O)NO)C(=O)C=C(O)C1=O)c1ccccc1 is invalid
15:39:28 <WARN> "general_cleanup" filter: CC1=Cc2cc(O)ccc2C(=C1)c1cccc(OC(=CCC(=O)NO)C(=O)C=C(O)C1=O)c1ccccc1 is invalid
15:39:28 <WARN> "get_largest_fragment" filter: Nc1[nH]nc2nc3-c4ccccc4C(=O)c3c2N1 is invalid
15:39:28 <WARN> "general_cleanup" filter: Nc1[nH]nc2nc3-c4ccccc4C(=O)c3c2N1 is invalid
15:39:28 <WARN> "general_cleanup" filter: Nc1[nH]nc2nc3-c4ccccc4C(=O)c3c2N1 is invalid
15:39:28 <WARN> "get_largest_fragment" filter: COc1cccc(c1)-c1cc2C(CN3CCC(F)CC3)C3SC(=O)NC(C)Cn2c2nc13 is invalid
15:39:28 <WARN> "general_cleanup" filter: COc1cccc(c1)-c1cc2C(CN3CCC(F)CC3)C3SC(=O)NC(C)Cn2c2nc13 is invalid
15:39:28 <WARN> "general_cleanup" filter: COc1cccc(c1)-c1cc2C(CN3CCC(F)CC3)C3SC(=O)NC(C)Cn2c2nc13 is invalid
15:39:28 <WARN> "get_largest_fragment" filter: CN1CCc2cn(C3CC(N)C3)c3ccc(c12)C(O)=O is invalid
15:39:28 <WARN> "general_cleanup" filter: CN1CCc2cn(C3CC(N)C3)c3ccc(c12)C(O)=O is invalid
15:39:28 <WARN> "general_cleanup" filter: CN1CCc2cn(C3CC(N)C3)c3ccc(c12)C(O)=O is invalid
15:39:28 <WARN> "get_largest_fragment" filter: COc1cc2c(OC3CNC(=S)NN3)n(C)c3cc(OC)ccc3c2cc1O is invalid
15:39:28 <WARN> "general_cleanup" filter: COc1cc2c(OC3CNC(=S)NN3)n(C)c3cc(OC)ccc3c2cc1O is invalid
15:39:28 <WARN> "general_cleanup" filter: COc1cc2c(OC3CNC(=S)NN3)n(C)c3cc(OC)ccc3c2cc1O is invalid
15:39:28 <WARN> "get_largest_fragment" filter: Cc1coc(CNC(=O)c2nn3c(cnc3c2)-c2ccccc2)o1 is invalid
15:39:28 <WARN> "general_cleanup" filter: Cc1coc(CNC(=O)c2nn3c(cnc3c2)-c2ccccc2)o1 is invalid
15:39:28 <WARN> "general_cleanup" filter: Cc1coc(CNC(=O)c2nn3c(cnc3c2)-c2ccccc2)o1 is invalid
15:39:28 <WARN> "get_largest_fragment" filter: CC(=C)C1CCC2C3C(CCc4cscn3)C(C3CCC23C1)C(O)C(Cc1ccc(O)c(O)c1)C(O)=O is invalid
15:39:28 <WARN> "general_cleanup" filter: CC(=C)C1CCC2C3C(CCc4cscn3)C(C3CCC23C1)C(O)C(Cc1ccc(O)c(O)c1)C(O)=O is invalid
15:39:28 <WARN> "general_cleanup" filter: CC(=C)C1CCC2C3C(CCc4cscn3)C(C3CCC23C1)C(O)C(Cc1ccc(O)c(O)c1)C(O)=O is invalid
15:39:28 <WARN> "get_largest_fragment" filter: C(N1CCCCC1)c1ccc(cN2CCc3ncccc3C2)n1 is invalid
15:39:28 <WARN> "general_cleanup" filter: C(N1CCCCC1)c1ccc(cN2CCc3ncccc3C2)n1 is invalid
15:39:28 <WARN> "general_cleanup" filter: C(N1CCCCC1)c1ccc(cN2CCc3ncccc3C2)n1 is invalid
15:39:28 <WARN> "get_largest_fragment" filter: COc1ccc(cc1)C1=Nc2sccn2c2ccccc12 is invalid
15:39:28 <WARN> "general_cleanup" filter: COc1ccc(cc1)C1=Nc2sccn2c2ccccc12 is invalid
15:39:28 <WARN> "general_cleanup" filter: COc1ccc(cc1)C1=Nc2sccn2c2ccccc12 is invalid
15:39:28 <WARN> "get_largest_fragment" filter: COc1ccc2OCC3(CCN(CC3)C(=O)C=Cc3cccnc3)=C(Nc2cc1Cl)S(=O)(=O)c1ccc(Cl)cc1 is invalid
15:39:28 <WARN> "general_cleanup" filter: COc1ccc2OCC3(CCN(CC3)C(=O)C=Cc3cccnc3)=C(Nc2cc1Cl)S(=O)(=O)c1ccc(Cl)cc1 is invalid
15:39:28 <WARN> "general_cleanup" filter: COc1ccc2OCC3(CCN(CC3)C(=O)C=Cc3cccnc3)=C(Nc2cc1Cl)S(=O)(=O)c1ccc(Cl)cc1 is invalid
15:39:28 <WARN> "get_largest_fragment" filter: CC(NC(=O)CCCn1ccnc1)c1cc(cc(CN2CCC(CO)(CC(=O)c3cccc4ccccc34)N(CC(O)=O)CC2)c2cccc(Cl)c12)C(=O)NCCc1ccc(cc1)C(C)=O is invalid
15:39:28 <WARN> "general_cleanup" filter: CC(NC(=O)CCCn1ccnc1)c1cc(cc(CN2CCC(CO)(CC(=O)c3cccc4ccccc34)N(CC(O)=O)CC2)c2cccc(Cl)c12)C(=O)NCCc1ccc(cc1)C(C)=O is invalid
15:39:28 <WARN> "general_cleanup" filter: CC(NC(=O)CCCn1ccnc1)c1cc(cc(CN2CCC(CO)(CC(=O)c3cccc4ccccc34)N(CC(O)=O)CC2)c2cccc(Cl)c12)C(=O)NCCc1ccc(cc1)C(C)=O is invalid
15:39:28 <WARN> "get_largest_fragment" filter: O=C#NCCNCC1CCN(C1CCCCCc1ccccc1)c1ccccc1 is invalid
15:39:28 <WARN> "general_cleanup" filter: O=C#NCCNCC1CCN(C1CCCCCc1ccccc1)c1ccccc1 is invalid
15:39:28 <WARN> "general_cleanup" filter: O=C#NCCNCC1CCN(C1CCCCCc1ccccc1)c1ccccc1 is invalid
15:39:28 <WARN> "get_largest_fragment" filter: CCOCCN(Cc1cccc(Br)c1)C(=O)CCC(=O)NCc1cc(F)c(Oc2ccc(cc2)C(C)C)n(Cc2ccccc2)n1 is invalid
15:39:28 <WARN> "general_cleanup" filter: CCOCCN(Cc1cccc(Br)c1)C(=O)CCC(=O)NCc1cc(F)c(Oc2ccc(cc2)C(C)C)n(Cc2ccccc2)n1 is invalid
15:39:28 <WARN> "general_cleanup" filter: CCOCCN(Cc1cccc(Br)c1)C(=O)CCC(=O)NCc1cc(F)c(Oc2ccc(cc2)C(C)C)n(Cc2ccccc2)n1 is invalid
15:39:28 <WARN> "get_largest_fragment" filter: CC(=O)c1ccc(COc2ccc3C(=O)Sc4cc(Cl)ccc34)cc2c1 is invalid
15:39:28 <WARN> "general_cleanup" filter: CC(=O)c1ccc(COc2ccc3C(=O)Sc4cc(Cl)ccc34)cc2c1 is invalid
15:39:28 <WARN> "general_cleanup" filter: CC(=O)c1ccc(COc2ccc3C(=O)Sc4cc(Cl)ccc34)cc2c1 is invalid
15:39:28 <WARN> "get_largest_fragment" filter: COc1cc(OC)cc-2c1nc1c(N)ccc(CCc4ncccc4-c2n1)c1ccccc31 is invalid
15:39:28 <WARN> "general_cleanup" filter: COc1cc(OC)cc-2c1nc1c(N)ccc(CCc4ncccc4-c2n1)c1ccccc31 is invalid
15:39:28 <WARN> "general_cleanup" filter: COc1cc(OC)cc-2c1nc1c(N)ccc(CCc4ncccc4-c2n1)c1ccccc31 is invalid
15:39:28 <WARN> "get_largest_fragment" filter: COc1cc2NC(CO)C(C3Oc4ccccc44)C(C(C)C)C(CCN4CCCCCC3)c2c1OCC is invalid
15:39:28 <WARN> "general_cleanup" filter: COc1cc2NC(CO)C(C3Oc4ccccc44)C(C(C)C)C(CCN4CCCCCC3)c2c1OCC is invalid
15:39:28 <WARN> "general_cleanup" filter: COc1cc2NC(CO)C(C3Oc4ccccc44)C(C(C)C)C(CCN4CCCCCC3)c2c1OCC is invalid
15:39:28 <WARN> "get_largest_fragment" filter: C=CCNc1nc(NCCNS(=O)(=O)c2ccc3OCc4ccccc4c3)sc2n-2c3ccccc3nc12 is invalid
15:39:28 <WARN> "general_cleanup" filter: C=CCNc1nc(NCCNS(=O)(=O)c2ccc3OCc4ccccc4c3)sc2n-2c3ccccc3nc12 is invalid
15:39:28 <WARN> "general_cleanup" filter: C=CCNc1nc(NCCNS(=O)(=O)c2ccc3OCc4ccccc4c3)sc2n-2c3ccccc3nc12 is invalid
15:39:28 <WARN> "get_largest_fragment" filter: CN1c2sc(Cc3nc(C)cc(C)c3C3CCCCCC3)c2C(=O)N(C)C1=O is invalid
15:39:28 <WARN> "general_cleanup" filter: CN1c2sc(Cc3nc(C)cc(C)c3C3CCCCCC3)c2C(=O)N(C)C1=O is invalid
15:39:28 <WARN> "general_cleanup" filter: CN1c2sc(Cc3nc(C)cc(C)c3C3CCCCCC3)c2C(=O)N(C)C1=O is invalid
15:39:28 <WARN> "get_largest_fragment" filter: CCOc1cccc(c1)-c1cc(C(=O)OC)[n+]([O-])c2ccc3-c4cc(c(O)c(O)cc34)c(c12)S(O)(=O)=O is invalid
15:39:28 <WARN> "general_cleanup" filter: CCOc1cccc(c1)-c1cc(C(=O)OC)[n+]([O-])c2ccc3-c4cc(c(O)c(O)cc34)c(c12)S(O)(=O)=O is invalid
15:39:28 <WARN> "general_cleanup" filter: CCOc1cccc(c1)-c1cc(C(=O)OC)[n+]([O-])c2ccc3-c4cc(c(O)c(O)cc34)c(c12)S(O)(=O)=O is invalid
15:39:28 <WARN> "get_largest_fragment" filter: CN(CC(=O)Nc1cccc2ccccn12)Cc1c(C)noc1C is invalid
15:39:28 <WARN> "general_cleanup" filter: CN(CC(=O)Nc1cccc2ccccn12)Cc1c(C)noc1C is invalid
15:39:28 <WARN> "general_cleanup" filter: CN(CC(=O)Nc1cccc2ccccn12)Cc1c(C)noc1C is invalid
15:39:28 <WARN> "get_largest_fragment" filter: NC(=O)c1ccc2c(Nc3cccc(NC(=O)Cc5ccccc4)c4cc(ccc34)N3C(=O)Cc4ccccc44)ccnc23 is invalid
15:39:28 <WARN> "general_cleanup" filter: NC(=O)c1ccc2c(Nc3cccc(NC(=O)Cc5ccccc4)c4cc(ccc34)N3C(=O)Cc4ccccc44)ccnc23 is invalid
15:39:28 <WARN> "general_cleanup" filter: NC(=O)c1ccc2c(Nc3cccc(NC(=O)Cc5ccccc4)c4cc(ccc34)N3C(=O)Cc4ccccc44)ccnc23 is invalid
15:39:28 <WARN> "get_largest_fragment" filter: CC1(=O)Nc2ccc(cc2C1=Cl)N(=O)=O is invalid
15:39:28 <WARN> "general_cleanup" filter: CC1(=O)Nc2ccc(cc2C1=Cl)N(=O)=O is invalid
15:39:28 <WARN> "general_cleanup" filter: CC1(=O)Nc2ccc(cc2C1=Cl)N(=O)=O is invalid
15:39:28 <WARN> "get_largest_fragment" filter: Cn1c(C=Cc2nc3ccccc3[n+]2Cc2ccccc2)nnc1SCC(CCC(N)=O)NC(=O)OCc1cc(OC)c(OCC(O)=O)cc1 is invalid
15:39:28 <WARN> "general_cleanup" filter: Cn1c(C=Cc2nc3ccccc3[n+]2Cc2ccccc2)nnc1SCC(CCC(N)=O)NC(=O)OCc1cc(OC)c(OCC(O)=O)cc1 is invalid
15:39:28 <WARN> "general_cleanup" filter: Cn1c(C=Cc2nc3ccccc3[n+]2Cc2ccccc2)nnc1SCC(CCC(N)=O)NC(=O)OCc1cc(OC)c(OCC(O)=O)cc1 is invalid
15:39:28 <WARN> "get_largest_fragment" filter: Clc1ccc2OC(CN(CCOc3cc4ccccc4s3)=CS2)CC1=O is invalid
15:39:28 <WARN> "general_cleanup" filter: Clc1ccc2OC(CN(CCOc3cc4ccccc4s3)=CS2)CC1=O is invalid
15:39:28 <WARN> "general_cleanup" filter: Clc1ccc2OC(CN(CCOc3cc4ccccc4s3)=CS2)CC1=O is invalid
15:39:28 <WARN> "get_largest_fragment" filter: CC1=CC(=O)CCC2C1C1C(CC3C(=O)c5cnccc(O)c4C1(C(O)=O)C2(C)CCC34C5=O)C(O)(CO)CO is invalid
15:39:28 <WARN> "general_cleanup" filter: CC1=CC(=O)CCC2C1C1C(CC3C(=O)c5cnccc(O)c4C1(C(O)=O)C2(C)CCC34C5=O)C(O)(CO)CO is invalid
15:39:28 <WARN> "general_cleanup" filter: CC1=CC(=O)CCC2C1C1C(CC3C(=O)c5cnccc(O)c4C1(C(O)=O)C2(C)CCC34C5=O)C(O)(CO)CO is invalid
15:39:28 <WARN> "get_largest_fragment" filter: OC(=O)Cc1csc(-c2cnn(CC(N)(c3ccncc3)c3ccc4[nH]ccc4c3)c2n1)N(=O)=O is invalid
15:39:28 <WARN> "general_cleanup" filter: OC(=O)Cc1csc(-c2cnn(CC(N)(c3ccncc3)c3ccc4[nH]ccc4c3)c2n1)N(=O)=O is invalid
15:39:28 <WARN> "general_cleanup" filter: OC(=O)Cc1csc(-c2cnn(CC(N)(c3ccncc3)c3ccc4[nH]ccc4c3)c2n1)N(=O)=O is invalid
15:39:28 <WARN> "get_largest_fragment" filter: CC(=NN=C1NC(=O)N(CCC(O)=O)=C1C#C)C(O)=O is invalid
15:39:28 <WARN> "general_cleanup" filter: CC(=NN=C1NC(=O)N(CCC(O)=O)=C1C#C)C(O)=O is invalid
15:39:28 <WARN> "general_cleanup" filter: CC(=NN=C1NC(=O)N(CCC(O)=O)=C1C#C)C(O)=O is invalid
15:39:28 <WARN> "get_largest_fragment" filter: COc1ccc(CC=CC(=O)OCC(=O)Nc2nc[nH](C)c2OC)cc1 is invalid
15:39:28 <WARN> "general_cleanup" filter: COc1ccc(CC=CC(=O)OCC(=O)Nc2nc[nH](C)c2OC)cc1 is invalid
15:39:28 <WARN> "general_cleanup" filter: COc1ccc(CC=CC(=O)OCC(=O)Nc2nc[nH](C)c2OC)cc1 is invalid
15:39:28 <WARN> "get_largest_fragment" filter: O=C1NC23CNC=CC3=Nc2cc1C1CCCCC1 is invalid
15:39:28 <WARN> "general_cleanup" filter: O=C1NC23CNC=CC3=Nc2cc1C1CCCCC1 is invalid
15:39:28 <WARN> "general_cleanup" filter: O=C1NC23CNC=CC3=Nc2cc1C1CCCCC1 is invalid
15:39:28 <WARN> "get_largest_fragment" filter: CCC1=C2CC(O)C3(C)C(=CCC4C3CCC12C)c1ccc(O)c(O)c1 is invalid
15:39:28 <WARN> "general_cleanup" filter: CCC1=C2CC(O)C3(C)C(=CCC4C3CCC12C)c1ccc(O)c(O)c1 is invalid
15:39:28 <WARN> "general_cleanup" filter: CCC1=C2CC(O)C3(C)C(=CCC4C3CCC12C)c1ccc(O)c(O)c1 is invalid
15:39:28 <WARN> "get_largest_fragment" filter: Cc1cccc(c1)C1CCc2c(C1)sc(NC(=O)C1CCCc1c2)N1CCCCC1 is invalid
15:39:28 <WARN> "general_cleanup" filter: Cc1cccc(c1)C1CCc2c(C1)sc(NC(=O)C1CCCc1c2)N1CCCCC1 is invalid
15:39:28 <WARN> "general_cleanup" filter: Cc1cccc(c1)C1CCc2c(C1)sc(NC(=O)C1CCCc1c2)N1CCCCC1 is invalid
15:39:28 <WARN> "get_largest_fragment" filter: NC(=O)C1Cc2cc3C(=O)c4ccccc4CC3c3ccccc35 is invalid
15:39:28 <WARN> "general_cleanup" filter: NC(=O)C1Cc2cc3C(=O)c4ccccc4CC3c3ccccc35 is invalid
15:39:28 <WARN> "general_cleanup" filter: NC(=O)C1Cc2cc3C(=O)c4ccccc4CC3c3ccccc35 is invalid
15:39:28 <WARN> "get_largest_fragment" filter: Brc1ccc(NN2C=Nc3oc4SCCCn4c3c3C=CCO2)ccc1NC=N3 is invalid
15:39:28 <WARN> "general_cleanup" filter: Brc1ccc(NN2C=Nc3oc4SCCCn4c3c3C=CCO2)ccc1NC=N3 is invalid
15:39:28 <WARN> "general_cleanup" filter: Brc1ccc(NN2C=Nc3oc4SCCCn4c3c3C=CCO2)ccc1NC=N3 is invalid
15:39:28 <WARN> "get_largest_fragment" filter: Cc1c(Nn2cnnc2N2CCN(Cc3ccccc3)CC2)c(nc1CN1CCOCC1)(c1ccccc1)=C1C2CCC1C(N2)c1ccsc1 is invalid
15:39:28 <WARN> "general_cleanup" filter: Cc1c(Nn2cnnc2N2CCN(Cc3ccccc3)CC2)c(nc1CN1CCOCC1)(c1ccccc1)=C1C2CCC1C(N2)c1ccsc1 is invalid
15:39:28 <WARN> "general_cleanup" filter: Cc1c(Nn2cnnc2N2CCN(Cc3ccccc3)CC2)c(nc1CN1CCOCC1)(c1ccccc1)=C1C2CCC1C(N2)c1ccsc1 is invalid
15:39:28 <WARN> "get_largest_fragment" filter: CCN(CC1=CN(C)C2=CC(=O)N(C3CC4C=C4C=CC(=O)C6=CC(=O)SC4(C)CC3C2=O)c2ccsc2C1=O)C(=O)Nc1ccc(NC(C)=O)cc1 is invalid
15:39:28 <WARN> "general_cleanup" filter: CCN(CC1=CN(C)C2=CC(=O)N(C3CC4C=C4C=CC(=O)C6=CC(=O)SC4(C)CC3C2=O)c2ccsc2C1=O)C(=O)Nc1ccc(NC(C)=O)cc1 is invalid
15:39:28 <WARN> "general_cleanup" filter: CCN(CC1=CN(C)C2=CC(=O)N(C3CC4C=C4C=CC(=O)C6=CC(=O)SC4(C)CC3C2=O)c2ccsc2C1=O)C(=O)Nc1ccc(NC(C)=O)cc1 is invalid
15:39:28 <WARN> "get_largest_fragment" filter: COc1ccc2c3CCCCC(CN=C(C)c3ccc3sccc23)c1 is invalid
15:39:28 <WARN> "general_cleanup" filter: COc1ccc2c3CCCCC(CN=C(C)c3ccc3sccc23)c1 is invalid
15:39:28 <WARN> "general_cleanup" filter: COc1ccc2c3CCCCC(CN=C(C)c3ccc3sccc23)c1 is invalid
15:39:28 <WARN> "get_largest_fragment" filter: OCC1OC(C(O)C(O)C1O)c1cc(C(Cc2ccccc2)nc(NC(=O)C(F)(F)F)c2nonc12)N1CCCCC1 is invalid
15:39:28 <WARN> "general_cleanup" filter: OCC1OC(C(O)C(O)C1O)c1cc(C(Cc2ccccc2)nc(NC(=O)C(F)(F)F)c2nonc12)N1CCCCC1 is invalid
15:39:28 <WARN> "general_cleanup" filter: OCC1OC(C(O)C(O)C1O)c1cc(C(Cc2ccccc2)nc(NC(=O)C(F)(F)F)c2nonc12)N1CCCCC1 is invalid
15:39:28 <WARN> "get_largest_fragment" filter: C(Nc1ncnc2c(c[nH]3ccc12)C3=O)N1CCCCC1 is invalid
15:39:28 <WARN> "general_cleanup" filter: C(Nc1ncnc2c(c[nH]3ccc12)C3=O)N1CCCCC1 is invalid
15:39:28 <WARN> "general_cleanup" filter: C(Nc1ncnc2c(c[nH]3ccc12)C3=O)N1CCCCC1 is invalid
15:39:28 <WARN> "get_largest_fragment" filter: Oc1cc(ccc1N1CCC(CC1)C(F)(F)(F)F)C(=O)c1ccc(F)cc1 is invalid
15:39:28 <WARN> "general_cleanup" filter: Oc1cc(ccc1N1CCC(CC1)C(F)(F)(F)F)C(=O)c1ccc(F)cc1 is invalid
15:39:28 <WARN> "general_cleanup" filter: Oc1cc(ccc1N1CCC(CC1)C(F)(F)(F)F)C(=O)c1ccc(F)cc1 is invalid
15:39:28 <WARN> "get_largest_fragment" filter: COc1ccc(Cc2nc3ccc(N)cc3nn2-c2ccc(OC)cc2)cc1 is invalid
15:39:28 <WARN> "general_cleanup" filter: COc1ccc(Cc2nc3ccc(N)cc3nn2-c2ccc(OC)cc2)cc1 is invalid
15:39:28 <WARN> "general_cleanup" filter: COc1ccc(Cc2nc3ccc(N)cc3nn2-c2ccc(OC)cc2)cc1 is invalid
15:39:28 <WARN> "get_largest_fragment" filter: CSc1cc(C(=O)NC2CCCCC2)c2cc(C)c(O)cc2n1C is invalid
15:39:28 <WARN> "general_cleanup" filter: CSc1cc(C(=O)NC2CCCCC2)c2cc(C)c(O)cc2n1C is invalid
15:39:28 <WARN> "general_cleanup" filter: CSc1cc(C(=O)NC2CCCCC2)c2cc(C)c(O)cc2n1C is invalid
15:39:28 <WARN> "get_largest_fragment" filter: CC1CC(=O)C23OOC(C12)C1CO1 is invalid
15:39:28 <WARN> "general_cleanup" filter: CC1CC(=O)C23OOC(C12)C1CO1 is invalid
15:39:28 <WARN> "general_cleanup" filter: CC1CC(=O)C23OOC(C12)C1CO1 is invalid
15:39:28 <WARN> "get_largest_fragment" filter: Clc1ccc2[nH]c3ccc(NC(=S)NCCN4cc5ccccc5c5c(F)ccc444)c3c2c1 is invalid
15:39:28 <WARN> "general_cleanup" filter: Clc1ccc2[nH]c3ccc(NC(=S)NCCN4cc5ccccc5c5c(F)ccc444)c3c2c1 is invalid
15:39:28 <WARN> "general_cleanup" filter: Clc1ccc2[nH]c3ccc(NC(=S)NCCN4cc5ccccc5c5c(F)ccc444)c3c2c1 is invalid
15:39:28 <WARN> "get_largest_fragment" filter: O=N(=O)c1cc(N2CCOCC2)c(COc2ccccc2)no1 is invalid
15:39:28 <WARN> "general_cleanup" filter: O=N(=O)c1cc(N2CCOCC2)c(COc2ccccc2)no1 is invalid
15:39:28 <WARN> "general_cleanup" filter: O=N(=O)c1cc(N2CCOCC2)c(COc2ccccc2)no1 is invalid
15:39:28 <WARN> "get_largest_fragment" filter: CCCc1ccc(cc1)-c1nnc2cc(OC)cnc12 is invalid
15:39:28 <WARN> "general_cleanup" filter: CCCc1ccc(cc1)-c1nnc2cc(OC)cnc12 is invalid
15:39:28 <WARN> "general_cleanup" filter: CCCc1ccc(cc1)-c1nnc2cc(OC)cnc12 is invalid
15:39:28 <WARN> "get_largest_fragment" filter: Cc1ccc(NC2=CC(=O)N(C(=O)c3ccccc3)=NC2)cc1Cl is invalid
15:39:28 <WARN> "general_cleanup" filter: Cc1ccc(NC2=CC(=O)N(C(=O)c3ccccc3)=NC2)cc1Cl is invalid
15:39:28 <WARN> "general_cleanup" filter: Cc1ccc(NC2=CC(=O)N(C(=O)c3ccccc3)=NC2)cc1Cl is invalid
15:39:28 <WARN> "get_largest_fragment" filter: CCC1CC12C#N is invalid
15:39:28 <WARN> "general_cleanup" filter: CCC1CC12C#N is invalid
15:39:28 <WARN> "general_cleanup" filter: CCC1CC12C#N is invalid
15:39:28 <WARN> "get_largest_fragment" filter: Cn1cc(cn1)-c1nc(CCNCCc2ccccc2)n(CC2CCN(CC2)c2nc3ccccc3[nH]2)nc1 is invalid
15:39:28 <WARN> "general_cleanup" filter: Cn1cc(cn1)-c1nc(CCNCCc2ccccc2)n(CC2CCN(CC2)c2nc3ccccc3[nH]2)nc1 is invalid
15:39:28 <WARN> "general_cleanup" filter: Cn1cc(cn1)-c1nc(CCNCCc2ccccc2)n(CC2CCN(CC2)c2nc3ccccc3[nH]2)nc1 is invalid
15:39:28 <WARN> "get_largest_fragment" filter: Cc1ccc(cc1)N1C=Nc2c3CCCc3nnn12 is invalid
15:39:28 <WARN> "general_cleanup" filter: Cc1ccc(cc1)N1C=Nc2c3CCCc3nnn12 is invalid
15:39:28 <WARN> "general_cleanup" filter: Cc1ccc(cc1)N1C=Nc2c3CCCc3nnn12 is invalid
15:39:28 <WARN> "get_largest_fragment" filter: CC1=C(Cn2cc(C(=O)c3cncn3C)c3ccc(cc23)C(=O)N2CCN(CC2)c2cccc(F)c2)=NC(=O)NC1=O is invalid
15:39:28 <WARN> "general_cleanup" filter: CC1=C(Cn2cc(C(=O)c3cncn3C)c3ccc(cc23)C(=O)N2CCN(CC2)c2cccc(F)c2)=NC(=O)NC1=O is invalid
15:39:28 <WARN> "general_cleanup" filter: CC1=C(Cn2cc(C(=O)c3cncn3C)c3ccc(cc23)C(=O)N2CCN(CC2)c2cccc(F)c2)=NC(=O)NC1=O is invalid
15:39:28 <WARN> "get_largest_fragment" filter: CCN1C(Sc2cc(nc(n12)C(F)F)-c1ccc(Br)cc1)S(C)(=O)=O is invalid
15:39:28 <WARN> "general_cleanup" filter: CCN1C(Sc2cc(nc(n12)C(F)F)-c1ccc(Br)cc1)S(C)(=O)=O is invalid
15:39:28 <WARN> "general_cleanup" filter: CCN1C(Sc2cc(nc(n12)C(F)F)-c1ccc(Br)cc1)S(C)(=O)=O is invalid
15:39:28 <WARN> "get_largest_fragment" filter: CS(=O)(=O)c1ccc2n3c(nnc3c(c2c1)-c1ccc(cc1)C(F)(F)F)C(=O)NCc1cccc(Cl)c1 is invalid
15:39:28 <WARN> "general_cleanup" filter: CS(=O)(=O)c1ccc2n3c(nnc3c(c2c1)-c1ccc(cc1)C(F)(F)F)C(=O)NCc1cccc(Cl)c1 is invalid
15:39:28 <WARN> "general_cleanup" filter: CS(=O)(=O)c1ccc2n3c(nnc3c(c2c1)-c1ccc(cc1)C(F)(F)F)C(=O)NCc1cccc(Cl)c1 is invalid
15:39:28 <WARN> "get_largest_fragment" filter: CCc1cc(CC(N)c2noc(s2)C(C)C)c2ccccc2n1 is invalid
15:39:28 <WARN> "general_cleanup" filter: CCc1cc(CC(N)c2noc(s2)C(C)C)c2ccccc2n1 is invalid
15:39:28 <WARN> "general_cleanup" filter: CCc1cc(CC(N)c2noc(s2)C(C)C)c2ccccc2n1 is invalid
15:39:28 <WARN> "get_largest_fragment" filter: Nc1nc(NCCCl)nc(OCCCCCNC(=O)C2CCC(CC2)Oc2cccc(Oc3ccc(NC(=O)c4cnccc4)c3)cc2)n1 is invalid
15:39:28 <WARN> "general_cleanup" filter: Nc1nc(NCCCl)nc(OCCCCCNC(=O)C2CCC(CC2)Oc2cccc(Oc3ccc(NC(=O)c4cnccc4)c3)cc2)n1 is invalid
15:39:28 <WARN> "general_cleanup" filter: Nc1nc(NCCCl)nc(OCCCCCNC(=O)C2CCC(CC2)Oc2cccc(Oc3ccc(NC(=O)c4cnccc4)c3)cc2)n1 is invalid
15:39:28 <WARN> "get_largest_fragment" filter: Clc1ccc(c2cc3[nH]ncc3c12)S(=O)(=O)c1ccccc1 is invalid
15:39:28 <WARN> "general_cleanup" filter: Clc1ccc(c2cc3[nH]ncc3c12)S(=O)(=O)c1ccccc1 is invalid
15:39:28 <WARN> "general_cleanup" filter: Clc1ccc(c2cc3[nH]ncc3c12)S(=O)(=O)c1ccccc1 is invalid
15:39:28 <WARN> "get_largest_fragment" filter: O=C(CSc1nnc2c(C=O)cccc12)N1C(=O)c2ccccc2C1=O is invalid
15:39:28 <WARN> "general_cleanup" filter: O=C(CSc1nnc2c(C=O)cccc12)N1C(=O)c2ccccc2C1=O is invalid
15:39:28 <WARN> "general_cleanup" filter: O=C(CSc1nnc2c(C=O)cccc12)N1C(=O)c2ccccc2C1=O is invalid
15:39:28 <WARN> "get_largest_fragment" filter: CCOC(=O)C1(C)CCC2C(CCC3C2(C)CCC2C2C(=C)CC2CCC4C(C)(O)CCC21)C3O is invalid
15:39:28 <WARN> "general_cleanup" filter: CCOC(=O)C1(C)CCC2C(CCC3C2(C)CCC2C2C(=C)CC2CCC4C(C)(O)CCC21)C3O is invalid
15:39:28 <WARN> "general_cleanup" filter: CCOC(=O)C1(C)CCC2C(CCC3C2(C)CCC2C2C(=C)CC2CCC4C(C)(O)CCC21)C3O is invalid
15:39:28 <WARN> "get_largest_fragment" filter: C1OC1CC1COC2OCCN2C2=C1 is invalid
15:39:28 <WARN> "general_cleanup" filter: C1OC1CC1COC2OCCN2C2=C1 is invalid
15:39:28 <WARN> "general_cleanup" filter: C1OC1CC1COC2OCCN2C2=C1 is invalid
15:39:28 <WARN> "get_largest_fragment" filter: CN1CCN(Cc2ccccc2)COc2ccnc(n12)N1CCC(CC1)c1cc(ccn1)N1CCOCC1 is invalid
15:39:28 <WARN> "general_cleanup" filter: CN1CCN(Cc2ccccc2)COc2ccnc(n12)N1CCC(CC1)c1cc(ccn1)N1CCOCC1 is invalid
15:39:28 <WARN> "general_cleanup" filter: CN1CCN(Cc2ccccc2)COc2ccnc(n12)N1CCC(CC1)c1cc(ccn1)N1CCOCC1 is invalid
15:39:28 <WARN> "get_largest_fragment" filter: CC(=O)c1cnc(NC(=O)c2cncc(Br)c2)n1-c1cccc(NC(=O)NN=Cc2cc3cc(N)ccc3n2)c(Cl)c1 is invalid
15:39:28 <WARN> "general_cleanup" filter: CC(=O)c1cnc(NC(=O)c2cncc(Br)c2)n1-c1cccc(NC(=O)NN=Cc2cc3cc(N)ccc3n2)c(Cl)c1 is invalid
15:39:28 <WARN> "general_cleanup" filter: CC(=O)c1cnc(NC(=O)c2cncc(Br)c2)n1-c1cccc(NC(=O)NN=Cc2cc3cc(N)ccc3n2)c(Cl)c1 is invalid
15:39:28 <WARN> "get_largest_fragment" filter: CC1(C)OC(=O)C2=C(C1)N#Nc1c2cc(Cl)cc1Cl is invalid
15:39:28 <WARN> "general_cleanup" filter: CC1(C)OC(=O)C2=C(C1)N#Nc1c2cc(Cl)cc1Cl is invalid
15:39:28 <WARN> "general_cleanup" filter: CC1(C)OC(=O)C2=C(C1)N#Nc1c2cc(Cl)cc1Cl is invalid
15:39:28 <WARN> "get_largest_fragment" filter: CCOC(=O)N1CCc2c(C1)c(N)c1cc(Cl)c(Cl)cc21 is invalid
15:39:28 <WARN> "general_cleanup" filter: CCOC(=O)N1CCc2c(C1)c(N)c1cc(Cl)c(Cl)cc21 is invalid
15:39:28 <WARN> "general_cleanup" filter: CCOC(=O)N1CCc2c(C1)c(N)c1cc(Cl)c(Cl)cc21 is invalid
15:39:28 <WARN> "get_largest_fragment" filter: CCN1CCN(CC(=O)NC2(CCCC3(CC2)c2ccc(cc2)-c3ccnc(N)n3)N(C)CC)CC1 is invalid
15:39:28 <WARN> "general_cleanup" filter: CCN1CCN(CC(=O)NC2(CCCC3(CC2)c2ccc(cc2)-c3ccnc(N)n3)N(C)CC)CC1 is invalid
15:39:28 <WARN> "general_cleanup" filter: CCN1CCN(CC(=O)NC2(CCCC3(CC2)c2ccc(cc2)-c3ccnc(N)n3)N(C)CC)CC1 is invalid
15:39:28 <WARN> "get_largest_fragment" filter: COc1ccc(cc1-c1cc(c2C(=O)N(CC(O)=O)c2cc1OC)C(C)(C)C)-c1ccccc1 is invalid
15:39:28 <WARN> "general_cleanup" filter: COc1ccc(cc1-c1cc(c2C(=O)N(CC(O)=O)c2cc1OC)C(C)(C)C)-c1ccccc1 is invalid
15:39:28 <WARN> "general_cleanup" filter: COc1ccc(cc1-c1cc(c2C(=O)N(CC(O)=O)c2cc1OC)C(C)(C)C)-c1ccccc1 is invalid
15:39:28 <WARN> "get_largest_fragment" filter: CN(Cc1ccc(OCCN2CCOCC2)cc1)=Cc1ccco1 is invalid
15:39:28 <WARN> "general_cleanup" filter: CN(Cc1ccc(OCCN2CCOCC2)cc1)=Cc1ccco1 is invalid
15:39:28 <WARN> "general_cleanup" filter: CN(Cc1ccc(OCCN2CCOCC2)cc1)=Cc1ccco1 is invalid
15:39:28 <WARN> "get_largest_fragment" filter: CC1(C)CC2N(CCCc3ccc(CSc4nc4cccc6cnnc56)ccc4s3)CCC2C1=O is invalid
15:39:28 <WARN> "general_cleanup" filter: CC1(C)CC2N(CCCc3ccc(CSc4nc4cccc6cnnc56)ccc4s3)CCC2C1=O is invalid
15:39:28 <WARN> "general_cleanup" filter: CC1(C)CC2N(CCCc3ccc(CSc4nc4cccc6cnnc56)ccc4s3)CCC2C1=O is invalid
15:39:28 <WARN> "get_largest_fragment" filter: CCCN1C(=O)C2=C(CNC(C)=C(O2)c2c3OC(C)(C)CCCc3o2)O2 is invalid
15:39:28 <WARN> "general_cleanup" filter: CCCN1C(=O)C2=C(CNC(C)=C(O2)c2c3OC(C)(C)CCCc3o2)O2 is invalid
15:39:28 <WARN> "general_cleanup" filter: CCCN1C(=O)C2=C(CNC(C)=C(O2)c2c3OC(C)(C)CCCc3o2)O2 is invalid
15:39:28 <WARN> "get_largest_fragment" filter: CCN(CC(=O)Nc1cccc(NC(=O)CN(C)C)c1)S(=O)(=O)c1ccc2nc(N)ncn2c1 is invalid
15:39:28 <WARN> "general_cleanup" filter: CCN(CC(=O)Nc1cccc(NC(=O)CN(C)C)c1)S(=O)(=O)c1ccc2nc(N)ncn2c1 is invalid
15:39:28 <WARN> "general_cleanup" filter: CCN(CC(=O)Nc1cccc(NC(=O)CN(C)C)c1)S(=O)(=O)c1ccc2nc(N)ncn2c1 is invalid
15:39:28 <WARN> "get_largest_fragment" filter: COC(=O)Nc1ccc2C(=O)c3nccnc3C=C(c12)c1ccccc1 is invalid
15:39:28 <WARN> "general_cleanup" filter: COC(=O)Nc1ccc2C(=O)c3nccnc3C=C(c12)c1ccccc1 is invalid
15:39:28 <WARN> "general_cleanup" filter: COC(=O)Nc1ccc2C(=O)c3nccnc3C=C(c12)c1ccccc1 is invalid
15:39:28 <WARN> "get_largest_fragment" filter: CC1(C)Oc2ccc3C=CCOc4cc3C(=O)c2c1O is invalid
15:39:28 <WARN> "general_cleanup" filter: CC1(C)Oc2ccc3C=CCOc4cc3C(=O)c2c1O is invalid
15:39:28 <WARN> "general_cleanup" filter: CC1(C)Oc2ccc3C=CCOc4cc3C(=O)c2c1O is invalid
15:39:28 <WARN> "get_largest_fragment" filter: COc1ccc(CC2=CC(=O)c3c(O2)ccc3OCCO)c(OC)c1 is invalid
15:39:28 <WARN> "general_cleanup" filter: COc1ccc(CC2=CC(=O)c3c(O2)ccc3OCCO)c(OC)c1 is invalid
15:39:28 <WARN> "general_cleanup" filter: COc1ccc(CC2=CC(=O)c3c(O2)ccc3OCCO)c(OC)c1 is invalid
15:39:28 <WARN> "get_largest_fragment" filter: CCN(CC)C(=N1CCN(CC#C)C2=C1Cc1ccccc21)c1cccs1 is invalid
15:39:28 <WARN> "general_cleanup" filter: CCN(CC)C(=N1CCN(CC#C)C2=C1Cc1ccccc21)c1cccs1 is invalid
15:39:28 <WARN> "general_cleanup" filter: CCN(CC)C(=N1CCN(CC#C)C2=C1Cc1ccccc21)c1cccs1 is invalid
15:39:28 <WARN> "get_largest_fragment" filter: Cc1ccc2ncc(C(NC3CCNCC3)c3ccccn3)c2c1 is invalid
15:39:28 <WARN> "general_cleanup" filter: Cc1ccc2ncc(C(NC3CCNCC3)c3ccccn3)c2c1 is invalid
15:39:28 <WARN> "general_cleanup" filter: Cc1ccc2ncc(C(NC3CCNCC3)c3ccccn3)c2c1 is invalid
15:39:28 <WARN> "get_largest_fragment" filter: Clc1nc2c(NCc3ccncc3)ncnc2s1)N1CCOCC1 is invalid
15:39:28 <WARN> "general_cleanup" filter: Clc1nc2c(NCc3ccncc3)ncnc2s1)N1CCOCC1 is invalid
15:39:28 <WARN> "general_cleanup" filter: Clc1nc2c(NCc3ccncc3)ncnc2s1)N1CCOCC1 is invalid
15:39:28 <WARN> "get_largest_fragment" filter: CCOC(=O)c1ccc(C(=O)c2ccc(Br)o2)c(s1)C(=O)CN1C(=CC=C(C1=O)c1cccs1)c1ccccc1 is invalid
15:39:28 <WARN> "general_cleanup" filter: CCOC(=O)c1ccc(C(=O)c2ccc(Br)o2)c(s1)C(=O)CN1C(=CC=C(C1=O)c1cccs1)c1ccccc1 is invalid
15:39:28 <WARN> "general_cleanup" filter: CCOC(=O)c1ccc(C(=O)c2ccc(Br)o2)c(s1)C(=O)CN1C(=CC=C(C1=O)c1cccs1)c1ccccc1 is invalid
15:39:28 <WARN> "get_largest_fragment" filter: CSc1ccc(C(O)=O)c(Oc2ccc3CN(CCc4ccc(OC6CCCCC5)cc4S(=O)(=O)c3c2)C(O)=O)c1 is invalid
15:39:28 <WARN> "general_cleanup" filter: CSc1ccc(C(O)=O)c(Oc2ccc3CN(CCc4ccc(OC6CCCCC5)cc4S(=O)(=O)c3c2)C(O)=O)c1 is invalid
15:39:28 <WARN> "general_cleanup" filter: CSc1ccc(C(O)=O)c(Oc2ccc3CN(CCc4ccc(OC6CCCCC5)cc4S(=O)(=O)c3c2)C(O)=O)c1 is invalid
15:39:28 <WARN> "get_largest_fragment" filter: Nc1nc(N2CCOCC2CC2(CCC(=O)Nc3ncn(CCC(O)=O)c4ccccc34)c3ccccc23)c2cccnc2c1 is invalid
15:39:28 <WARN> "general_cleanup" filter: Nc1nc(N2CCOCC2CC2(CCC(=O)Nc3ncn(CCC(O)=O)c4ccccc34)c3ccccc23)c2cccnc2c1 is invalid
15:39:28 <WARN> "general_cleanup" filter: Nc1nc(N2CCOCC2CC2(CCC(=O)Nc3ncn(CCC(O)=O)c4ccccc34)c3ccccc23)c2cccnc2c1 is invalid
15:39:28 <WARN> "get_largest_fragment" filter: OC(=O)Cc1csc(NC(=O)Cn2cc(C3CC[N+](C(C5)C4CNC(C3)c3ccccc3)n3cc(Br)cn3)n2)c1Cl is invalid
15:39:28 <WARN> "general_cleanup" filter: OC(=O)Cc1csc(NC(=O)Cn2cc(C3CC[N+](C(C5)C4CNC(C3)c3ccccc3)n3cc(Br)cn3)n2)c1Cl is invalid
15:39:28 <WARN> "general_cleanup" filter: OC(=O)Cc1csc(NC(=O)Cn2cc(C3CC[N+](C(C5)C4CNC(C3)c3ccccc3)n3cc(Br)cn3)n2)c1Cl is invalid
15:39:28 <WARN> "get_largest_fragment" filter: CCCCCc1nc(ns1)C1=C2NC(C)(C)=CC=C2C=C1OC is invalid
15:39:28 <WARN> "general_cleanup" filter: CCCCCc1nc(ns1)C1=C2NC(C)(C)=CC=C2C=C1OC is invalid
15:39:28 <WARN> "general_cleanup" filter: CCCCCc1nc(ns1)C1=C2NC(C)(C)=CC=C2C=C1OC is invalid
15:39:29 <WARN> "get_largest_fragment" filter: CSc1ccc(Nc2ncc(-c3nc(NC)nc(n3)C(F)(F)F)cc2)c1 is invalid
15:39:29 <WARN> "general_cleanup" filter: CSc1ccc(Nc2ncc(-c3nc(NC)nc(n3)C(F)(F)F)cc2)c1 is invalid
15:39:29 <WARN> "general_cleanup" filter: CSc1ccc(Nc2ncc(-c3nc(NC)nc(n3)C(F)(F)F)cc2)c1 is invalid
15:39:29 <WARN> "get_largest_fragment" filter: Oc1ccc(cc1)-c1csc(NC(=O)CC(O)=O)o1 is invalid
15:39:29 <WARN> "general_cleanup" filter: Oc1ccc(cc1)-c1csc(NC(=O)CC(O)=O)o1 is invalid
15:39:29 <WARN> "general_cleanup" filter: Oc1ccc(cc1)-c1csc(NC(=O)CC(O)=O)o1 is invalid
15:39:29 <WARN> "get_largest_fragment" filter: CCN(CC)CCCNCc1c-2c(Cc3ccccc-2c3-c2ccc(C)cc2)cc2cc(sc12)-c1ccncc1 is invalid
15:39:29 <WARN> "general_cleanup" filter: CCN(CC)CCCNCc1c-2c(Cc3ccccc-2c3-c2ccc(C)cc2)cc2cc(sc12)-c1ccncc1 is invalid
15:39:29 <WARN> "general_cleanup" filter: CCN(CC)CCCNCc1c-2c(Cc3ccccc-2c3-c2ccc(C)cc2)cc2cc(sc12)-c1ccncc1 is invalid
15:39:29 <WARN> "get_largest_fragment" filter: COc1ccc(Nc2ncc3cc(-c4ccco4)c(nc3c3CN2C(=O)Cc2ccccc2)cc3Cl)c1 is invalid
15:39:29 <WARN> "general_cleanup" filter: COc1ccc(Nc2ncc3cc(-c4ccco4)c(nc3c3CN2C(=O)Cc2ccccc2)cc3Cl)c1 is invalid
15:39:29 <WARN> "general_cleanup" filter: COc1ccc(Nc2ncc3cc(-c4ccco4)c(nc3c3CN2C(=O)Cc2ccccc2)cc3Cl)c1 is invalid
15:39:29 <WARN> "get_largest_fragment" filter: CC1CCC2(C(O)CC3(C)C(O)C(O)C(CC34C)C12C)C=C(C)O is invalid
15:39:29 <WARN> "general_cleanup" filter: CC1CCC2(C(O)CC3(C)C(O)C(O)C(CC34C)C12C)C=C(C)O is invalid
15:39:29 <WARN> "general_cleanup" filter: CC1CCC2(C(O)CC3(C)C(O)C(O)C(CC34C)C12C)C=C(C)O is invalid
15:39:29 <WARN> "get_largest_fragment" filter: COc1ccc(C(=O)CSc2nc3-c4ccccc4C(=O)N(CCC3=O)C(F)(F)F)c2cc1O is invalid
15:39:29 <WARN> "general_cleanup" filter: COc1ccc(C(=O)CSc2nc3-c4ccccc4C(=O)N(CCC3=O)C(F)(F)F)c2cc1O is invalid
15:39:29 <WARN> "general_cleanup" filter: COc1ccc(C(=O)CSc2nc3-c4ccccc4C(=O)N(CCC3=O)C(F)(F)F)c2cc1O is invalid
15:39:29 <WARN> "get_largest_fragment" filter: Fc1ccc(cc1C(=O)Nc1c2ncc(nc2cc1Cl)-c1ccccc1-c1nn[nH]n1)c1ccc2OCOc2c1 is invalid
15:39:29 <WARN> "general_cleanup" filter: Fc1ccc(cc1C(=O)Nc1c2ncc(nc2cc1Cl)-c1ccccc1-c1nn[nH]n1)c1ccc2OCOc2c1 is invalid
15:39:29 <WARN> "general_cleanup" filter: Fc1ccc(cc1C(=O)Nc1c2ncc(nc2cc1Cl)-c1ccccc1-c1nn[nH]n1)c1ccc2OCOc2c1 is invalid
15:39:29 <WARN> "get_largest_fragment" filter: C1CCc2ccc3OC=C(CN1c23)c1ccc(cc1-c1ccccc1)-c1ccccc1 is invalid
15:39:29 <WARN> "general_cleanup" filter: C1CCc2ccc3OC=C(CN1c23)c1ccc(cc1-c1ccccc1)-c1ccccc1 is invalid
15:39:29 <WARN> "general_cleanup" filter: C1CCc2ccc3OC=C(CN1c23)c1ccc(cc1-c1ccccc1)-c1ccccc1 is invalid
15:39:29 <WARN> "get_largest_fragment" filter: CCC1CN2CCCN3C(O)=C(N=C12)CCC1=CCCC3=CN(CO2)C(=O)c2ccccc12 is invalid
15:39:29 <WARN> "general_cleanup" filter: CCC1CN2CCCN3C(O)=C(N=C12)CCC1=CCCC3=CN(CO2)C(=O)c2ccccc12 is invalid
15:39:29 <WARN> "general_cleanup" filter: CCC1CN2CCCN3C(O)=C(N=C12)CCC1=CCCC3=CN(CO2)C(=O)c2ccccc12 is invalid
15:39:29 <WARN> "get_largest_fragment" filter: Oc1ccc(cc1)C1NC(=O)Nc2c1ccc1OCOc2c1CCN1CCCCC1 is invalid
15:39:29 <WARN> "general_cleanup" filter: Oc1ccc(cc1)C1NC(=O)Nc2c1ccc1OCOc2c1CCN1CCCCC1 is invalid
15:39:29 <WARN> "general_cleanup" filter: Oc1ccc(cc1)C1NC(=O)Nc2c1ccc1OCOc2c1CCN1CCCCC1 is invalid
15:39:29 <WARN> "get_largest_fragment" filter: Cn1c(CSC2=NC(=S)N3C2=NC(=O)c2ccccc23)c(C)n1 is invalid
15:39:29 <WARN> "general_cleanup" filter: Cn1c(CSC2=NC(=S)N3C2=NC(=O)c2ccccc23)c(C)n1 is invalid
15:39:29 <WARN> "general_cleanup" filter: Cn1c(CSC2=NC(=S)N3C2=NC(=O)c2ccccc23)c(C)n1 is invalid
15:39:29 <WARN> "get_largest_fragment" filter: CCOc1ccc2C3=C(CN(CC4CC5)C=CN(C)C3=O)S(=O)(=O)c2cc1OC is invalid
15:39:29 <WARN> "general_cleanup" filter: CCOc1ccc2C3=C(CN(CC4CC5)C=CN(C)C3=O)S(=O)(=O)c2cc1OC is invalid
15:39:29 <WARN> "general_cleanup" filter: CCOc1ccc2C3=C(CN(CC4CC5)C=CN(C)C3=O)S(=O)(=O)c2cc1OC is invalid
15:39:29 <WARN> "get_largest_fragment" filter: CCOC(=O)C=C1C(Oc2ccccc2)C(OC(=O)C23C(=O)c4cc(OCc5ccccc5)cccc15)c(O)c4CN2C35 is invalid
15:39:29 <WARN> "general_cleanup" filter: CCOC(=O)C=C1C(Oc2ccccc2)C(OC(=O)C23C(=O)c4cc(OCc5ccccc5)cccc15)c(O)c4CN2C35 is invalid
15:39:29 <WARN> "general_cleanup" filter: CCOC(=O)C=C1C(Oc2ccccc2)C(OC(=O)C23C(=O)c4cc(OCc5ccccc5)cccc15)c(O)c4CN2C35 is invalid
15:39:29 <WARN> "get_largest_fragment" filter: COc1ccc2[nH]c3CCC(C(CC(=O)NCCN4CCCCC4)C(=O)NC3c3ccsc3)c2c1 is invalid
15:39:29 <WARN> "general_cleanup" filter: COc1ccc2[nH]c3CCC(C(CC(=O)NCCN4CCCCC4)C(=O)NC3c3ccsc3)c2c1 is invalid
15:39:29 <WARN> "general_cleanup" filter: COc1ccc2[nH]c3CCC(C(CC(=O)NCCN4CCCCC4)C(=O)NC3c3ccsc3)c2c1 is invalid
15:39:29 <WARN> "get_largest_fragment" filter: COc1ccc(Oc2ccc3C(CCC3=N4)c2c1)C(=O)N1CCCc2ccccc12 is invalid
15:39:29 <WARN> "general_cleanup" filter: COc1ccc(Oc2ccc3C(CCC3=N4)c2c1)C(=O)N1CCCc2ccccc12 is invalid
15:39:29 <WARN> "general_cleanup" filter: COc1ccc(Oc2ccc3C(CCC3=N4)c2c1)C(=O)N1CCCc2ccccc12 is invalid
15:39:29 <WARN> "get_largest_fragment" filter: CCn1cc(CNC(=O)c2nc(N)sc2C)c1C is invalid
15:39:29 <WARN> "general_cleanup" filter: CCn1cc(CNC(=O)c2nc(N)sc2C)c1C is invalid
15:39:29 <WARN> "general_cleanup" filter: CCn1cc(CNC(=O)c2nc(N)sc2C)c1C is invalid
15:39:29 <WARN> "get_largest_fragment" filter: Clc1cccc2cc3C34CCCC(=C3)c2c1 is invalid
15:39:29 <WARN> "general_cleanup" filter: Clc1cccc2cc3C34CCCC(=C3)c2c1 is invalid
15:39:29 <WARN> "general_cleanup" filter: Clc1cccc2cc3C34CCCC(=C3)c2c1 is invalid
15:39:29 <WARN> "get_largest_fragment" filter: COc1cc2CCN(Cc2cc1OC)C(=O)CN1c2ccc(O)cc2C2CC(C)(C)OC2=OC1=O is invalid
15:39:29 <WARN> "general_cleanup" filter: COc1cc2CCN(Cc2cc1OC)C(=O)CN1c2ccc(O)cc2C2CC(C)(C)OC2=OC1=O is invalid
15:39:29 <WARN> "general_cleanup" filter: COc1cc2CCN(Cc2cc1OC)C(=O)CN1c2ccc(O)cc2C2CC(C)(C)OC2=OC1=O is invalid
15:39:29 <WARN> "get_largest_fragment" filter: Clc1ccc(CCNC(=O)c2sc3nc(CCNC(=O)CCC3NC(=O)C3CCCCC3)nc3ccccc23)cc1 is invalid
15:39:29 <WARN> "general_cleanup" filter: Clc1ccc(CCNC(=O)c2sc3nc(CCNC(=O)CCC3NC(=O)C3CCCCC3)nc3ccccc23)cc1 is invalid
15:39:29 <WARN> "general_cleanup" filter: Clc1ccc(CCNC(=O)c2sc3nc(CCNC(=O)CCC3NC(=O)C3CCCCC3)nc3ccccc23)cc1 is invalid
15:39:29 <WARN> "get_largest_fragment" filter: COc1cc2c3[nH]c(cc3c3ccccc3nc2cc1-c1cnn2c(C)nc(C)cn12)-c1ccccc1 is invalid
15:39:29 <WARN> "general_cleanup" filter: COc1cc2c3[nH]c(cc3c3ccccc3nc2cc1-c1cnn2c(C)nc(C)cn12)-c1ccccc1 is invalid
15:39:29 <WARN> "general_cleanup" filter: COc1cc2c3[nH]c(cc3c3ccccc3nc2cc1-c1cnn2c(C)nc(C)cn12)-c1ccccc1 is invalid
15:39:29 <WARN> "get_largest_fragment" filter: COc1cccc(C2CC(=O)N(C2=O)c2cc3c(c[nH]2)C(C)=CC3)c1S(C)(=O)=O is invalid
15:39:29 <WARN> "general_cleanup" filter: COc1cccc(C2CC(=O)N(C2=O)c2cc3c(c[nH]2)C(C)=CC3)c1S(C)(=O)=O is invalid
15:39:29 <WARN> "general_cleanup" filter: COc1cccc(C2CC(=O)N(C2=O)c2cc3c(c[nH]2)C(C)=CC3)c1S(C)(=O)=O is invalid
15:39:29 <WARN> "get_largest_fragment" filter: CCN(CC)CCn1cc(nn1)-c1ccc(cc1)-c1c(C)nc2c(nnn12)C1=CN=C(Br)C(C)=C1 is invalid
15:39:29 <WARN> "general_cleanup" filter: CCN(CC)CCn1cc(nn1)-c1ccc(cc1)-c1c(C)nc2c(nnn12)C1=CN=C(Br)C(C)=C1 is invalid
15:39:29 <WARN> "general_cleanup" filter: CCN(CC)CCn1cc(nn1)-c1ccc(cc1)-c1c(C)nc2c(nnn12)C1=CN=C(Br)C(C)=C1 is invalid
15:39:29 <WARN> "get_largest_fragment" filter: CCCc1ccc2c(N)c(CCN=C(N)N)nc(SCc3c(Cl)cnc-3c23)c1 is invalid
15:39:29 <WARN> "general_cleanup" filter: CCCc1ccc2c(N)c(CCN=C(N)N)nc(SCc3c(Cl)cnc-3c23)c1 is invalid
15:39:29 <WARN> "general_cleanup" filter: CCCc1ccc2c(N)c(CCN=C(N)N)nc(SCc3c(Cl)cnc-3c23)c1 is invalid
15:39:29 <WARN> "get_largest_fragment" filter: Nc1cccc(c1)-n1nc2cc(NC(=O)Nc3ccc(COc4ccc(cc4Cl)N5CCNCC4)cc3)ccc2n1 is invalid
15:39:29 <WARN> "general_cleanup" filter: Nc1cccc(c1)-n1nc2cc(NC(=O)Nc3ccc(COc4ccc(cc4Cl)N5CCNCC4)cc3)ccc2n1 is invalid
15:39:29 <WARN> "general_cleanup" filter: Nc1cccc(c1)-n1nc2cc(NC(=O)Nc3ccc(COc4ccc(cc4Cl)N5CCNCC4)cc3)ccc2n1 is invalid
15:39:29 <WARN> "get_largest_fragment" filter: O=S(=O)(CCc1ccccc1)(CCn1cncn1)c1ccc(cc1)N(=O)=O is invalid
15:39:29 <WARN> "general_cleanup" filter: O=S(=O)(CCc1ccccc1)(CCn1cncn1)c1ccc(cc1)N(=O)=O is invalid
15:39:29 <WARN> "general_cleanup" filter: O=S(=O)(CCc1ccccc1)(CCn1cncn1)c1ccc(cc1)N(=O)=O is invalid
15:39:29 <WARN> "get_largest_fragment" filter: CCOc1ccc2Oc3c(CN4CCC(CC4)NC(=O)c4cc5OCOc5cc4n3S3)cc2c1 is invalid
15:39:29 <WARN> "general_cleanup" filter: CCOc1ccc2Oc3c(CN4CCC(CC4)NC(=O)c4cc5OCOc5cc4n3S3)cc2c1 is invalid
15:39:29 <WARN> "general_cleanup" filter: CCOc1ccc2Oc3c(CN4CCC(CC4)NC(=O)c4cc5OCOc5cc4n3S3)cc2c1 is invalid
15:39:29 <WARN> "get_largest_fragment" filter: CCCc1ccc(OCc2sc(-c3ccc(cc3)-c3ccc(C)c(C)c3)nc2O)n1 is invalid
15:39:29 <WARN> "general_cleanup" filter: CCCc1ccc(OCc2sc(-c3ccc(cc3)-c3ccc(C)c(C)c3)nc2O)n1 is invalid
15:39:29 <WARN> "general_cleanup" filter: CCCc1ccc(OCc2sc(-c3ccc(cc3)-c3ccc(C)c(C)c3)nc2O)n1 is invalid
15:39:29 <WARN> "get_largest_fragment" filter: NC(=N)NC12CC3CC(CC(C3)C12)C(Br)C(F)(F)F is invalid
15:39:29 <WARN> "general_cleanup" filter: NC(=N)NC12CC3CC(CC(C3)C12)C(Br)C(F)(F)F is invalid
15:39:29 <WARN> "general_cleanup" filter: NC(=N)NC12CC3CC(CC(C3)C12)C(Br)C(F)(F)F is invalid
15:39:29 <WARN> "get_largest_fragment" filter: CN1c2ncc(C=NC(=S)NC3CC3)c(Cl)c2(Cl)C(=O)N(C)C1=O is invalid
15:39:29 <WARN> "general_cleanup" filter: CN1c2ncc(C=NC(=S)NC3CC3)c(Cl)c2(Cl)C(=O)N(C)C1=O is invalid
15:39:29 <WARN> "general_cleanup" filter: CN1c2ncc(C=NC(=S)NC3CC3)c(Cl)c2(Cl)C(=O)N(C)C1=O is invalid
15:39:29 <WARN> "get_largest_fragment" filter: CN(C)C(N1CCC(CF)CC1)C1=C(C)N(C)N(=O)=O is invalid
15:39:29 <WARN> "general_cleanup" filter: CN(C)C(N1CCC(CF)CC1)C1=C(C)N(C)N(=O)=O is invalid
15:39:29 <WARN> "general_cleanup" filter: CN(C)C(N1CCC(CF)CC1)C1=C(C)N(C)N(=O)=O is invalid
15:39:29 <WARN> "get_largest_fragment" filter: CC(=O)Oc1ccc2nc(SCC(=O)Nc3cccc4cccc(N)nc34)cc2c1 is invalid
15:39:29 <WARN> "general_cleanup" filter: CC(=O)Oc1ccc2nc(SCC(=O)Nc3cccc4cccc(N)nc34)cc2c1 is invalid
15:39:29 <WARN> "general_cleanup" filter: CC(=O)Oc1ccc2nc(SCC(=O)Nc3cccc4cccc(N)nc34)cc2c1 is invalid
15:39:29 <WARN> "get_largest_fragment" filter: COc1ccc(cc1)C1=NC(=O)c2cc3[nH]cnc3c(C1)c1cc(C)ccc1[nH]c1ccc(Cl)cc21 is invalid
15:39:29 <WARN> "general_cleanup" filter: COc1ccc(cc1)C1=NC(=O)c2cc3[nH]cnc3c(C1)c1cc(C)ccc1[nH]c1ccc(Cl)cc21 is invalid
15:39:29 <WARN> "general_cleanup" filter: COc1ccc(cc1)C1=NC(=O)c2cc3[nH]cnc3c(C1)c1cc(C)ccc1[nH]c1ccc(Cl)cc21 is invalid
15:39:29 <WARN> "get_largest_fragment" filter: [O-][n+]1on2C(=CC(=O)c3ccccc3)C(=O)c2c1CSc1ccc(O)cc1 is invalid
15:39:29 <WARN> "general_cleanup" filter: [O-][n+]1on2C(=CC(=O)c3ccccc3)C(=O)c2c1CSc1ccc(O)cc1 is invalid
15:39:29 <WARN> "general_cleanup" filter: [O-][n+]1on2C(=CC(=O)c3ccccc3)C(=O)c2c1CSc1ccc(O)cc1 is invalid
15:39:29 <WARN> "get_largest_fragment" filter: CN(C)C(=O)CN1C#Nc2cc(ccc2N(=O)=O)C1=O is invalid
15:39:29 <WARN> "general_cleanup" filter: CN(C)C(=O)CN1C#Nc2cc(ccc2N(=O)=O)C1=O is invalid
15:39:29 <WARN> "general_cleanup" filter: CN(C)C(=O)CN1C#Nc2cc(ccc2N(=O)=O)C1=O is invalid
15:39:29 <WARN> "get_largest_fragment" filter: O=C(Nc1ccnc2CC(Cc12)N1CCC2(CCCC2)Cc2ccccc2)c1cnccn1 is invalid
15:39:29 <WARN> "general_cleanup" filter: O=C(Nc1ccnc2CC(Cc12)N1CCC2(CCCC2)Cc2ccccc2)c1cnccn1 is invalid
15:39:29 <WARN> "general_cleanup" filter: O=C(Nc1ccnc2CC(Cc12)N1CCC2(CCCC2)Cc2ccccc2)c1cnccn1 is invalid
15:39:29 <WARN> "get_largest_fragment" filter: CN1c2cc([n+]([O-])c2-c2c(C(=O)N3CCC(CC3)c3ccccc3)oc12)-c1ccco1 is invalid
15:39:29 <WARN> "general_cleanup" filter: CN1c2cc([n+]([O-])c2-c2c(C(=O)N3CCC(CC3)c3ccccc3)oc12)-c1ccco1 is invalid
15:39:29 <WARN> "general_cleanup" filter: CN1c2cc([n+]([O-])c2-c2c(C(=O)N3CCC(CC3)c3ccccc3)oc12)-c1ccco1 is invalid
15:39:29 <WARN> "get_largest_fragment" filter: O=C1NC(=S)NC(=C1)c1ccc-2c(NC(=O)C=Cc3ccccc3)cc12 is invalid
15:39:29 <WARN> "general_cleanup" filter: O=C1NC(=S)NC(=C1)c1ccc-2c(NC(=O)C=Cc3ccccc3)cc12 is invalid
15:39:29 <WARN> "general_cleanup" filter: O=C1NC(=S)NC(=C1)c1ccc-2c(NC(=O)C=Cc3ccccc3)cc12 is invalid
15:39:29 <WARN> "get_largest_fragment" filter: CC1CCC23CNc4cc(ccc4OC22Cc3ccccc13)C2c1ccccn1 is invalid
15:39:29 <WARN> "general_cleanup" filter: CC1CCC23CNc4cc(ccc4OC22Cc3ccccc13)C2c1ccccn1 is invalid
15:39:29 <WARN> "general_cleanup" filter: CC1CCC23CNc4cc(ccc4OC22Cc3ccccc13)C2c1ccccn1 is invalid
15:39:29 <WARN> "get_largest_fragment" filter: COc1ccc2nc(NC(=O)CN3CCN(CC3)c3ccccc3)ncn2c1 is invalid
15:39:29 <WARN> "general_cleanup" filter: COc1ccc2nc(NC(=O)CN3CCN(CC3)c3ccccc3)ncn2c1 is invalid
15:39:29 <WARN> "general_cleanup" filter: COc1ccc2nc(NC(=O)CN3CCN(CC3)c3ccccc3)ncn2c1 is invalid
15:39:29 <WARN> "get_largest_fragment" filter: CC1=C(C2CCCCC2S1)c1ccc2ncc(-c3cccnc3O)c2c1 is invalid
15:39:29 <WARN> "general_cleanup" filter: CC1=C(C2CCCCC2S1)c1ccc2ncc(-c3cccnc3O)c2c1 is invalid
15:39:29 <WARN> "general_cleanup" filter: CC1=C(C2CCCCC2S1)c1ccc2ncc(-c3cccnc3O)c2c1 is invalid
15:39:29 <WARN> "get_largest_fragment" filter: CN(Cc1ccccc1)S(=O)(=O)c1ccc2nc(N)c(o2)-c2ccccc2Nc1ccc(F)cc1F is invalid
15:39:29 <WARN> "general_cleanup" filter: CN(Cc1ccccc1)S(=O)(=O)c1ccc2nc(N)c(o2)-c2ccccc2Nc1ccc(F)cc1F is invalid
15:39:29 <WARN> "general_cleanup" filter: CN(Cc1ccccc1)S(=O)(=O)c1ccc2nc(N)c(o2)-c2ccccc2Nc1ccc(F)cc1F is invalid
15:39:29 <WARN> "get_largest_fragment" filter: CN1c2nc3n(cnc3cnc2C(=O)N(C)C1=O)S(=O)(=O)Cc1ccc(Cl)cc1 is invalid
15:39:29 <WARN> "general_cleanup" filter: CN1c2nc3n(cnc3cnc2C(=O)N(C)C1=O)S(=O)(=O)Cc1ccc(Cl)cc1 is invalid
15:39:29 <WARN> "general_cleanup" filter: CN1c2nc3n(cnc3cnc2C(=O)N(C)C1=O)S(=O)(=O)Cc1ccc(Cl)cc1 is invalid
15:39:29 <WARN> "get_largest_fragment" filter: OC(=O)c1ccc(Sc2ncc3c(nn3c3ccccc3n2)-c2ccccc2)cc1 is invalid
15:39:29 <WARN> "general_cleanup" filter: OC(=O)c1ccc(Sc2ncc3c(nn3c3ccccc3n2)-c2ccccc2)cc1 is invalid
15:39:29 <WARN> "general_cleanup" filter: OC(=O)c1ccc(Sc2ncc3c(nn3c3ccccc3n2)-c2ccccc2)cc1 is invalid
15:39:29 <WARN> "get_largest_fragment" filter: COc1c(O)cc2nc(nc(N)c12)-c1ccccc1 is invalid
15:39:29 <WARN> "general_cleanup" filter: COc1c(O)cc2nc(nc(N)c12)-c1ccccc1 is invalid
15:39:29 <WARN> "general_cleanup" filter: COc1c(O)cc2nc(nc(N)c12)-c1ccccc1 is invalid
15:39:29 <WARN> "get_largest_fragment" filter: CC(C)C(NC(=O)C12CC3CC(CC(C3)C1)C2)C(C)CN(Cc1cnc2cccc(C)n1)C1(C)CCCCC21 is invalid
15:39:29 <WARN> "general_cleanup" filter: CC(C)C(NC(=O)C12CC3CC(CC(C3)C1)C2)C(C)CN(Cc1cnc2cccc(C)n1)C1(C)CCCCC21 is invalid
15:39:29 <WARN> "general_cleanup" filter: CC(C)C(NC(=O)C12CC3CC(CC(C3)C1)C2)C(C)CN(Cc1cnc2cccc(C)n1)C1(C)CCCCC21 is invalid
15:39:29 <WARN> "get_largest_fragment" filter: CC1=Nc2cc(NC(=O)c3cc(OCC4CC(OC(C)(C)C4)CS4)ccc3c2)C(=O)c2ccccc12 is invalid
15:39:29 <WARN> "general_cleanup" filter: CC1=Nc2cc(NC(=O)c3cc(OCC4CC(OC(C)(C)C4)CS4)ccc3c2)C(=O)c2ccccc12 is invalid
15:39:29 <WARN> "general_cleanup" filter: CC1=Nc2cc(NC(=O)c3cc(OCC4CC(OC(C)(C)C4)CS4)ccc3c2)C(=O)c2ccccc12 is invalid
15:39:29 <WARN> "get_largest_fragment" filter: [O-][n+]1sc2ccccn12 is invalid
15:39:29 <WARN> "general_cleanup" filter: [O-][n+]1sc2ccccn12 is invalid
15:39:29 <WARN> "general_cleanup" filter: [O-][n+]1sc2ccccn12 is invalid
15:39:29 <WARN> "get_largest_fragment" filter: COc1ccc2NC(=O)C(=Nc(c2)c2ccc4OCOc3c2)c1 is invalid
15:39:29 <WARN> "general_cleanup" filter: COc1ccc2NC(=O)C(=Nc(c2)c2ccc4OCOc3c2)c1 is invalid
15:39:29 <WARN> "general_cleanup" filter: COc1ccc2NC(=O)C(=Nc(c2)c2ccc4OCOc3c2)c1 is invalid
15:39:29 <WARN> "get_largest_fragment" filter: Cc1cccc(NS(=O)(=O)c2ccc(Oc3ccc4NC(CC(=O)Nc4ccc(cc4)N4CCNC4=O)=CNc34)c2)c1 is invalid
15:39:29 <WARN> "general_cleanup" filter: Cc1cccc(NS(=O)(=O)c2ccc(Oc3ccc4NC(CC(=O)Nc4ccc(cc4)N4CCNC4=O)=CNc34)c2)c1 is invalid
15:39:29 <WARN> "general_cleanup" filter: Cc1cccc(NS(=O)(=O)c2ccc(Oc3ccc4NC(CC(=O)Nc4ccc(cc4)N4CCNC4=O)=CNc34)c2)c1 is invalid
15:39:29 <WARN> "get_largest_fragment" filter: COC(=O)c1cc(OC)cc2ccccc2c1O is invalid
15:39:29 <WARN> "general_cleanup" filter: COC(=O)c1cc(OC)cc2ccccc2c1O is invalid
15:39:29 <WARN> "general_cleanup" filter: COC(=O)c1cc(OC)cc2ccccc2c1O is invalid
15:39:29 <WARN> "get_largest_fragment" filter: CN1CCN(CC1)c1cccc(OC(C)CN2c3ccc(C)nc3OC2=NOCc2ccncc12)c1cn(nc1Cn1cncn1)-c1ccc(F)cc1 is invalid
15:39:29 <WARN> "general_cleanup" filter: CN1CCN(CC1)c1cccc(OC(C)CN2c3ccc(C)nc3OC2=NOCc2ccncc12)c1cn(nc1Cn1cncn1)-c1ccc(F)cc1 is invalid
15:39:29 <WARN> "general_cleanup" filter: CN1CCN(CC1)c1cccc(OC(C)CN2c3ccc(C)nc3OC2=NOCc2ccncc12)c1cn(nc1Cn1cncn1)-c1ccc(F)cc1 is invalid
15:39:29 <WARN> "get_largest_fragment" filter: Cc1ccc(NC(=O)C2N(C(=O)C=CC=C2c2ccco2)=Cc2ccc(O)cc2C)cc1 is invalid
15:39:29 <WARN> "general_cleanup" filter: Cc1ccc(NC(=O)C2N(C(=O)C=CC=C2c2ccco2)=Cc2ccc(O)cc2C)cc1 is invalid
15:39:29 <WARN> "general_cleanup" filter: Cc1ccc(NC(=O)C2N(C(=O)C=CC=C2c2ccco2)=Cc2ccc(O)cc2C)cc1 is invalid
15:39:29 <WARN> "get_largest_fragment" filter: CCc1ccc(OC(=O)NS(=O)(=O)c2ccc3CCCCn3n2)c(c1)C#N is invalid
15:39:29 <WARN> "general_cleanup" filter: CCc1ccc(OC(=O)NS(=O)(=O)c2ccc3CCCCn3n2)c(c1)C#N is invalid
15:39:29 <WARN> "general_cleanup" filter: CCc1ccc(OC(=O)NS(=O)(=O)c2ccc3CCCCn3n2)c(c1)C#N is invalid
15:39:29 <WARN> "get_largest_fragment" filter: CCc1c(O)c(CCC23CC5CC(CC(C4)C23)C2=CC(=O)CC(C)(C)C2)c2cc(ccc12)C(O)=O is invalid
15:39:29 <WARN> "general_cleanup" filter: CCc1c(O)c(CCC23CC5CC(CC(C4)C23)C2=CC(=O)CC(C)(C)C2)c2cc(ccc12)C(O)=O is invalid
15:39:29 <WARN> "general_cleanup" filter: CCc1c(O)c(CCC23CC5CC(CC(C4)C23)C2=CC(=O)CC(C)(C)C2)c2cc(ccc12)C(O)=O is invalid
15:39:29 <WARN> "get_largest_fragment" filter: CCNC1=NC2CC3C1(CC(C)(C)CN(CC)CC2)C(=O)C1CC1C#N is invalid
15:39:29 <WARN> "general_cleanup" filter: CCNC1=NC2CC3C1(CC(C)(C)CN(CC)CC2)C(=O)C1CC1C#N is invalid
15:39:29 <WARN> "general_cleanup" filter: CCNC1=NC2CC3C1(CC(C)(C)CN(CC)CC2)C(=O)C1CC1C#N is invalid
15:39:29 <WARN> "get_largest_fragment" filter: CNCCc1cc2c(c1)[nH]c1c(Cl)c(Br)ccc21 is invalid
15:39:29 <WARN> "general_cleanup" filter: CNCCc1cc2c(c1)[nH]c1c(Cl)c(Br)ccc21 is invalid
15:39:29 <WARN> "general_cleanup" filter: CNCCc1cc2c(c1)[nH]c1c(Cl)c(Br)ccc21 is invalid
15:39:29 <WARN> "get_largest_fragment" filter: CCc1cc2C(=O)CC(CCOc3ccc(OCN4F)cc4)C(=O)Oc3c2cc1O is invalid
15:39:29 <WARN> "general_cleanup" filter: CCc1cc2C(=O)CC(CCOc3ccc(OCN4F)cc4)C(=O)Oc3c2cc1O is invalid
15:39:29 <WARN> "general_cleanup" filter: CCc1cc2C(=O)CC(CCOc3ccc(OCN4F)cc4)C(=O)Oc3c2cc1O is invalid
15:39:29 <WARN> "get_largest_fragment" filter: OC(=O)CCCC(NC(=O)C1N=C(O)OC2=C1C=CCC=C2 is invalid
15:39:29 <WARN> "general_cleanup" filter: OC(=O)CCCC(NC(=O)C1N=C(O)OC2=C1C=CCC=C2 is invalid
15:39:29 <WARN> "general_cleanup" filter: OC(=O)CCCC(NC(=O)C1N=C(O)OC2=C1C=CCC=C2 is invalid
15:39:29 <WARN> "get_largest_fragment" filter: COc1cc(O)cc(C=CC(=O)OCC2=CC(=O)Oc3cc(OC(Cl)(F)C(F)(F)F)ccc3c2)c1 is invalid
15:39:29 <WARN> "general_cleanup" filter: COc1cc(O)cc(C=CC(=O)OCC2=CC(=O)Oc3cc(OC(Cl)(F)C(F)(F)F)ccc3c2)c1 is invalid
15:39:29 <WARN> "general_cleanup" filter: COc1cc(O)cc(C=CC(=O)OCC2=CC(=O)Oc3cc(OC(Cl)(F)C(F)(F)F)ccc3c2)c1 is invalid
15:39:29 <WARN> "get_largest_fragment" filter: CCCCCCCCC(=C)C1=CC(=O)Oc2c1c1ccccc1[nH]c2CO is invalid
15:39:29 <WARN> "general_cleanup" filter: CCCCCCCCC(=C)C1=CC(=O)Oc2c1c1ccccc1[nH]c2CO is invalid
15:39:29 <WARN> "general_cleanup" filter: CCCCCCCCC(=C)C1=CC(=O)Oc2c1c1ccccc1[nH]c2CO is invalid
15:39:29 <WARN> "get_largest_fragment" filter: Clc1cc(Cl)c(cc1Cl)C1CFc2ccccc2Sc2cccnc12 is invalid
15:39:29 <WARN> "general_cleanup" filter: Clc1cc(Cl)c(cc1Cl)C1CFc2ccccc2Sc2cccnc12 is invalid
15:39:29 <WARN> "general_cleanup" filter: Clc1cc(Cl)c(cc1Cl)C1CFc2ccccc2Sc2cccnc12 is invalid
15:39:29 <WARN> "get_largest_fragment" filter: CCCN1C(=O)NC(C)=C(C2CC=C3C(Cc4cc(Br)c(C)cc34)N2)=C1C is invalid
15:39:29 <WARN> "general_cleanup" filter: CCCN1C(=O)NC(C)=C(C2CC=C3C(Cc4cc(Br)c(C)cc34)N2)=C1C is invalid
15:39:29 <WARN> "general_cleanup" filter: CCCN1C(=O)NC(C)=C(C2CC=C3C(Cc4cc(Br)c(C)cc34)N2)=C1C is invalid
15:39:29 <WARN> "get_largest_fragment" filter: CC1(C)C2CC1(CN1CC(SCCc3cn(C)c5ccccc4c3)C1=C)NOC(CC)(CC1CCCC1)C2 is invalid
15:39:29 <WARN> "general_cleanup" filter: CC1(C)C2CC1(CN1CC(SCCc3cn(C)c5ccccc4c3)C1=C)NOC(CC)(CC1CCCC1)C2 is invalid
15:39:29 <WARN> "general_cleanup" filter: CC1(C)C2CC1(CN1CC(SCCc3cn(C)c5ccccc4c3)C1=C)NOC(CC)(CC1CCCC1)C2 is invalid
15:39:29 <WARN> "get_largest_fragment" filter: C1Oc2ccc(cc2N1C(=O)C1CCN(CCCN2C(=O)CC3=C(Cl)C(=O)C(CC4=C3S2)N1)c1ccccc1)C=O is invalid
15:39:29 <WARN> "general_cleanup" filter: C1Oc2ccc(cc2N1C(=O)C1CCN(CCCN2C(=O)CC3=C(Cl)C(=O)C(CC4=C3S2)N1)c1ccccc1)C=O is invalid
15:39:29 <WARN> "general_cleanup" filter: C1Oc2ccc(cc2N1C(=O)C1CCN(CCCN2C(=O)CC3=C(Cl)C(=O)C(CC4=C3S2)N1)c1ccccc1)C=O is invalid
15:39:29 <WARN> "get_largest_fragment" filter: Fc1ccc(NC(=O)CCOc2ccc4nccnn23)c(c1)N(=O)=O is invalid
15:39:29 <WARN> "general_cleanup" filter: Fc1ccc(NC(=O)CCOc2ccc4nccnn23)c(c1)N(=O)=O is invalid
15:39:29 <WARN> "general_cleanup" filter: Fc1ccc(NC(=O)CCOc2ccc4nccnn23)c(c1)N(=O)=O is invalid
15:39:29 <WARN> "get_largest_fragment" filter: NC(=N)c1ccc2N(CN3CCOCC3)C(=O)C3C(C)(CCC2(C)C3=O)c1 is invalid
15:39:29 <WARN> "general_cleanup" filter: NC(=N)c1ccc2N(CN3CCOCC3)C(=O)C3C(C)(CCC2(C)C3=O)c1 is invalid
15:39:29 <WARN> "general_cleanup" filter: NC(=N)c1ccc2N(CN3CCOCC3)C(=O)C3C(C)(CCC2(C)C3=O)c1 is invalid
15:39:29 <WARN> "get_largest_fragment" filter: FC(F)(F)c1cccc(CNS(=O)(=O)c2ccc(cc2)-c2nc3nc(cn3c2Cl)-c2ccccc2)c1 is invalid
15:39:29 <WARN> "general_cleanup" filter: FC(F)(F)c1cccc(CNS(=O)(=O)c2ccc(cc2)-c2nc3nc(cn3c2Cl)-c2ccccc2)c1 is invalid
15:39:29 <WARN> "general_cleanup" filter: FC(F)(F)c1cccc(CNS(=O)(=O)c2ccc(cc2)-c2nc3nc(cn3c2Cl)-c2ccccc2)c1 is invalid
15:39:29 <WARN> "get_largest_fragment" filter: CCCCCCNC(=O)C1=C(C)N(CC2CCCO2)Oc2c(NC(=O)CCN3CCN(CC3)c3ccsc3C)nnc3ccccc123 is invalid
15:39:29 <WARN> "general_cleanup" filter: CCCCCCNC(=O)C1=C(C)N(CC2CCCO2)Oc2c(NC(=O)CCN3CCN(CC3)c3ccsc3C)nnc3ccccc123 is invalid
15:39:29 <WARN> "general_cleanup" filter: CCCCCCNC(=O)C1=C(C)N(CC2CCCO2)Oc2c(NC(=O)CCN3CCN(CC3)c3ccsc3C)nnc3ccccc123 is invalid
15:39:29 <WARN> "get_largest_fragment" filter: CCCNC(=O)c1cc2-c3c(C(Nc5ccc(OC)c(OC)c5)ncc5cc4Cl)CCCn3nc2n1 is invalid
15:39:29 <WARN> "general_cleanup" filter: CCCNC(=O)c1cc2-c3c(C(Nc5ccc(OC)c(OC)c5)ncc5cc4Cl)CCCn3nc2n1 is invalid
15:39:29 <WARN> "general_cleanup" filter: CCCNC(=O)c1cc2-c3c(C(Nc5ccc(OC)c(OC)c5)ncc5cc4Cl)CCCn3nc2n1 is invalid
15:39:29 <WARN> "get_largest_fragment" filter: COC(=O)OCC(C#N)S(=O)(=O)c1ccc2nc(C)no2c1 is invalid
15:39:29 <WARN> "general_cleanup" filter: COC(=O)OCC(C#N)S(=O)(=O)c1ccc2nc(C)no2c1 is invalid
15:39:29 <WARN> "general_cleanup" filter: COC(=O)OCC(C#N)S(=O)(=O)c1ccc2nc(C)no2c1 is invalid
15:39:29 <WARN> "get_largest_fragment" filter: Fc1ccc(cc1)-c1ccc(C=C2C(=O)OC(=Cc3cccc(c4)C#N)C(=O)c23)o1 is invalid
15:39:29 <WARN> "general_cleanup" filter: Fc1ccc(cc1)-c1ccc(C=C2C(=O)OC(=Cc3cccc(c4)C#N)C(=O)c23)o1 is invalid
15:39:29 <WARN> "general_cleanup" filter: Fc1ccc(cc1)-c1ccc(C=C2C(=O)OC(=Cc3cccc(c4)C#N)C(=O)c23)o1 is invalid
15:39:29 <WARN> "get_largest_fragment" filter: Brc1ccc2nn(c(-c3ccccc3)c2c1)[N+]1(C(=O)=O)CCOc2ccc3ccccc3c12 is invalid
15:39:29 <WARN> "general_cleanup" filter: Brc1ccc2nn(c(-c3ccccc3)c2c1)[N+]1(C(=O)=O)CCOc2ccc3ccccc3c12 is invalid
15:39:29 <WARN> "general_cleanup" filter: Brc1ccc2nn(c(-c3ccccc3)c2c1)[N+]1(C(=O)=O)CCOc2ccc3ccccc3c12 is invalid
15:39:29 <WARN> "get_largest_fragment" filter: Cc1cc(C)n2c3-c4ccc(cc4C(=O)c3n3cccc12)C3(C)C is invalid
15:39:29 <WARN> "general_cleanup" filter: Cc1cc(C)n2c3-c4ccc(cc4C(=O)c3n3cccc12)C3(C)C is invalid
15:39:29 <WARN> "general_cleanup" filter: Cc1cc(C)n2c3-c4ccc(cc4C(=O)c3n3cccc12)C3(C)C is invalid
15:39:29 <WARN> "get_largest_fragment" filter: Cc1ccc(NC(=O)C23CCC(=O)C2)c(C#N)c2nc(nn12)-c1ccc(Cl)cc1 is invalid
15:39:29 <WARN> "general_cleanup" filter: Cc1ccc(NC(=O)C23CCC(=O)C2)c(C#N)c2nc(nn12)-c1ccc(Cl)cc1 is invalid
15:39:29 <WARN> "general_cleanup" filter: Cc1ccc(NC(=O)C23CCC(=O)C2)c(C#N)c2nc(nn12)-c1ccc(Cl)cc1 is invalid
15:39:29 <WARN> "get_largest_fragment" filter: Brc1ccc2[nH]cc(C3COC44C(=O)CCC34)C2=Nc2ccccc2C(=O)OCc1ccccc1 is invalid
15:39:29 <WARN> "general_cleanup" filter: Brc1ccc2[nH]cc(C3COC44C(=O)CCC34)C2=Nc2ccccc2C(=O)OCc1ccccc1 is invalid
15:39:29 <WARN> "general_cleanup" filter: Brc1ccc2[nH]cc(C3COC44C(=O)CCC34)C2=Nc2ccccc2C(=O)OCc1ccccc1 is invalid
15:39:29 <WARN> "get_largest_fragment" filter: Clc1cccc(COc2cc3ncnc(Nc4cccc(Cl)c4)c3n2)c1 is invalid
15:39:29 <WARN> "general_cleanup" filter: Clc1cccc(COc2cc3ncnc(Nc4cccc(Cl)c4)c3n2)c1 is invalid
15:39:29 <WARN> "general_cleanup" filter: Clc1cccc(COc2cc3ncnc(Nc4cccc(Cl)c4)c3n2)c1 is invalid
15:39:29 <WARN> "get_largest_fragment" filter: CCCCCCCCCN(CCCC)CC1C[n+]2ccc(O)c3CCSc23)C(O)C1OC(=O)c1ccccc1 is invalid
15:39:29 <WARN> "general_cleanup" filter: CCCCCCCCCN(CCCC)CC1C[n+]2ccc(O)c3CCSc23)C(O)C1OC(=O)c1ccccc1 is invalid
15:39:29 <WARN> "general_cleanup" filter: CCCCCCCCCN(CCCC)CC1C[n+]2ccc(O)c3CCSc23)C(O)C1OC(=O)c1ccccc1 is invalid
15:39:29 <WARN> "get_largest_fragment" filter: CNC(=O)C1(C)CCCC2(C)Oc3ccc4c(cc(OC)c5OC(O)c4c3C2=O)C1O is invalid
15:39:29 <WARN> "general_cleanup" filter: CNC(=O)C1(C)CCCC2(C)Oc3ccc4c(cc(OC)c5OC(O)c4c3C2=O)C1O is invalid
15:39:29 <WARN> "general_cleanup" filter: CNC(=O)C1(C)CCCC2(C)Oc3ccc4c(cc(OC)c5OC(O)c4c3C2=O)C1O is invalid
15:39:29 <WARN> "get_largest_fragment" filter: CCC1=C(C)C2CCC34CCCC(O)(CCC=C(C)O)C13C(=O)c1cc(F)ccc1C2=O is invalid
15:39:29 <WARN> "general_cleanup" filter: CCC1=C(C)C2CCC34CCCC(O)(CCC=C(C)O)C13C(=O)c1cc(F)ccc1C2=O is invalid
15:39:29 <WARN> "general_cleanup" filter: CCC1=C(C)C2CCC34CCCC(O)(CCC=C(C)O)C13C(=O)c1cc(F)ccc1C2=O is invalid
15:39:29 <WARN> "get_largest_fragment" filter: CCC(=O)OC1CCCC2=NN3C(=N)c4ccccc3N12 is invalid
15:39:29 <WARN> "general_cleanup" filter: CCC(=O)OC1CCCC2=NN3C(=N)c4ccccc3N12 is invalid
15:39:29 <WARN> "general_cleanup" filter: CCC(=O)OC1CCCC2=NN3C(=N)c4ccccc3N12 is invalid
15:39:29 <WARN> "get_largest_fragment" filter: CC(=O)C(CC=C)C1C2OC3(CCC4(O)C(O)CC(O)C(C)(C)C4CCC3(C)C15CC2)C(=O)OC is invalid
15:39:29 <WARN> "general_cleanup" filter: CC(=O)C(CC=C)C1C2OC3(CCC4(O)C(O)CC(O)C(C)(C)C4CCC3(C)C15CC2)C(=O)OC is invalid
15:39:29 <WARN> "general_cleanup" filter: CC(=O)C(CC=C)C1C2OC3(CCC4(O)C(O)CC(O)C(C)(C)C4CCC3(C)C15CC2)C(=O)OC is invalid
15:39:29 <WARN> "get_largest_fragment" filter: N#Cc1nn2c(-c3ccccc3)nc3cc(Cl)ccc3c21 is invalid
15:39:29 <WARN> "general_cleanup" filter: N#Cc1nn2c(-c3ccccc3)nc3cc(Cl)ccc3c21 is invalid
15:39:29 <WARN> "general_cleanup" filter: N#Cc1nn2c(-c3ccccc3)nc3cc(Cl)ccc3c21 is invalid
15:39:29 <WARN> "get_largest_fragment" filter: CC(N)C(=O)OC1CC2(C)C(CCC3C2CC(=C)C2CCC4C(C2)CCC13C)OC(=O)c1cccs1 is invalid
15:39:29 <WARN> "general_cleanup" filter: CC(N)C(=O)OC1CC2(C)C(CCC3C2CC(=C)C2CCC4C(C2)CCC13C)OC(=O)c1cccs1 is invalid
15:39:29 <WARN> "general_cleanup" filter: CC(N)C(=O)OC1CC2(C)C(CCC3C2CC(=C)C2CCC4C(C2)CCC13C)OC(=O)c1cccs1 is invalid
15:39:29 <WARN> "get_largest_fragment" filter: COc1cc(OC)nc(NC(=O)C2=Cc3ccc(OCCN4CC4CCCCC4C#N)cc3C2=O)c1 is invalid
15:39:29 <WARN> "general_cleanup" filter: COc1cc(OC)nc(NC(=O)C2=Cc3ccc(OCCN4CC4CCCCC4C#N)cc3C2=O)c1 is invalid
15:39:29 <WARN> "general_cleanup" filter: COc1cc(OC)nc(NC(=O)C2=Cc3ccc(OCCN4CC4CCCCC4C#N)cc3C2=O)c1 is invalid
15:39:29 <WARN> "get_largest_fragment" filter: CCOC(=O)C12=C(CCCCC2)C2(CC1=O)C(=O)OC2 is invalid
15:39:29 <WARN> "general_cleanup" filter: CCOC(=O)C12=C(CCCCC2)C2(CC1=O)C(=O)OC2 is invalid
15:39:29 <WARN> "general_cleanup" filter: CCOC(=O)C12=C(CCCCC2)C2(CC1=O)C(=O)OC2 is invalid
15:39:29 <WARN> "get_largest_fragment" filter: CN(C)S(=O)(=O)c1ccccc1NC(=O)c1ccc(Br)cs1 is invalid
15:39:29 <WARN> "general_cleanup" filter: CN(C)S(=O)(=O)c1ccccc1NC(=O)c1ccc(Br)cs1 is invalid
15:39:29 <WARN> "general_cleanup" filter: CN(C)S(=O)(=O)c1ccccc1NC(=O)c1ccc(Br)cs1 is invalid
15:39:29 <WARN> "get_largest_fragment" filter: COc1ccc(cc1)-c1ccn2c(Sc3cncc4ccncn34)nc(C)nc12 is invalid
15:39:29 <WARN> "general_cleanup" filter: COc1ccc(cc1)-c1ccn2c(Sc3cncc4ccncn34)nc(C)nc12 is invalid
15:39:29 <WARN> "general_cleanup" filter: COc1ccc(cc1)-c1ccn2c(Sc3cncc4ccncn34)nc(C)nc12 is invalid
15:39:29 <WARN> "get_largest_fragment" filter: CCOc1ccc(cc1)C#Cc1ccn2c(c(C)nn12)-c1ccc(F)cc1 is invalid
15:39:29 <WARN> "general_cleanup" filter: CCOc1ccc(cc1)C#Cc1ccn2c(c(C)nn12)-c1ccc(F)cc1 is invalid
15:39:29 <WARN> "general_cleanup" filter: CCOc1ccc(cc1)C#Cc1ccn2c(c(C)nn12)-c1ccc(F)cc1 is invalid
15:39:29 <WARN> "get_largest_fragment" filter: CCCc1ccc(SC(=O)Nc2c(OCCO)N(C)CCNCc3cccs3)nccc2n1 is invalid
15:39:29 <WARN> "general_cleanup" filter: CCCc1ccc(SC(=O)Nc2c(OCCO)N(C)CCNCc3cccs3)nccc2n1 is invalid
15:39:29 <WARN> "general_cleanup" filter: CCCc1ccc(SC(=O)Nc2c(OCCO)N(C)CCNCc3cccs3)nccc2n1 is invalid
15:39:29 <WARN> "get_largest_fragment" filter: CC1=NC23CC4CC(CC(C5)C2)C3(C)CCC1=O is invalid
15:39:29 <WARN> "general_cleanup" filter: CC1=NC23CC4CC(CC(C5)C2)C3(C)CCC1=O is invalid
15:39:29 <WARN> "general_cleanup" filter: CC1=NC23CC4CC(CC(C5)C2)C3(C)CCC1=O is invalid
15:39:29 <WARN> "get_largest_fragment" filter: COC(=O)c1c2CCCCC(Cc2cc2CCc3ccccc3F)c2c1OC is invalid
15:39:29 <WARN> "general_cleanup" filter: COC(=O)c1c2CCCCC(Cc2cc2CCc3ccccc3F)c2c1OC is invalid
15:39:29 <WARN> "general_cleanup" filter: COC(=O)c1c2CCCCC(Cc2cc2CCc3ccccc3F)c2c1OC is invalid
15:39:29 <WARN> "get_largest_fragment" filter: O=C(CS(=O)(=O)C1CCN(CC1)C1(CCc2ccccc12)NC1=NS(=O)(=O)c2ccccn12)c1ccccc1 is invalid
15:39:29 <WARN> "general_cleanup" filter: O=C(CS(=O)(=O)C1CCN(CC1)C1(CCc2ccccc12)NC1=NS(=O)(=O)c2ccccn12)c1ccccc1 is invalid
15:39:29 <WARN> "general_cleanup" filter: O=C(CS(=O)(=O)C1CCN(CC1)C1(CCc2ccccc12)NC1=NS(=O)(=O)c2ccccn12)c1ccccc1 is invalid
15:39:29 <WARN> "get_largest_fragment" filter: Cc1ccc(CN(C2CCN(Cc3nccc4ccccc33)CC2)C(=O)c2ccc(Cl)cc2)cc1 is invalid
15:39:29 <WARN> "general_cleanup" filter: Cc1ccc(CN(C2CCN(Cc3nccc4ccccc33)CC2)C(=O)c2ccc(Cl)cc2)cc1 is invalid
15:39:29 <WARN> "general_cleanup" filter: Cc1ccc(CN(C2CCN(Cc3nccc4ccccc33)CC2)C(=O)c2ccc(Cl)cc2)cc1 is invalid
15:39:29 <WARN> "get_largest_fragment" filter: CCCNC(=O)C1Nc2cccc3cccc(N1Oc1cccc-21)c1ccccc21 is invalid
15:39:29 <WARN> "general_cleanup" filter: CCCNC(=O)C1Nc2cccc3cccc(N1Oc1cccc-21)c1ccccc21 is invalid
15:39:29 <WARN> "general_cleanup" filter: CCCNC(=O)C1Nc2cccc3cccc(N1Oc1cccc-21)c1ccccc21 is invalid
15:39:29 <WARN> "get_largest_fragment" filter: CC1Cc2ccccc2-c2c1nc1ccccc21 is invalid
15:39:29 <WARN> "general_cleanup" filter: CC1Cc2ccccc2-c2c1nc1ccccc21 is invalid
15:39:29 <WARN> "general_cleanup" filter: CC1Cc2ccccc2-c2c1nc1ccccc21 is invalid
15:39:29 <WARN> "get_largest_fragment" filter: CN(C)Cc1nnc2-c3n(C4CC4)cnc(-c4cccc(O)c5)c4C1=[N+]([O-])c1nnc(nc31)-c1cc(F)ccc1C2=O is invalid
15:39:29 <WARN> "general_cleanup" filter: CN(C)Cc1nnc2-c3n(C4CC4)cnc(-c4cccc(O)c5)c4C1=[N+]([O-])c1nnc(nc31)-c1cc(F)ccc1C2=O is invalid
15:39:29 <WARN> "general_cleanup" filter: CN(C)Cc1nnc2-c3n(C4CC4)cnc(-c4cccc(O)c5)c4C1=[N+]([O-])c1nnc(nc31)-c1cc(F)ccc1C2=O is invalid
15:39:29 <WARN> "get_largest_fragment" filter: CN(C)CC1CCCCN1Cc1c(C)nc2c(OCc3ccccc3)ccnc12 is invalid
15:39:29 <WARN> "general_cleanup" filter: CN(C)CC1CCCCN1Cc1c(C)nc2c(OCc3ccccc3)ccnc12 is invalid
15:39:29 <WARN> "general_cleanup" filter: CN(C)CC1CCCCN1Cc1c(C)nc2c(OCc3ccccc3)ccnc12 is invalid
15:39:29 <WARN> "get_largest_fragment" filter: Cc1cc2[nH]c3c(CN(CCC4CCCCC4)CCc3c2Cl)cc1C#N is invalid
15:39:29 <WARN> "general_cleanup" filter: Cc1cc2[nH]c3c(CN(CCC4CCCCC4)CCc3c2Cl)cc1C#N is invalid
15:39:29 <WARN> "general_cleanup" filter: Cc1cc2[nH]c3c(CN(CCC4CCCCC4)CCc3c2Cl)cc1C#N is invalid
15:39:29 <WARN> "get_largest_fragment" filter: Cc1noc(C(=O)NC23CC(CO)(C(O)C2O)C(=C)c3cccc(Cl)c1)C(C)(C)C(=O)OCC is invalid
15:39:29 <WARN> "general_cleanup" filter: Cc1noc(C(=O)NC23CC(CO)(C(O)C2O)C(=C)c3cccc(Cl)c1)C(C)(C)C(=O)OCC is invalid
15:39:29 <WARN> "general_cleanup" filter: Cc1noc(C(=O)NC23CC(CO)(C(O)C2O)C(=C)c3cccc(Cl)c1)C(C)(C)C(=O)OCC is invalid
15:39:29 <WARN> "get_largest_fragment" filter: CC(=O)NCCN1CCc2cccc3cc4OCCCc4c(c1)c23 is invalid
15:39:29 <WARN> "general_cleanup" filter: CC(=O)NCCN1CCc2cccc3cc4OCCCc4c(c1)c23 is invalid
15:39:29 <WARN> "general_cleanup" filter: CC(=O)NCCN1CCc2cccc3cc4OCCCc4c(c1)c23 is invalid
15:39:29 <WARN> "get_largest_fragment" filter: COc1ccc(CCNCCc2cc(NC(=O)COCc3cccc(Cl)c3)c3ccncc23)cc1OC is invalid
15:39:29 <WARN> "general_cleanup" filter: COc1ccc(CCNCCc2cc(NC(=O)COCc3cccc(Cl)c3)c3ccncc23)cc1OC is invalid
15:39:29 <WARN> "general_cleanup" filter: COc1ccc(CCNCCc2cc(NC(=O)COCc3cccc(Cl)c3)c3ccncc23)cc1OC is invalid
15:39:29 <WARN> "get_largest_fragment" filter: COC1Cn2c(CN1c1ccc(F)cc1)[n+]([O-])ccc2C(=O)c1ccccc1 is invalid
15:39:29 <WARN> "general_cleanup" filter: COC1Cn2c(CN1c1ccc(F)cc1)[n+]([O-])ccc2C(=O)c1ccccc1 is invalid
15:39:29 <WARN> "general_cleanup" filter: COC1Cn2c(CN1c1ccc(F)cc1)[n+]([O-])ccc2C(=O)c1ccccc1 is invalid
15:39:29 <WARN> "get_largest_fragment" filter: Cn1cc(C(C#N)(=O)=C2C(=O)NC4C(=O)N=C(Nc3ccccc3O)C2=O)nn1 is invalid
15:39:29 <WARN> "general_cleanup" filter: Cn1cc(C(C#N)(=O)=C2C(=O)NC4C(=O)N=C(Nc3ccccc3O)C2=O)nn1 is invalid
15:39:29 <WARN> "general_cleanup" filter: Cn1cc(C(C#N)(=O)=C2C(=O)NC4C(=O)N=C(Nc3ccccc3O)C2=O)nn1 is invalid
15:39:29 <WARN> "get_largest_fragment" filter: CCOC(=O)NC(Cc1cscs1)C(O)C(Cc1ccccc1)NC(=O)c1ccccn1 is invalid
15:39:29 <WARN> "general_cleanup" filter: CCOC(=O)NC(Cc1cscs1)C(O)C(Cc1ccccc1)NC(=O)c1ccccn1 is invalid
15:39:29 <WARN> "general_cleanup" filter: CCOC(=O)NC(Cc1cscs1)C(O)C(Cc1ccccc1)NC(=O)c1ccccn1 is invalid
15:39:29 <WARN> "get_largest_fragment" filter: COc1c(O)cc(C)c2c(c(Cl)nc(C)n12)-c1ccc(Cl)cc1 is invalid
15:39:29 <WARN> "general_cleanup" filter: COc1c(O)cc(C)c2c(c(Cl)nc(C)n12)-c1ccc(Cl)cc1 is invalid
15:39:29 <WARN> "general_cleanup" filter: COc1c(O)cc(C)c2c(c(Cl)nc(C)n12)-c1ccc(Cl)cc1 is invalid
15:39:29 <WARN> "get_largest_fragment" filter: NS(=O)(=O)c1cc2ccc(C(=O)NC(CCSCc3ccccc3)N(CC#C)CCl)c2[nH]1 is invalid
15:39:29 <WARN> "general_cleanup" filter: NS(=O)(=O)c1cc2ccc(C(=O)NC(CCSCc3ccccc3)N(CC#C)CCl)c2[nH]1 is invalid
15:39:29 <WARN> "general_cleanup" filter: NS(=O)(=O)c1cc2ccc(C(=O)NC(CCSCc3ccccc3)N(CC#C)CCl)c2[nH]1 is invalid
15:39:29 <WARN> "get_largest_fragment" filter: Cc1csc2NC=C(C(=O)N3CCC(CC3)c3c[nH]c3C=CC(=O)c12)C(=O)NCC(O)=O is invalid
15:39:29 <WARN> "general_cleanup" filter: Cc1csc2NC=C(C(=O)N3CCC(CC3)c3c[nH]c3C=CC(=O)c12)C(=O)NCC(O)=O is invalid
15:39:29 <WARN> "general_cleanup" filter: Cc1csc2NC=C(C(=O)N3CCC(CC3)c3c[nH]c3C=CC(=O)c12)C(=O)NCC(O)=O is invalid
15:39:29 <WARN> "get_largest_fragment" filter: CCCN1c2nc3[nH]c(cc3c2OCCn2nc(C)cc2C1=O)-c1ccc(F)cc1 is invalid
15:39:29 <WARN> "general_cleanup" filter: CCCN1c2nc3[nH]c(cc3c2OCCn2nc(C)cc2C1=O)-c1ccc(F)cc1 is invalid
15:39:29 <WARN> "general_cleanup" filter: CCCN1c2nc3[nH]c(cc3c2OCCn2nc(C)cc2C1=O)-c1ccc(F)cc1 is invalid
15:39:29 <WARN> "get_largest_fragment" filter: CC1(C)Cl)c2cc(ccc2c1NN=Cc1cccc(C)c1 is invalid
15:39:29 <WARN> "general_cleanup" filter: CC1(C)Cl)c2cc(ccc2c1NN=Cc1cccc(C)c1 is invalid
15:39:29 <WARN> "general_cleanup" filter: CC1(C)Cl)c2cc(ccc2c1NN=Cc1cccc(C)c1 is invalid
15:39:29 <WARN> "get_largest_fragment" filter: Cc1ccc(Oc2c(nc3ccccc23)-c2cc(ccc2SC2=NCCO2)N(=O)=O)cc1 is invalid
15:39:29 <WARN> "general_cleanup" filter: Cc1ccc(Oc2c(nc3ccccc23)-c2cc(ccc2SC2=NCCO2)N(=O)=O)cc1 is invalid
15:39:29 <WARN> "general_cleanup" filter: Cc1ccc(Oc2c(nc3ccccc23)-c2cc(ccc2SC2=NCCO2)N(=O)=O)cc1 is invalid
15:39:29 <WARN> "get_largest_fragment" filter: CCOC(=O)NC1CCCc2c(C)c(CC)[nH]nc12 is invalid
15:39:29 <WARN> "general_cleanup" filter: CCOC(=O)NC1CCCc2c(C)c(CC)[nH]nc12 is invalid
15:39:29 <WARN> "general_cleanup" filter: CCOC(=O)NC1CCCc2c(C)c(CC)[nH]nc12 is invalid
15:39:29 <WARN> "get_largest_fragment" filter: COc1cc(C)cc(c1)C(=O)Nc1c2ccncc2s1 is invalid
15:39:29 <WARN> "general_cleanup" filter: COc1cc(C)cc(c1)C(=O)Nc1c2ccncc2s1 is invalid
15:39:29 <WARN> "general_cleanup" filter: COc1cc(C)cc(c1)C(=O)Nc1c2ccncc2s1 is invalid
15:39:29 <WARN> "get_largest_fragment" filter: CC(Nc1nc(N)nc2n(ccn12)-c1ccc(Br)o1)C(=O)NC(CBr)Cc1ccccc1 is invalid
15:39:29 <WARN> "general_cleanup" filter: CC(Nc1nc(N)nc2n(ccn12)-c1ccc(Br)o1)C(=O)NC(CBr)Cc1ccccc1 is invalid
15:39:29 <WARN> "general_cleanup" filter: CC(Nc1nc(N)nc2n(ccn12)-c1ccc(Br)o1)C(=O)NC(CBr)Cc1ccccc1 is invalid
15:39:29 <WARN> "get_largest_fragment" filter: CN(C)C(=O)c1cccc2c(c1)n(Cc1ccccc1)c1ccccc1C2=O is invalid
15:39:29 <WARN> "general_cleanup" filter: CN(C)C(=O)c1cccc2c(c1)n(Cc1ccccc1)c1ccccc1C2=O is invalid
15:39:29 <WARN> "general_cleanup" filter: CN(C)C(=O)c1cccc2c(c1)n(Cc1ccccc1)c1ccccc1C2=O is invalid
15:39:29 <WARN> "get_largest_fragment" filter: Clc1ccc2Oc3ccc(cn3OCCc3cc4OCOc4cc23)c1 is invalid
15:39:29 <WARN> "general_cleanup" filter: Clc1ccc2Oc3ccc(cn3OCCc3cc4OCOc4cc23)c1 is invalid
15:39:29 <WARN> "general_cleanup" filter: Clc1ccc2Oc3ccc(cn3OCCc3cc4OCOc4cc23)c1 is invalid
15:39:29 <WARN> "get_largest_fragment" filter: CC1CCC2(CCC3(C)C(=CCC4C5(C)CCC(O)C(C)(C)C5Cc4cscc4)CC23)C1 is invalid
15:39:29 <WARN> "general_cleanup" filter: CC1CCC2(CCC3(C)C(=CCC4C5(C)CCC(O)C(C)(C)C5Cc4cscc4)CC23)C1 is invalid
15:39:29 <WARN> "general_cleanup" filter: CC1CCC2(CCC3(C)C(=CCC4C5(C)CCC(O)C(C)(C)C5Cc4cscc4)CC23)C1 is invalid
15:39:29 <WARN> "get_largest_fragment" filter: COc1ccc(cc1)N1C(=O)C2C3SC(SC3=S)N(C3CCCCCNC3)=NC2C1=O is invalid
15:39:29 <WARN> "general_cleanup" filter: COc1ccc(cc1)N1C(=O)C2C3SC(SC3=S)N(C3CCCCCNC3)=NC2C1=O is invalid
15:39:29 <WARN> "general_cleanup" filter: COc1ccc(cc1)N1C(=O)C2C3SC(SC3=S)N(C3CCCCCNC3)=NC2C1=O is invalid
15:39:29 <WARN> "get_largest_fragment" filter: O=C1N(Cc2nc3ccccc3s2)=C(NCCCN2CCOCC1)C2=O is invalid
15:39:29 <WARN> "general_cleanup" filter: O=C1N(Cc2nc3ccccc3s2)=C(NCCCN2CCOCC1)C2=O is invalid
15:39:29 <WARN> "general_cleanup" filter: O=C1N(Cc2nc3ccccc3s2)=C(NCCCN2CCOCC1)C2=O is invalid
15:39:29 <WARN> "get_largest_fragment" filter: CC1OC(C(O)C1O)n1cnc2c1NC(N)=NC#N is invalid
15:39:29 <WARN> "general_cleanup" filter: CC1OC(C(O)C1O)n1cnc2c1NC(N)=NC#N is invalid
15:39:29 <WARN> "general_cleanup" filter: CC1OC(C(O)C1O)n1cnc2c1NC(N)=NC#N is invalid
15:39:29 <WARN> "get_largest_fragment" filter: CCCCOc1ncc2c(cn(C)c2cc1OC)N(=O)=O is invalid
15:39:29 <WARN> "general_cleanup" filter: CCCCOc1ncc2c(cn(C)c2cc1OC)N(=O)=O is invalid
15:39:29 <WARN> "general_cleanup" filter: CCCCOc1ncc2c(cn(C)c2cc1OC)N(=O)=O is invalid
15:39:29 <WARN> "get_largest_fragment" filter: Cc1c(Cc2cnc(cn2)S(N)(=O)=O)c(cc1N(=O)=O)N(=O)=O is invalid
15:39:29 <WARN> "general_cleanup" filter: Cc1c(Cc2cnc(cn2)S(N)(=O)=O)c(cc1N(=O)=O)N(=O)=O is invalid
15:39:29 <WARN> "general_cleanup" filter: Cc1c(Cc2cnc(cn2)S(N)(=O)=O)c(cc1N(=O)=O)N(=O)=O is invalid
15:39:29 <WARN> "get_largest_fragment" filter: CC1(C)N(CC=C2CCCN3C=CC(=CC34CC2C(=O)NCc2cccc(Cl)c2)C1=O)c1cccc(F)c1 is invalid
15:39:29 <WARN> "general_cleanup" filter: CC1(C)N(CC=C2CCCN3C=CC(=CC34CC2C(=O)NCc2cccc(Cl)c2)C1=O)c1cccc(F)c1 is invalid
15:39:29 <WARN> "general_cleanup" filter: CC1(C)N(CC=C2CCCN3C=CC(=CC34CC2C(=O)NCc2cccc(Cl)c2)C1=O)c1cccc(F)c1 is invalid
15:39:29 <WARN> "get_largest_fragment" filter: Fc1ccc(CNCc2cc(Cl)c(Cn3c4ccccc4n4c3c2)C(=O)c2ccc(Cl)cc2)o1 is invalid
15:39:29 <WARN> "general_cleanup" filter: Fc1ccc(CNCc2cc(Cl)c(Cn3c4ccccc4n4c3c2)C(=O)c2ccc(Cl)cc2)o1 is invalid
15:39:29 <WARN> "general_cleanup" filter: Fc1ccc(CNCc2cc(Cl)c(Cn3c4ccccc4n4c3c2)C(=O)c2ccc(Cl)cc2)o1 is invalid
15:39:29 <WARN> "get_largest_fragment" filter: CCOc1ccccc1N1CCN(CC1)C(=O)C1CCC(C1)N1C(=O)c2c3N(CCc3cc2C1=O)C(C)C is invalid
15:39:29 <WARN> "general_cleanup" filter: CCOc1ccccc1N1CCN(CC1)C(=O)C1CCC(C1)N1C(=O)c2c3N(CCc3cc2C1=O)C(C)C is invalid
15:39:29 <WARN> "general_cleanup" filter: CCOc1ccccc1N1CCN(CC1)C(=O)C1CCC(C1)N1C(=O)c2c3N(CCc3cc2C1=O)C(C)C is invalid
15:39:29 <WARN> "get_largest_fragment" filter: N=N(=O)c1ccccc1NC(=O)c1cc2OCOc2c(C(=O)CCCC2CCc3ccoc32)c(Cl)c1 is invalid
15:39:29 <WARN> "general_cleanup" filter: N=N(=O)c1ccccc1NC(=O)c1cc2OCOc2c(C(=O)CCCC2CCc3ccoc32)c(Cl)c1 is invalid
15:39:29 <WARN> "general_cleanup" filter: N=N(=O)c1ccccc1NC(=O)c1cc2OCOc2c(C(=O)CCCC2CCc3ccoc32)c(Cl)c1 is invalid
15:39:29 <WARN> "get_largest_fragment" filter: CC12CCC3C4C=CC(=O)CC4(C)C3C(O)CC12C is invalid
15:39:29 <WARN> "general_cleanup" filter: CC12CCC3C4C=CC(=O)CC4(C)C3C(O)CC12C is invalid
15:39:29 <WARN> "general_cleanup" filter: CC12CCC3C4C=CC(=O)CC4(C)C3C(O)CC12C is invalid
15:39:29 <WARN> "get_largest_fragment" filter: COc1cc2CCN3c4cc(O)ccc4CC[n+]3cc2c1 is invalid
15:39:29 <WARN> "general_cleanup" filter: COc1cc2CCN3c4cc(O)ccc4CC[n+]3cc2c1 is invalid
15:39:29 <WARN> "general_cleanup" filter: COc1cc2CCN3c4cc(O)ccc4CC[n+]3cc2c1 is invalid
15:39:29 <WARN> "get_largest_fragment" filter: CC1CC2C3C(CCc4[nH]nc(C)n34)=C2C(=O)c2c1c(C)n(C)c1ccccc21 is invalid
15:39:29 <WARN> "general_cleanup" filter: CC1CC2C3C(CCc4[nH]nc(C)n34)=C2C(=O)c2c1c(C)n(C)c1ccccc21 is invalid
15:39:29 <WARN> "general_cleanup" filter: CC1CC2C3C(CCc4[nH]nc(C)n34)=C2C(=O)c2c1c(C)n(C)c1ccccc21 is invalid
15:39:29 <WARN> "get_largest_fragment" filter: CCOC(=O)CN(C)C(=O)c1c2CCN3C(c4ccc5ccccc5ncc5-c4c2c(OC)c4OC)c(SC)c(C)(C(Cl)C4=O)c(OC)c3-c2cc(OC)c(OC)cc12 is invalid
15:39:29 <WARN> "general_cleanup" filter: CCOC(=O)CN(C)C(=O)c1c2CCN3C(c4ccc5ccccc5ncc5-c4c2c(OC)c4OC)c(SC)c(C)(C(Cl)C4=O)c(OC)c3-c2cc(OC)c(OC)cc12 is invalid
15:39:29 <WARN> "general_cleanup" filter: CCOC(=O)CN(C)C(=O)c1c2CCN3C(c4ccc5ccccc5ncc5-c4c2c(OC)c4OC)c(SC)c(C)(C(Cl)C4=O)c(OC)c3-c2cc(OC)c(OC)cc12 is invalid
15:39:29 <WARN> "get_largest_fragment" filter: CCC1CCCCN1C(=O)c1c(Nc2ccccc2C(=S)Oc2ccc(C)cc2C)n[nH]1 is invalid
15:39:29 <WARN> "general_cleanup" filter: CCC1CCCCN1C(=O)c1c(Nc2ccccc2C(=S)Oc2ccc(C)cc2C)n[nH]1 is invalid
15:39:29 <WARN> "general_cleanup" filter: CCC1CCCCN1C(=O)c1c(Nc2ccccc2C(=S)Oc2ccc(C)cc2C)n[nH]1 is invalid
15:39:29 <WARN> "get_largest_fragment" filter: CC(C)(C)c1cnc(NC2=C(OCc3ccccc3)ccc2C(NC(C)=O)C(=O)NC(CCc2ccccc2)C(C)C)cc1 is invalid
15:39:29 <WARN> "general_cleanup" filter: CC(C)(C)c1cnc(NC2=C(OCc3ccccc3)ccc2C(NC(C)=O)C(=O)NC(CCc2ccccc2)C(C)C)cc1 is invalid
15:39:29 <WARN> "general_cleanup" filter: CC(C)(C)c1cnc(NC2=C(OCc3ccccc3)ccc2C(NC(C)=O)C(=O)NC(CCc2ccccc2)C(C)C)cc1 is invalid
15:39:29 <WARN> "get_largest_fragment" filter: C=Cc1cc2ccc(sc2nc1NC(=O)C1CCCC1)S(=O)(=O)N1CCCCCC1 is invalid
15:39:29 <WARN> "general_cleanup" filter: C=Cc1cc2ccc(sc2nc1NC(=O)C1CCCC1)S(=O)(=O)N1CCCCCC1 is invalid
15:39:29 <WARN> "general_cleanup" filter: C=Cc1cc2ccc(sc2nc1NC(=O)C1CCCC1)S(=O)(=O)N1CCCCCC1 is invalid
15:39:29 <WARN> "get_largest_fragment" filter: CCNS(=O)(=O)c1ccc2NC(C)(C)C(=O)N(C(=O)c3cccc(Cl)c3)c(C)c2c1 is invalid
15:39:29 <WARN> "general_cleanup" filter: CCNS(=O)(=O)c1ccc2NC(C)(C)C(=O)N(C(=O)c3cccc(Cl)c3)c(C)c2c1 is invalid
15:39:29 <WARN> "general_cleanup" filter: CCNS(=O)(=O)c1ccc2NC(C)(C)C(=O)N(C(=O)c3cccc(Cl)c3)c(C)c2c1 is invalid
15:39:29 <WARN> "get_largest_fragment" filter: CCC(C)OC(=O)c1ccc2n(C3CCN(CCc4cccc(Cl)c4)CC3)c2cn1 is invalid
15:39:29 <WARN> "general_cleanup" filter: CCC(C)OC(=O)c1ccc2n(C3CCN(CCc4cccc(Cl)c4)CC3)c2cn1 is invalid
15:39:29 <WARN> "general_cleanup" filter: CCC(C)OC(=O)c1ccc2n(C3CCN(CCc4cccc(Cl)c4)CC3)c2cn1 is invalid
15:39:29 <WARN> "get_largest_fragment" filter: COCCN1C(Cc2cnc(Sc3ccc(Br)cc3Cl)c3ccccc3c2N1)c1ccc2OCCOc2c1 is invalid
15:39:29 <WARN> "general_cleanup" filter: COCCN1C(Cc2cnc(Sc3ccc(Br)cc3Cl)c3ccccc3c2N1)c1ccc2OCCOc2c1 is invalid
15:39:29 <WARN> "general_cleanup" filter: COCCN1C(Cc2cnc(Sc3ccc(Br)cc3Cl)c3ccccc3c2N1)c1ccc2OCCOc2c1 is invalid
15:39:29 <WARN> "get_largest_fragment" filter: CC1CN2C(C1)C(O)(Cn1cnc(C(N)=O)c3CCc1cccc4C(C)C(=O)NO)CCC3C2 is invalid
15:39:29 <WARN> "general_cleanup" filter: CC1CN2C(C1)C(O)(Cn1cnc(C(N)=O)c3CCc1cccc4C(C)C(=O)NO)CCC3C2 is invalid
15:39:29 <WARN> "general_cleanup" filter: CC1CN2C(C1)C(O)(Cn1cnc(C(N)=O)c3CCc1cccc4C(C)C(=O)NO)CCC3C2 is invalid
15:39:29 <WARN> "get_largest_fragment" filter: O=C(NC(c1cc(C=NN(=S)=NNc2cccc(c2)S(C)(=O)=O)c[nH]1)c1ccccc1)c1ccc(OC(=O)c2ccccc2)cc1 is invalid
15:39:29 <WARN> "general_cleanup" filter: O=C(NC(c1cc(C=NN(=S)=NNc2cccc(c2)S(C)(=O)=O)c[nH]1)c1ccccc1)c1ccc(OC(=O)c2ccccc2)cc1 is invalid
15:39:29 <WARN> "general_cleanup" filter: O=C(NC(c1cc(C=NN(=S)=NNc2cccc(c2)S(C)(=O)=O)c[nH]1)c1ccccc1)c1ccc(OC(=O)c2ccccc2)cc1 is invalid
15:39:29 <WARN> "get_largest_fragment" filter: COc1cccc2CC3C4CCC(=NNC(=O)c6con5CC(O)Cc6cccc6cc6ccccc5c25)c7cc6OC65C5(CC(O)CC(C(C)C5)N4C6CCC(O)C(C)C5C33CO34)OC2COC(O)COc2ccc3ccccc3c2c1 is invalid
15:39:29 <WARN> "general_cleanup" filter: COc1cccc2CC3C4CCC(=NNC(=O)c6con5CC(O)Cc6cccc6cc6ccccc5c25)c7cc6OC65C5(CC(O)CC(C(C)C5)N4C6CCC(O)C(C)C5C33CO34)OC2COC(O)COc2ccc3ccccc3c2c1 is invalid
15:39:29 <WARN> "general_cleanup" filter: COc1cccc2CC3C4CCC(=NNC(=O)c6con5CC(O)Cc6cccc6cc6ccccc5c25)c7cc6OC65C5(CC(O)CC(C(C)C5)N4C6CCC(O)C(C)C5C33CO34)OC2COC(O)COc2ccc3ccccc3c2c1 is invalid
15:39:29 <WARN> "get_largest_fragment" filter: CCOC(=O)C(c1cccs1)c1cc-2c(OC3OC(CO)C(O)C(O)C(O)C3O)c(cc12)-c1ccccc1 is invalid
15:39:29 <WARN> "general_cleanup" filter: CCOC(=O)C(c1cccs1)c1cc-2c(OC3OC(CO)C(O)C(O)C(O)C3O)c(cc12)-c1ccccc1 is invalid
15:39:29 <WARN> "general_cleanup" filter: CCOC(=O)C(c1cccs1)c1cc-2c(OC3OC(CO)C(O)C(O)C(O)C3O)c(cc12)-c1ccccc1 is invalid
15:39:29 <WARN> "get_largest_fragment" filter: CCC(=O)N1C=Cc2c(C)c(c([nH]c2C(C)(C)C1=O)-c1ccc(OC)cc1)-c1ccc(Cl)cc1 is invalid
15:39:29 <WARN> "general_cleanup" filter: CCC(=O)N1C=Cc2c(C)c(c([nH]c2C(C)(C)C1=O)-c1ccc(OC)cc1)-c1ccc(Cl)cc1 is invalid
15:39:29 <WARN> "general_cleanup" filter: CCC(=O)N1C=Cc2c(C)c(c([nH]c2C(C)(C)C1=O)-c1ccc(OC)cc1)-c1ccc(Cl)cc1 is invalid
15:39:29 <WARN> "get_largest_fragment" filter: Cn1c(SCC(=O)NCc2cccnc2)n(n1)-c1ccc(Cl)cc1 is invalid
15:39:29 <WARN> "general_cleanup" filter: Cn1c(SCC(=O)NCc2cccnc2)n(n1)-c1ccc(Cl)cc1 is invalid
15:39:29 <WARN> "general_cleanup" filter: Cn1c(SCC(=O)NCc2cccnc2)n(n1)-c1ccc(Cl)cc1 is invalid
15:39:29 <WARN> "get_largest_fragment" filter: COCCN1CCCC1C(=O)NCC1CCOCC2CNCC3CCC12 is invalid
15:39:29 <WARN> "general_cleanup" filter: COCCN1CCCC1C(=O)NCC1CCOCC2CNCC3CCC12 is invalid
15:39:29 <WARN> "general_cleanup" filter: COCCN1CCCC1C(=O)NCC1CCOCC2CNCC3CCC12 is invalid
15:39:29 <WARN> "get_largest_fragment" filter: Fc1cccc(CCNC(=O)Cc2ccc(CN3CCCCC4)cc23)c1 is invalid
15:39:29 <WARN> "general_cleanup" filter: Fc1cccc(CCNC(=O)Cc2ccc(CN3CCCCC4)cc23)c1 is invalid
15:39:29 <WARN> "general_cleanup" filter: Fc1cccc(CCNC(=O)Cc2ccc(CN3CCCCC4)cc23)c1 is invalid
15:39:29 <WARN> "get_largest_fragment" filter: Cc1ccc(cc1)S(=O)(=O)N1CC(CC1)c1ccc(c2nn[nH]n12)C(=O)Nc1c(F)cccc1F is invalid
15:39:29 <WARN> "general_cleanup" filter: Cc1ccc(cc1)S(=O)(=O)N1CC(CC1)c1ccc(c2nn[nH]n12)C(=O)Nc1c(F)cccc1F is invalid
15:39:29 <WARN> "general_cleanup" filter: Cc1ccc(cc1)S(=O)(=O)N1CC(CC1)c1ccc(c2nn[nH]n12)C(=O)Nc1c(F)cccc1F is invalid
15:39:29 <WARN> "get_largest_fragment" filter: Oc1ccc(CCN(c2cccn3cccc3c2)N2CCN(CC2)C2CCCC2)cc1O is invalid
15:39:29 <WARN> "general_cleanup" filter: Oc1ccc(CCN(c2cccn3cccc3c2)N2CCN(CC2)C2CCCC2)cc1O is invalid
15:39:29 <WARN> "general_cleanup" filter: Oc1ccc(CCN(c2cccn3cccc3c2)N2CCN(CC2)C2CCCC2)cc1O is invalid
15:39:29 <WARN> "get_largest_fragment" filter: CC(C)C1N2C(=O)C3=C(NC(CN3)=C(NC(=O)Nc3ccc(CC4OC(CO)C(O)C(O)=O)c5)co1)c34 is invalid
15:39:29 <WARN> "general_cleanup" filter: CC(C)C1N2C(=O)C3=C(NC(CN3)=C(NC(=O)Nc3ccc(CC4OC(CO)C(O)C(O)=O)c5)co1)c34 is invalid
15:39:29 <WARN> "general_cleanup" filter: CC(C)C1N2C(=O)C3=C(NC(CN3)=C(NC(=O)Nc3ccc(CC4OC(CO)C(O)C(O)=O)c5)co1)c34 is invalid
15:39:29 <WARN> "get_largest_fragment" filter: Cc1cc2CCC(NC(=O)CSc3ccc(C)cc3)n12 is invalid
15:39:29 <WARN> "general_cleanup" filter: Cc1cc2CCC(NC(=O)CSc3ccc(C)cc3)n12 is invalid
15:39:29 <WARN> "general_cleanup" filter: Cc1cc2CCC(NC(=O)CSc3ccc(C)cc3)n12 is invalid
15:39:29 <WARN> "get_largest_fragment" filter: Fc1ccc(CN2C3ON=CC(=CC=CC=C(C)C)C3=O)c2cc1Cl is invalid
15:39:29 <WARN> "general_cleanup" filter: Fc1ccc(CN2C3ON=CC(=CC=CC=C(C)C)C3=O)c2cc1Cl is invalid
15:39:29 <WARN> "general_cleanup" filter: Fc1ccc(CN2C3ON=CC(=CC=CC=C(C)C)C3=O)c2cc1Cl is invalid
15:39:29 <WARN> "get_largest_fragment" filter: Clc1ccc(c(OCc2nc3ccccc3c2-c2cnc[nH]2)c1)C(=O)NCc1ccco1 is invalid
15:39:29 <WARN> "general_cleanup" filter: Clc1ccc(c(OCc2nc3ccccc3c2-c2cnc[nH]2)c1)C(=O)NCc1ccco1 is invalid
15:39:29 <WARN> "general_cleanup" filter: Clc1ccc(c(OCc2nc3ccccc3c2-c2cnc[nH]2)c1)C(=O)NCc1ccco1 is invalid
15:39:29 <WARN> "get_largest_fragment" filter: CC(C)C1=CC2(O)C(CC(=O)C22CCC3C(C2=C2C(=O)CCC4=C2C3=C)C(O)=O)C1CCC=CCC=C1CC(=O)OC1 is invalid
15:39:29 <WARN> "general_cleanup" filter: CC(C)C1=CC2(O)C(CC(=O)C22CCC3C(C2=C2C(=O)CCC4=C2C3=C)C(O)=O)C1CCC=CCC=C1CC(=O)OC1 is invalid
15:39:29 <WARN> "general_cleanup" filter: CC(C)C1=CC2(O)C(CC(=O)C22CCC3C(C2=C2C(=O)CCC4=C2C3=C)C(O)=O)C1CCC=CCC=C1CC(=O)OC1 is invalid
15:39:29 <WARN> "get_largest_fragment" filter: CCCc1nc(c(OC)c1OC)-c1c(C)cccc1C is invalid
15:39:29 <WARN> "general_cleanup" filter: CCCc1nc(c(OC)c1OC)-c1c(C)cccc1C is invalid
15:39:29 <WARN> "general_cleanup" filter: CCCc1nc(c(OC)c1OC)-c1c(C)cccc1C is invalid
15:39:29 <WARN> "get_largest_fragment" filter: Cc1cc2N=C(C)S=C(N3CCNCC3)c2n1 is invalid
15:39:29 <WARN> "general_cleanup" filter: Cc1cc2N=C(C)S=C(N3CCNCC3)c2n1 is invalid
15:39:29 <WARN> "general_cleanup" filter: Cc1cc2N=C(C)S=C(N3CCNCC3)c2n1 is invalid
15:39:29 <WARN> "get_largest_fragment" filter: CC(O)=C1CC(O)C2(C)C3CCC4=CC(=O)C=C4CC4(C)C3(F)C(O1)C(=O)CCC21CO1 is invalid
15:39:29 <WARN> "general_cleanup" filter: CC(O)=C1CC(O)C2(C)C3CCC4=CC(=O)C=C4CC4(C)C3(F)C(O1)C(=O)CCC21CO1 is invalid
15:39:29 <WARN> "general_cleanup" filter: CC(O)=C1CC(O)C2(C)C3CCC4=CC(=O)C=C4CC4(C)C3(F)C(O1)C(=O)CCC21CO1 is invalid
15:39:29 <WARN> "get_largest_fragment" filter: NC1=NN=C(CS1)s1 is invalid
15:39:29 <WARN> "general_cleanup" filter: NC1=NN=C(CS1)s1 is invalid
15:39:29 <WARN> "general_cleanup" filter: NC1=NN=C(CS1)s1 is invalid
15:39:29 <WARN> "get_largest_fragment" filter: CCN(CC)CC1CCC2C3CCC4OC35CC(=O)OC21 is invalid
15:39:29 <WARN> "general_cleanup" filter: CCN(CC)CC1CCC2C3CCC4OC35CC(=O)OC21 is invalid
15:39:29 <WARN> "general_cleanup" filter: CCN(CC)CC1CCC2C3CCC4OC35CC(=O)OC21 is invalid
15:39:29 <WARN> "get_largest_fragment" filter: Cc1c2ccc(cc2c(n1)S(=O)(=O)CCC)C(C)(C)NS(C)(=O)=O is invalid
15:39:29 <WARN> "general_cleanup" filter: Cc1c2ccc(cc2c(n1)S(=O)(=O)CCC)C(C)(C)NS(C)(=O)=O is invalid
15:39:29 <WARN> "general_cleanup" filter: Cc1c2ccc(cc2c(n1)S(=O)(=O)CCC)C(C)(C)NS(C)(=O)=O is invalid
15:39:29 <WARN> "get_largest_fragment" filter: COc1ccccc1C1=CC2=OC(=O)C(C3CCNC3)C(=O)C2C1 is invalid
15:39:29 <WARN> "general_cleanup" filter: COc1ccccc1C1=CC2=OC(=O)C(C3CCNC3)C(=O)C2C1 is invalid
15:39:29 <WARN> "general_cleanup" filter: COc1ccccc1C1=CC2=OC(=O)C(C3CCNC3)C(=O)C2C1 is invalid
15:39:29 <WARN> "get_largest_fragment" filter: CCCN(CCC)C(=O)c1cc2ccccc2c2[nH]c3c(CCO)cccc3n12 is invalid
15:39:29 <WARN> "general_cleanup" filter: CCCN(CCC)C(=O)c1cc2ccccc2c2[nH]c3c(CCO)cccc3n12 is invalid
15:39:29 <WARN> "general_cleanup" filter: CCCN(CCC)C(=O)c1cc2ccccc2c2[nH]c3c(CCO)cccc3n12 is invalid
15:39:29 <WARN> "get_largest_fragment" filter: CC(C)(C)c1nnc(SCC(=O)NC2CCCc3nn(C4CCCCC4)nn24)c2c(F)ncnc123 is invalid
15:39:29 <WARN> "general_cleanup" filter: CC(C)(C)c1nnc(SCC(=O)NC2CCCc3nn(C4CCCCC4)nn24)c2c(F)ncnc123 is invalid
15:39:29 <WARN> "general_cleanup" filter: CC(C)(C)c1nnc(SCC(=O)NC2CCCc3nn(C4CCCCC4)nn24)c2c(F)ncnc123 is invalid
15:39:29 <WARN> "get_largest_fragment" filter: NC(=N)NCCCNCc1cn(CCc2ccccc32)c2ccccc12 is invalid
15:39:29 <WARN> "general_cleanup" filter: NC(=N)NCCCNCc1cn(CCc2ccccc32)c2ccccc12 is invalid
15:39:29 <WARN> "general_cleanup" filter: NC(=N)NCCCNCc1cn(CCc2ccccc32)c2ccccc12 is invalid
15:39:29 <WARN> "get_largest_fragment" filter: Cc1ccc(Oc2ccc(CC(=O)Nc3cccc4ccccc34)c(Cl)s2)cc1 is invalid
15:39:29 <WARN> "general_cleanup" filter: Cc1ccc(Oc2ccc(CC(=O)Nc3cccc4ccccc34)c(Cl)s2)cc1 is invalid
15:39:29 <WARN> "general_cleanup" filter: Cc1ccc(Oc2ccc(CC(=O)Nc3cccc4ccccc34)c(Cl)s2)cc1 is invalid
15:39:29 <WARN> "get_largest_fragment" filter: CC(=O)c1ccc(OCC2CN2c2ccccc2)n(n1)-c1cc2nc[nH]c2cn1 is invalid
15:39:29 <WARN> "general_cleanup" filter: CC(=O)c1ccc(OCC2CN2c2ccccc2)n(n1)-c1cc2nc[nH]c2cn1 is invalid
15:39:29 <WARN> "general_cleanup" filter: CC(=O)c1ccc(OCC2CN2c2ccccc2)n(n1)-c1cc2nc[nH]c2cn1 is invalid
15:39:29 <WARN> "get_largest_fragment" filter: Cc1ccnc(OCC(O)(CO)Cn2nnc3c(nc4ccccc23)-c2ncc[nH]2)c1 is invalid
15:39:29 <WARN> "general_cleanup" filter: Cc1ccnc(OCC(O)(CO)Cn2nnc3c(nc4ccccc23)-c2ncc[nH]2)c1 is invalid
15:39:29 <WARN> "general_cleanup" filter: Cc1ccnc(OCC(O)(CO)Cn2nnc3c(nc4ccccc23)-c2ncc[nH]2)c1 is invalid
15:39:29 <WARN> "get_largest_fragment" filter: NC(=O)C1CSC2C(=NC(=O)N(C1=O)c1ccc(cc1)-c1ccccc1)C(=O)N2CC2CC1CC2 is invalid
15:39:29 <WARN> "general_cleanup" filter: NC(=O)C1CSC2C(=NC(=O)N(C1=O)c1ccc(cc1)-c1ccccc1)C(=O)N2CC2CC1CC2 is invalid
15:39:29 <WARN> "general_cleanup" filter: NC(=O)C1CSC2C(=NC(=O)N(C1=O)c1ccc(cc1)-c1ccccc1)C(=O)N2CC2CC1CC2 is invalid
15:39:29 <WARN> "get_largest_fragment" filter: COc1cc(C2CC3CN(Cc4ccc5OCOc5cc34)C2)c(C)cc1Cl is invalid
15:39:29 <WARN> "general_cleanup" filter: COc1cc(C2CC3CN(Cc4ccc5OCOc5cc34)C2)c(C)cc1Cl is invalid
15:39:29 <WARN> "general_cleanup" filter: COc1cc(C2CC3CN(Cc4ccc5OCOc5cc34)C2)c(C)cc1Cl is invalid
15:39:29 <WARN> "get_largest_fragment" filter: CN(C1Cc2c(CC1)[nH]c1cccc-21)=Cc1ccccc1 is invalid
15:39:29 <WARN> "general_cleanup" filter: CN(C1Cc2c(CC1)[nH]c1cccc-21)=Cc1ccccc1 is invalid
15:39:29 <WARN> "general_cleanup" filter: CN(C1Cc2c(CC1)[nH]c1cccc-21)=Cc1ccccc1 is invalid
15:39:29 <WARN> "get_largest_fragment" filter: COc1cc(cc(c1)-n1ccc(C(C)C)c1CC)=CN(=O)=O is invalid
15:39:29 <WARN> "general_cleanup" filter: COc1cc(cc(c1)-n1ccc(C(C)C)c1CC)=CN(=O)=O is invalid
15:39:29 <WARN> "general_cleanup" filter: COc1cc(cc(c1)-n1ccc(C(C)C)c1CC)=CN(=O)=O is invalid
15:39:29 <WARN> "get_largest_fragment" filter: CNC1(C)CC(Cc2cccnc2)CCCn2c1cccc2Cl is invalid
15:39:29 <WARN> "general_cleanup" filter: CNC1(C)CC(Cc2cccnc2)CCCn2c1cccc2Cl is invalid
15:39:29 <WARN> "general_cleanup" filter: CNC1(C)CC(Cc2cccnc2)CCCn2c1cccc2Cl is invalid
15:39:29 <WARN> "get_largest_fragment" filter: CC(=O)NCc1cnc2cccnc21 is invalid
15:39:29 <WARN> "general_cleanup" filter: CC(=O)NCc1cnc2cccnc21 is invalid
15:39:29 <WARN> "general_cleanup" filter: CC(=O)NCc1cnc2cccnc21 is invalid
15:39:29 <WARN> "get_largest_fragment" filter: C(Cc1ccc(cc1)-n1cccc1)C1CCC2C3CCC4=CC=CC4(C4CCC34C65)C1CC21CC1 is invalid
15:39:29 <WARN> "general_cleanup" filter: C(Cc1ccc(cc1)-n1cccc1)C1CCC2C3CCC4=CC=CC4(C4CCC34C65)C1CC21CC1 is invalid
15:39:29 <WARN> "general_cleanup" filter: C(Cc1ccc(cc1)-n1cccc1)C1CCC2C3CCC4=CC=CC4(C4CCC34C65)C1CC21CC1 is invalid
15:39:29 <WARN> "get_largest_fragment" filter: COc1nc2c3cc4OCOc4cc(O)c4C(=O)c3c(OC(CC(O)=O)C(=O)Nc3ccccc3)c2cc1OC is invalid
15:39:29 <WARN> "general_cleanup" filter: COc1nc2c3cc4OCOc4cc(O)c4C(=O)c3c(OC(CC(O)=O)C(=O)Nc3ccccc3)c2cc1OC is invalid
15:39:29 <WARN> "general_cleanup" filter: COc1nc2c3cc4OCOc4cc(O)c4C(=O)c3c(OC(CC(O)=O)C(=O)Nc3ccccc3)c2cc1OC is invalid
15:39:29 <WARN> "get_largest_fragment" filter: Cc1nc2nccc(C(O)=CC(=O)Nc3ncc(s3)N(=O)=O)cc2cc1C is invalid
15:39:29 <WARN> "general_cleanup" filter: Cc1nc2nccc(C(O)=CC(=O)Nc3ncc(s3)N(=O)=O)cc2cc1C is invalid
15:39:29 <WARN> "general_cleanup" filter: Cc1nc2nccc(C(O)=CC(=O)Nc3ncc(s3)N(=O)=O)cc2cc1C is invalid
15:39:29 <WARN> "get_largest_fragment" filter: CCCCC1CCC(=C)C2CC1C(C)=C3C(=O)OC2(CC)C1=CCC(C)CC1OC(=O)C#N is invalid
15:39:29 <WARN> "general_cleanup" filter: CCCCC1CCC(=C)C2CC1C(C)=C3C(=O)OC2(CC)C1=CCC(C)CC1OC(=O)C#N is invalid
15:39:29 <WARN> "general_cleanup" filter: CCCCC1CCC(=C)C2CC1C(C)=C3C(=O)OC2(CC)C1=CCC(C)CC1OC(=O)C#N is invalid
15:39:29 <WARN> "get_largest_fragment" filter: CC(C)CCCC(C)C1CCC2C3(CCC4CC5(CCC(=O)CCC4(C)C3CC3(C)C(O)CC(O)C24C)C4=C)C2C1OC(=O)C2CCC=C(C)C is invalid
15:39:29 <WARN> "general_cleanup" filter: CC(C)CCCC(C)C1CCC2C3(CCC4CC5(CCC(=O)CCC4(C)C3CC3(C)C(O)CC(O)C24C)C4=C)C2C1OC(=O)C2CCC=C(C)C is invalid
15:39:29 <WARN> "general_cleanup" filter: CC(C)CCCC(C)C1CCC2C3(CCC4CC5(CCC(=O)CCC4(C)C3CC3(C)C(O)CC(O)C24C)C4=C)C2C1OC(=O)C2CCC=C(C)C is invalid
15:39:29 <WARN> "get_largest_fragment" filter: Brc1ccc2[nH]c3cc(C=CC(=O)NCCN4CCOCC4)nc3c2c1 is invalid
15:39:29 <WARN> "general_cleanup" filter: Brc1ccc2[nH]c3cc(C=CC(=O)NCCN4CCOCC4)nc3c2c1 is invalid
15:39:29 <WARN> "general_cleanup" filter: Brc1ccc2[nH]c3cc(C=CC(=O)NCCN4CCOCC4)nc3c2c1 is invalid
15:39:29 <WARN> "get_largest_fragment" filter: CCCc1c(CN2CCCC2)c(c(OC)c1OCC)-c1ccc(cc1)-c1nc2nccc(C)n2n1 is invalid
15:39:29 <WARN> "general_cleanup" filter: CCCc1c(CN2CCCC2)c(c(OC)c1OCC)-c1ccc(cc1)-c1nc2nccc(C)n2n1 is invalid
15:39:29 <WARN> "general_cleanup" filter: CCCc1c(CN2CCCC2)c(c(OC)c1OCC)-c1ccc(cc1)-c1nc2nccc(C)n2n1 is invalid
15:39:29 <WARN> "get_largest_fragment" filter: CN(C)c1nc(cs1)C1CC1c1nc(N2CCCC2C2=Cc3cc(O)ccc3Sc3ccccc23)c(C)c(C)o1 is invalid
15:39:29 <WARN> "general_cleanup" filter: CN(C)c1nc(cs1)C1CC1c1nc(N2CCCC2C2=Cc3cc(O)ccc3Sc3ccccc23)c(C)c(C)o1 is invalid
15:39:29 <WARN> "general_cleanup" filter: CN(C)c1nc(cs1)C1CC1c1nc(N2CCCC2C2=Cc3cc(O)ccc3Sc3ccccc23)c(C)c(C)o1 is invalid
15:39:29 <WARN> "get_largest_fragment" filter: Cc1cc2nc(C)[n+](CC(O)=O)cc2c2ncnc12 is invalid
15:39:29 <WARN> "general_cleanup" filter: Cc1cc2nc(C)[n+](CC(O)=O)cc2c2ncnc12 is invalid
15:39:29 <WARN> "general_cleanup" filter: Cc1cc2nc(C)[n+](CC(O)=O)cc2c2ncnc12 is invalid
15:39:29 <WARN> "get_largest_fragment" filter: CCN1c2nc(NS(=O)(=O)c3ccc(Nc4ccc([nH]n3)C3CC4CO)CCC3C#C)ccc2C(=O)N(C1C)c1ccc(C)cc1 is invalid
15:39:29 <WARN> "general_cleanup" filter: CCN1c2nc(NS(=O)(=O)c3ccc(Nc4ccc([nH]n3)C3CC4CO)CCC3C#C)ccc2C(=O)N(C1C)c1ccc(C)cc1 is invalid
15:39:29 <WARN> "general_cleanup" filter: CCN1c2nc(NS(=O)(=O)c3ccc(Nc4ccc([nH]n3)C3CC4CO)CCC3C#C)ccc2C(=O)N(C1C)c1ccc(C)cc1 is invalid
15:39:29 <WARN> "get_largest_fragment" filter: NS(=O)(=O)c1ccc2N(C(=O)CCc2cc1Cl)C1CC1 is invalid
15:39:29 <WARN> "general_cleanup" filter: NS(=O)(=O)c1ccc2N(C(=O)CCc2cc1Cl)C1CC1 is invalid
15:39:29 <WARN> "general_cleanup" filter: NS(=O)(=O)c1ccc2N(C(=O)CCc2cc1Cl)C1CC1 is invalid
15:39:29 <WARN> "get_largest_fragment" filter: Cc1csc(n1)C1C2C(COC2=O)C(Cc2c[nH]c3c(NC(=O)C4CCCO3)c3ccccc23)C(O)C1O is invalid
15:39:29 <WARN> "general_cleanup" filter: Cc1csc(n1)C1C2C(COC2=O)C(Cc2c[nH]c3c(NC(=O)C4CCCO3)c3ccccc23)C(O)C1O is invalid
15:39:29 <WARN> "general_cleanup" filter: Cc1csc(n1)C1C2C(COC2=O)C(Cc2c[nH]c3c(NC(=O)C4CCCO3)c3ccccc23)C(O)C1O is invalid
15:39:29 <WARN> "get_largest_fragment" filter: CCCOC1CCCC2(C)C(CCC3C6CCC5(C)CC(OC(O)C)c5cccc5C(N1)=C24)C1(C)CC(O)C(=C)C(=O)C(C)(C)C3CCC1=O is invalid
15:39:29 <WARN> "general_cleanup" filter: CCCOC1CCCC2(C)C(CCC3C6CCC5(C)CC(OC(O)C)c5cccc5C(N1)=C24)C1(C)CC(O)C(=C)C(=O)C(C)(C)C3CCC1=O is invalid
15:39:29 <WARN> "general_cleanup" filter: CCCOC1CCCC2(C)C(CCC3C6CCC5(C)CC(OC(O)C)c5cccc5C(N1)=C24)C1(C)CC(O)C(=C)C(=O)C(C)(C)C3CCC1=O is invalid
15:39:29 <WARN> "get_largest_fragment" filter: COCCCn1c(N)c(F)c-2nc1ccc(OC(=O)NC3=O)c1ccccc1 is invalid
15:39:29 <WARN> "general_cleanup" filter: COCCCn1c(N)c(F)c-2nc1ccc(OC(=O)NC3=O)c1ccccc1 is invalid
15:39:29 <WARN> "general_cleanup" filter: COCCCn1c(N)c(F)c-2nc1ccc(OC(=O)NC3=O)c1ccccc1 is invalid
15:39:29 <WARN> "get_largest_fragment" filter: Fc1ccc(C2CN(Cc3ccccc3)CCN(Cc3cccc(C3=O)c3ccccc3)CC2)cc1C#N is invalid
15:39:29 <WARN> "general_cleanup" filter: Fc1ccc(C2CN(Cc3ccccc3)CCN(Cc3cccc(C3=O)c3ccccc3)CC2)cc1C#N is invalid
15:39:29 <WARN> "general_cleanup" filter: Fc1ccc(C2CN(Cc3ccccc3)CCN(Cc3cccc(C3=O)c3ccccc3)CC2)cc1C#N is invalid
15:39:29 <WARN> "get_largest_fragment" filter: CCC1CCN(CC1)c1nc(Nc2ccccc2)nc2cc(C)c(cn12)C(=O)NCCc1cccnc1 is invalid
15:39:29 <WARN> "general_cleanup" filter: CCC1CCN(CC1)c1nc(Nc2ccccc2)nc2cc(C)c(cn12)C(=O)NCCc1cccnc1 is invalid
15:39:29 <WARN> "general_cleanup" filter: CCC1CCN(CC1)c1nc(Nc2ccccc2)nc2cc(C)c(cn12)C(=O)NCCc1cccnc1 is invalid
15:39:29 <WARN> "get_largest_fragment" filter: CC1=CC2OC(=O)C33OC2C(C)(C)OC1=O is invalid
15:39:29 <WARN> "general_cleanup" filter: CC1=CC2OC(=O)C33OC2C(C)(C)OC1=O is invalid
15:39:29 <WARN> "general_cleanup" filter: CC1=CC2OC(=O)C33OC2C(C)(C)OC1=O is invalid
15:39:29 <WARN> "get_largest_fragment" filter: Nc1cc(Nc2ccc(cc2)C(F)(F)F)cnc1NC(=O)c1cc(c(NC2CC[N+](C)(C)C2)n1)C(O)=O is invalid
15:39:29 <WARN> "general_cleanup" filter: Nc1cc(Nc2ccc(cc2)C(F)(F)F)cnc1NC(=O)c1cc(c(NC2CC[N+](C)(C)C2)n1)C(O)=O is invalid
15:39:29 <WARN> "general_cleanup" filter: Nc1cc(Nc2ccc(cc2)C(F)(F)F)cnc1NC(=O)c1cc(c(NC2CC[N+](C)(C)C2)n1)C(O)=O is invalid
15:39:29 <WARN> "get_largest_fragment" filter: Clc1ccc(OCc2ccccc2C(=O)Nc2ccccc2N#N)c(Cl)c1 is invalid
15:39:29 <WARN> "general_cleanup" filter: Clc1ccc(OCc2ccccc2C(=O)Nc2ccccc2N#N)c(Cl)c1 is invalid
15:39:29 <WARN> "general_cleanup" filter: Clc1ccc(OCc2ccccc2C(=O)Nc2ccccc2N#N)c(Cl)c1 is invalid
15:39:29 <WARN> "get_largest_fragment" filter: CC(C)CC(=O)N1CCN(CC1)c1ncnc2ccccn12 is invalid
15:39:29 <WARN> "general_cleanup" filter: CC(C)CC(=O)N1CCN(CC1)c1ncnc2ccccn12 is invalid
15:39:29 <WARN> "general_cleanup" filter: CC(C)CC(=O)N1CCN(CC1)c1ncnc2ccccn12 is invalid
15:39:29 <WARN> "get_largest_fragment" filter: O=C(NCc1cccs1)c1cnc2sc(nc21)-c1ccccc1 is invalid
15:39:29 <WARN> "general_cleanup" filter: O=C(NCc1cccs1)c1cnc2sc(nc21)-c1ccccc1 is invalid
15:39:29 <WARN> "general_cleanup" filter: O=C(NCc1cccs1)c1cnc2sc(nc21)-c1ccccc1 is invalid
15:39:29 <WARN> "get_largest_fragment" filter: CC(F)Oc1ccc(cc1Cl)C1CC2(CN1)c1c3ccccc3cc3ccc1c2c35 is invalid
15:39:29 <WARN> "general_cleanup" filter: CC(F)Oc1ccc(cc1Cl)C1CC2(CN1)c1c3ccccc3cc3ccc1c2c35 is invalid
15:39:29 <WARN> "general_cleanup" filter: CC(F)Oc1ccc(cc1Cl)C1CC2(CN1)c1c3ccccc3cc3ccc1c2c35 is invalid
15:39:29 <WARN> "get_largest_fragment" filter: Cc1nc(oc1-c1cc2c(cc3onc(C)c2c3[nH]n1)C1CCCC1)N1CCCC1=O is invalid
15:39:29 <WARN> "general_cleanup" filter: Cc1nc(oc1-c1cc2c(cc3onc(C)c2c3[nH]n1)C1CCCC1)N1CCCC1=O is invalid
15:39:29 <WARN> "general_cleanup" filter: Cc1nc(oc1-c1cc2c(cc3onc(C)c2c3[nH]n1)C1CCCC1)N1CCCC1=O is invalid
15:39:29 <WARN> "get_largest_fragment" filter: ON=C1C(COc2ccccc2)NC(=O)c2cc3NC(=O)Nc2c13 is invalid
15:39:29 <WARN> "general_cleanup" filter: ON=C1C(COc2ccccc2)NC(=O)c2cc3NC(=O)Nc2c13 is invalid
15:39:29 <WARN> "general_cleanup" filter: ON=C1C(COc2ccccc2)NC(=O)c2cc3NC(=O)Nc2c13 is invalid
15:39:29 <WARN> "get_largest_fragment" filter: CC12CCC(OC(=O)c3ccccc3)C(C)(O)C1CCC2CCC(OO)C=C)C1CCC(O)C2(C)CCC3(C)C(CCC3C2c2ccccc2)C1 is invalid
15:39:29 <WARN> "general_cleanup" filter: CC12CCC(OC(=O)c3ccccc3)C(C)(O)C1CCC2CCC(OO)C=C)C1CCC(O)C2(C)CCC3(C)C(CCC3C2c2ccccc2)C1 is invalid
15:39:29 <WARN> "general_cleanup" filter: CC12CCC(OC(=O)c3ccccc3)C(C)(O)C1CCC2CCC(OO)C=C)C1CCC(O)C2(C)CCC3(C)C(CCC3C2c2ccccc2)C1 is invalid
15:39:29 <WARN> "get_largest_fragment" filter: COC(=O)c1ccc2Oc3cnc(NS(=O)(=O)C(c4n[nH]c5C(=O)c4ccc(Cl)c(c4)-c2c3)C(C)(C)C)C(=O)N(CC)CC1O is invalid
15:39:29 <WARN> "general_cleanup" filter: COC(=O)c1ccc2Oc3cnc(NS(=O)(=O)C(c4n[nH]c5C(=O)c4ccc(Cl)c(c4)-c2c3)C(C)(C)C)C(=O)N(CC)CC1O is invalid
15:39:29 <WARN> "general_cleanup" filter: COC(=O)c1ccc2Oc3cnc(NS(=O)(=O)C(c4n[nH]c5C(=O)c4ccc(Cl)c(c4)-c2c3)C(C)(C)C)C(=O)N(CC)CC1O is invalid
15:39:29 <WARN> "get_largest_fragment" filter: COc1ccc(CC(C)Nc2ccnc(-c3ccco3)n2C)nc1 is invalid
15:39:29 <WARN> "general_cleanup" filter: COc1ccc(CC(C)Nc2ccnc(-c3ccco3)n2C)nc1 is invalid
15:39:29 <WARN> "general_cleanup" filter: COc1ccc(CC(C)Nc2ccnc(-c3ccco3)n2C)nc1 is invalid
15:39:29 <WARN> "get_largest_fragment" filter: Fc1ccc2c(Nc3ccc4C(=O)N(C(=O)c6cc5cccc(O)c45)c34)c(Cc3ccc(Cl)c(c3)N(=O)=O)cc2n1 is invalid
15:39:29 <WARN> "general_cleanup" filter: Fc1ccc2c(Nc3ccc4C(=O)N(C(=O)c6cc5cccc(O)c45)c34)c(Cc3ccc(Cl)c(c3)N(=O)=O)cc2n1 is invalid
15:39:29 <WARN> "general_cleanup" filter: Fc1ccc2c(Nc3ccc4C(=O)N(C(=O)c6cc5cccc(O)c45)c34)c(Cc3ccc(Cl)c(c3)N(=O)=O)cc2n1 is invalid
15:39:29 <WARN> "get_largest_fragment" filter: OCC1Cc2c(nn3ccc(cc3c2C(N)=N1)-c1ccc(F)cc1)-c1ccc(F)cc1 is invalid
15:39:29 <WARN> "general_cleanup" filter: OCC1Cc2c(nn3ccc(cc3c2C(N)=N1)-c1ccc(F)cc1)-c1ccc(F)cc1 is invalid
15:39:29 <WARN> "general_cleanup" filter: OCC1Cc2c(nn3ccc(cc3c2C(N)=N1)-c1ccc(F)cc1)-c1ccc(F)cc1 is invalid
15:39:29 <WARN> "get_largest_fragment" filter: CC(C)c1nc2c(C=NNC2=N)ccc1Cl is invalid
15:39:29 <WARN> "general_cleanup" filter: CC(C)c1nc2c(C=NNC2=N)ccc1Cl is invalid
15:39:29 <WARN> "general_cleanup" filter: CC(C)c1nc2c(C=NNC2=N)ccc1Cl is invalid
15:39:29 <WARN> "get_largest_fragment" filter: COC(CCN1C(C)CN(CCc2ccccn2)=NC(N)=N1)C1CCn2ncc(C(=O)Nc3ccnc4ccccc34)c2C1=O is invalid
15:39:29 <WARN> "general_cleanup" filter: COC(CCN1C(C)CN(CCc2ccccn2)=NC(N)=N1)C1CCn2ncc(C(=O)Nc3ccnc4ccccc34)c2C1=O is invalid
15:39:29 <WARN> "general_cleanup" filter: COC(CCN1C(C)CN(CCc2ccccn2)=NC(N)=N1)C1CCn2ncc(C(=O)Nc3ccnc4ccccc34)c2C1=O is invalid
15:39:29 <WARN> "get_largest_fragment" filter: CCCCNC(=O)CNC1CCCCCC1)c1ccccc1 is invalid
15:39:29 <WARN> "general_cleanup" filter: CCCCNC(=O)CNC1CCCCCC1)c1ccccc1 is invalid
15:39:29 <WARN> "general_cleanup" filter: CCCCNC(=O)CNC1CCCCCC1)c1ccccc1 is invalid
15:39:29 <WARN> "get_largest_fragment" filter: Cc1ccc2c(Cc3ccc3n(nc3c3CN4C(Cc23)N(=O)=O)N(=O)=O)c1 is invalid
15:39:29 <WARN> "general_cleanup" filter: Cc1ccc2c(Cc3ccc3n(nc3c3CN4C(Cc23)N(=O)=O)N(=O)=O)c1 is invalid
15:39:29 <WARN> "general_cleanup" filter: Cc1ccc2c(Cc3ccc3n(nc3c3CN4C(Cc23)N(=O)=O)N(=O)=O)c1 is invalid
15:39:29 <WARN> "get_largest_fragment" filter: O=C(NCCCc1ccccc1)C1Oc2ncnc(N3CCN(CC3)c3c[nH]c4ccccc34)n2Cc2ccccc2OC1=O is invalid
15:39:29 <WARN> "general_cleanup" filter: O=C(NCCCc1ccccc1)C1Oc2ncnc(N3CCN(CC3)c3c[nH]c4ccccc34)n2Cc2ccccc2OC1=O is invalid
15:39:29 <WARN> "general_cleanup" filter: O=C(NCCCc1ccccc1)C1Oc2ncnc(N3CCN(CC3)c3c[nH]c4ccccc34)n2Cc2ccccc2OC1=O is invalid
15:39:29 <WARN> "get_largest_fragment" filter: COC(=O)C=Cc1cn([n+]([O-])c2ccccc12)N1CCN(C)CC1 is invalid
15:39:29 <WARN> "general_cleanup" filter: COC(=O)C=Cc1cn([n+]([O-])c2ccccc12)N1CCN(C)CC1 is invalid
15:39:29 <WARN> "general_cleanup" filter: COC(=O)C=Cc1cn([n+]([O-])c2ccccc12)N1CCN(C)CC1 is invalid
15:39:29 <WARN> "get_largest_fragment" filter: Cc1oc(C(=O)c2csc(C)n2)n1 is invalid
15:39:29 <WARN> "general_cleanup" filter: Cc1oc(C(=O)c2csc(C)n2)n1 is invalid
15:39:29 <WARN> "general_cleanup" filter: Cc1oc(C(=O)c2csc(C)n2)n1 is invalid
15:39:29 <WARN> "get_largest_fragment" filter: COCCCNc1ncnc2n(Cc3cn(Cc4ccccc4)nnc3n(C)c12)-c1ccc(C)cc1 is invalid
15:39:29 <WARN> "general_cleanup" filter: COCCCNc1ncnc2n(Cc3cn(Cc4ccccc4)nnc3n(C)c12)-c1ccc(C)cc1 is invalid
15:39:29 <WARN> "general_cleanup" filter: COCCCNc1ncnc2n(Cc3cn(Cc4ccccc4)nnc3n(C)c12)-c1ccc(C)cc1 is invalid
15:39:29 <WARN> "get_largest_fragment" filter: CCCN1C(=O)C([N+](=C)=C1CC1=C(O)NC(C)=C(C#N)C(N1)c1ccccc1)c1ccc(Br)cc1 is invalid
15:39:29 <WARN> "general_cleanup" filter: CCCN1C(=O)C([N+](=C)=C1CC1=C(O)NC(C)=C(C#N)C(N1)c1ccccc1)c1ccc(Br)cc1 is invalid
15:39:29 <WARN> "general_cleanup" filter: CCCN1C(=O)C([N+](=C)=C1CC1=C(O)NC(C)=C(C#N)C(N1)c1ccccc1)c1ccc(Br)cc1 is invalid
15:39:29 <WARN> "get_largest_fragment" filter: CCC=CC=CC(=O)N1C(Cc2ccc-3c(Cc4ccccc-34)c2C)=Nc2ncc(NCC3CS(=O)(C)CC3)o2 is invalid
15:39:29 <WARN> "general_cleanup" filter: CCC=CC=CC(=O)N1C(Cc2ccc-3c(Cc4ccccc-34)c2C)=Nc2ncc(NCC3CS(=O)(C)CC3)o2 is invalid
15:39:29 <WARN> "general_cleanup" filter: CCC=CC=CC(=O)N1C(Cc2ccc-3c(Cc4ccccc-34)c2C)=Nc2ncc(NCC3CS(=O)(C)CC3)o2 is invalid
15:39:29 <WARN> "get_largest_fragment" filter: FC(F)(F)Nc1ccc2n(Cl)c(-c3ccc4occc4c3)c2n1 is invalid
15:39:29 <WARN> "general_cleanup" filter: FC(F)(F)Nc1ccc2n(Cl)c(-c3ccc4occc4c3)c2n1 is invalid
15:39:29 <WARN> "general_cleanup" filter: FC(F)(F)Nc1ccc2n(Cl)c(-c3ccc4occc4c3)c2n1 is invalid
15:39:29 <WARN> "get_largest_fragment" filter: CC1(C)Oc2c(OC(NC(=O)c3ccc(O)c(N)c3)c3nc5ccccc4nc3-c2c1)C(O)=O is invalid
15:39:29 <WARN> "general_cleanup" filter: CC1(C)Oc2c(OC(NC(=O)c3ccc(O)c(N)c3)c3nc5ccccc4nc3-c2c1)C(O)=O is invalid
15:39:29 <WARN> "general_cleanup" filter: CC1(C)Oc2c(OC(NC(=O)c3ccc(O)c(N)c3)c3nc5ccccc4nc3-c2c1)C(O)=O is invalid
15:39:29 <WARN> "get_largest_fragment" filter: CN1C(=CC(N)C(N)=O)c2ccon12 is invalid
15:39:29 <WARN> "general_cleanup" filter: CN1C(=CC(N)C(N)=O)c2ccon12 is invalid
15:39:29 <WARN> "general_cleanup" filter: CN1C(=CC(N)C(N)=O)c2ccon12 is invalid
15:39:29 <WARN> "get_largest_fragment" filter: CCSc1nnc(CCCCCCC2=CC=CC=C3N(C)N=C(N)N(CCc4cccs4)C2=O)n(C3=O)c1 is invalid
15:39:29 <WARN> "general_cleanup" filter: CCSc1nnc(CCCCCCC2=CC=CC=C3N(C)N=C(N)N(CCc4cccs4)C2=O)n(C3=O)c1 is invalid
15:39:29 <WARN> "general_cleanup" filter: CCSc1nnc(CCCCCCC2=CC=CC=C3N(C)N=C(N)N(CCc4cccs4)C2=O)n(C3=O)c1 is invalid
15:39:29 <WARN> "get_largest_fragment" filter: CC(C)CN1C(=S)NC(c2cc(C=O)c3cc(oc3cc2C2CC2)C1=N)C(=O)OCC(=O)Nc1ccc(Cl)c(Cl)c1 is invalid
15:39:29 <WARN> "general_cleanup" filter: CC(C)CN1C(=S)NC(c2cc(C=O)c3cc(oc3cc2C2CC2)C1=N)C(=O)OCC(=O)Nc1ccc(Cl)c(Cl)c1 is invalid
15:39:29 <WARN> "general_cleanup" filter: CC(C)CN1C(=S)NC(c2cc(C=O)c3cc(oc3cc2C2CC2)C1=N)C(=O)OCC(=O)Nc1ccc(Cl)c(Cl)c1 is invalid
15:39:29 <WARN> "get_largest_fragment" filter: Cc1nc(CN2CC3CC(C2)C2=C(C#N)C(=NC(C)=C(Br)N23)c2ccco2)s1 is invalid
15:39:29 <WARN> "general_cleanup" filter: Cc1nc(CN2CC3CC(C2)C2=C(C#N)C(=NC(C)=C(Br)N23)c2ccco2)s1 is invalid
15:39:29 <WARN> "general_cleanup" filter: Cc1nc(CN2CC3CC(C2)C2=C(C#N)C(=NC(C)=C(Br)N23)c2ccco2)s1 is invalid
15:39:29 <WARN> "get_largest_fragment" filter: FC(F)(F)c1ccccc1NC1=Nc2c(Nc3ccccc3Cl)c3ncncc3c2C(=O)N1c1ccccc1 is invalid
15:39:29 <WARN> "general_cleanup" filter: FC(F)(F)c1ccccc1NC1=Nc2c(Nc3ccccc3Cl)c3ncncc3c2C(=O)N1c1ccccc1 is invalid
15:39:29 <WARN> "general_cleanup" filter: FC(F)(F)c1ccccc1NC1=Nc2c(Nc3ccccc3Cl)c3ncncc3c2C(=O)N1c1ccccc1 is invalid
15:39:29 <WARN> "get_largest_fragment" filter: COc1cccc3C(=O)c2cc(OC)c(OC)cc12 is invalid
15:39:29 <WARN> "general_cleanup" filter: COc1cccc3C(=O)c2cc(OC)c(OC)cc12 is invalid
15:39:29 <WARN> "general_cleanup" filter: COc1cccc3C(=O)c2cc(OC)c(OC)cc12 is invalid
15:39:29 <WARN> "get_largest_fragment" filter: CS(=O)(=O)N1CCN(CC1)C=C1c2ccccc2Sc2c3CCCc3cc12 is invalid
15:39:29 <WARN> "general_cleanup" filter: CS(=O)(=O)N1CCN(CC1)C=C1c2ccccc2Sc2c3CCCc3cc12 is invalid
15:39:29 <WARN> "general_cleanup" filter: CS(=O)(=O)N1CCN(CC1)C=C1c2ccccc2Sc2c3CCCc3cc12 is invalid
15:39:29 <WARN> "get_largest_fragment" filter: CSc1nc(cc(Cn1ncn1)-c1ccc(F)cc1)S(=O)(=O)c1cc(Cl)ccc1OC is invalid
15:39:29 <WARN> "general_cleanup" filter: CSc1nc(cc(Cn1ncn1)-c1ccc(F)cc1)S(=O)(=O)c1cc(Cl)ccc1OC is invalid
15:39:29 <WARN> "general_cleanup" filter: CSc1nc(cc(Cn1ncn1)-c1ccc(F)cc1)S(=O)(=O)c1cc(Cl)ccc1OC is invalid
15:39:29 <WARN> "get_largest_fragment" filter: O=C(NCc1ccccc1)N1CCN(Cc2cnn3cccc(Nc2c15)c1ccccc1)c3 is invalid
15:39:29 <WARN> "general_cleanup" filter: O=C(NCc1ccccc1)N1CCN(Cc2cnn3cccc(Nc2c15)c1ccccc1)c3 is invalid
15:39:29 <WARN> "general_cleanup" filter: O=C(NCc1ccccc1)N1CCN(Cc2cnn3cccc(Nc2c15)c1ccccc1)c3 is invalid
15:39:29 <WARN> "get_largest_fragment" filter: Cc1sc(C)cc1C(=O)c1ccc-2c(Cc3cc(F)cccc23)c1OC is invalid
15:39:29 <WARN> "general_cleanup" filter: Cc1sc(C)cc1C(=O)c1ccc-2c(Cc3cc(F)cccc23)c1OC is invalid
15:39:29 <WARN> "general_cleanup" filter: Cc1sc(C)cc1C(=O)c1ccc-2c(Cc3cc(F)cccc23)c1OC is invalid
15:39:29 <WARN> "get_largest_fragment" filter: CC(C)CN1N=Nc2ncn3C(CCc2c1C3)c1ccc(F)cc1 is invalid
15:39:29 <WARN> "general_cleanup" filter: CC(C)CN1N=Nc2ncn3C(CCc2c1C3)c1ccc(F)cc1 is invalid
15:39:29 <WARN> "general_cleanup" filter: CC(C)CN1N=Nc2ncn3C(CCc2c1C3)c1ccc(F)cc1 is invalid
15:39:29 <WARN> "get_largest_fragment" filter: Oc1cccc(NC(=N)NC23CC4CC(CC(C5)C2)C4)cc1 is invalid
15:39:29 <WARN> "general_cleanup" filter: Oc1cccc(NC(=N)NC23CC4CC(CC(C5)C2)C4)cc1 is invalid
15:39:29 <WARN> "general_cleanup" filter: Oc1cccc(NC(=N)NC23CC4CC(CC(C5)C2)C4)cc1 is invalid
15:39:29 <WARN> "get_largest_fragment" filter: O=C(NN=C1NN=C2CN(C12)c1nc2cccc3ccccc2c3[nH]1)c1cccnc1 is invalid
15:39:29 <WARN> "general_cleanup" filter: O=C(NN=C1NN=C2CN(C12)c1nc2cccc3ccccc2c3[nH]1)c1cccnc1 is invalid
15:39:29 <WARN> "general_cleanup" filter: O=C(NN=C1NN=C2CN(C12)c1nc2cccc3ccccc2c3[nH]1)c1cccnc1 is invalid
15:39:29 <WARN> "get_largest_fragment" filter: CN(C)c1ccc(COC(=O)N2CCCC(C2)n2ncc3cc(nc4ccc(NC(=O)C(N)C(=O)NCC4CCC5)c24)c(O)c3C(=O)C=CC2CCCCC2)c1 is invalid
15:39:29 <WARN> "general_cleanup" filter: CN(C)c1ccc(COC(=O)N2CCCC(C2)n2ncc3cc(nc4ccc(NC(=O)C(N)C(=O)NCC4CCC5)c24)c(O)c3C(=O)C=CC2CCCCC2)c1 is invalid
15:39:29 <WARN> "general_cleanup" filter: CN(C)c1ccc(COC(=O)N2CCCC(C2)n2ncc3cc(nc4ccc(NC(=O)C(N)C(=O)NCC4CCC5)c24)c(O)c3C(=O)C=CC2CCCCC2)c1 is invalid
15:39:29 <WARN> "get_largest_fragment" filter: COC(=O)c1c(NC(=O)C(=C(NS(=O)(=O)c2c(C)cccc2C)NC(=O)OC)n2cnnc2)c(C)o1 is invalid
15:39:29 <WARN> "general_cleanup" filter: COC(=O)c1c(NC(=O)C(=C(NS(=O)(=O)c2c(C)cccc2C)NC(=O)OC)n2cnnc2)c(C)o1 is invalid
15:39:29 <WARN> "general_cleanup" filter: COC(=O)c1c(NC(=O)C(=C(NS(=O)(=O)c2c(C)cccc2C)NC(=O)OC)n2cnnc2)c(C)o1 is invalid
15:39:30 <INFO> Registered scoring component ROCSSimilarity
15:39:30 <INFO> Registered scoring component GroupCount
15:39:30 <INFO> Registered scoring component FragmentQed
15:39:30 <INFO> Registered scoring component FragmentSlogP
15:39:30 <INFO> Registered scoring component FragmentMolecularWeight
15:39:30 <INFO> Registered scoring component FragmentTPSA
15:39:30 <INFO> Registered scoring component FragmentDistanceMatrix
15:39:30 <INFO> Registered scoring component FragmentNumAtomStereoCenters
15:39:30 <INFO> Registered scoring component FragmentHBondAcceptors
15:39:30 <INFO> Registered scoring component FragmentHBondDonors
15:39:30 <INFO> Registered scoring component FragmentNumRotBond
15:39:30 <INFO> Registered scoring component FragmentCsp3
15:39:30 <INFO> Registered scoring component Fragmentnumsp
15:39:30 <INFO> Registered scoring component Fragmentnumsp2
15:39:30 <INFO> Registered scoring component Fragmentnumsp3
15:39:30 <INFO> Registered scoring component FragmentEffectiveLength
15:39:30 <INFO> Registered scoring component FragmentGraphLength
15:39:30 <INFO> Registered scoring component FragmentLengthRatio
15:39:30 <INFO> Registered scoring component FragmentNumHeavyAtoms
15:39:30 <INFO> Registered scoring component FragmentNumHeteroAtoms
15:39:30 <INFO> Registered scoring component FragmentNumRings
15:39:30 <INFO> Registered scoring component FragmentNumAromaticRings
15:39:30 <INFO> Registered scoring component FragmentNumAliphaticRings
15:39:30 <INFO> Registered scoring component FragmentSlogP
15:39:30 <INFO> Registered scoring component MatchingSubstructure
15:39:30 <INFO> Registered scoring component MolVolume
15:39:30 <INFO> Registered scoring component Qed
15:39:30 <INFO> Registered scoring component LargestRingSize
15:39:30 <INFO> Registered scoring component MolecularWeight
15:39:30 <INFO> Registered scoring component GraphLength
15:39:30 <INFO> Registered scoring component NumAtomStereoCenters
15:39:30 <INFO> Registered scoring component HBondAcceptors
15:39:30 <INFO> Registered scoring component HBondDonors
15:39:30 <INFO> Registered scoring component NumRotBond
15:39:30 <INFO> Registered scoring component Csp3
15:39:30 <INFO> Registered scoring component numsp
15:39:30 <INFO> Registered scoring component numsp2
15:39:30 <INFO> Registered scoring component numsp3
15:39:30 <INFO> Registered scoring component NumHeavyAtoms
15:39:30 <INFO> Registered scoring component NumHeteroAtoms
15:39:30 <INFO> Registered scoring component NumRings
15:39:30 <INFO> Registered scoring component NumAromaticRings
15:39:30 <INFO> Registered scoring component NumAliphaticRings
15:39:30 <INFO> Registered scoring component SlogP
15:39:30 <INFO> Registered scoring component LargestRingSize
15:39:30 <INFO> Registered scoring component PMI
15:39:30 <INFO> Registered scoring component RDKitDescriptors
15:39:30 <INFO> Registered scoring component TanimotoSimilarity
15:39:30 <INFO> Registered scoring component TanimotoDistance
15:39:30 <INFO> Registered scoring component TPSA
15:39:30 <INFO> Registered scoring component SAScore
15:39:31 <ERRO> Component reinvent_plugins.components.comp_chemprop could not be imported: only Chemprop v1 supported
15:39:31 <INFO> Registered scoring component ChemProp2
15:39:31 <INFO> Registered scoring component CustomAlerts
15:39:31 <INFO> Registered scoring component DockStream
15:39:31 <INFO> Registered scoring component ExternalProcess
15:39:31 <INFO> Registered scoring component REST
15:39:31 <INFO> Registered scoring component Icolos
15:39:31 <INFO> Registered scoring component MMP
15:39:31 <INFO> Registered scoring component Qptuna
15:39:31 <INFO> Registered scoring component ReactionFilter
15:39:31 <INFO> Registered scoring component RingPrecedence
15:39:31 <INFO> Registered scoring component Maize
15:39:31 <INFO> Registered scoring component SynthSense
15:39:31 <INFO> Registered scoring component CAZP
15:39:31 <INFO> Creating scoring component MolecularWeight
15:39:31 <INFO> Creating scoring component NumHeavyAtoms
15:39:31 <INFO> Creating scoring component HBondAcceptors
15:39:31 <INFO> Creating scoring component HBondDonors
15:39:31 <INFO> Creating scoring component NumAromaticRings
15:39:31 <INFO> Creating scoring component SlogP
15:39:31 <INFO> Creating scoring component NumRotBond
15:39:31 <INFO> Creating scoring component SAScore
15:39:41 <INFO> Number of SMILES processed: 10000
15:39:41 <INFO> Writing scoring results to /home/wouter/VECMA/GLAS/scoring/scoring_baseline.csv
15:39:41 <INFO> Peak main memory usage: 906.355 MiB
15:39:41 <INFO> Finished REINVENT on 2026-10-06
